ply
format ascii 1.0
element vertex 22122
property float x
property float y
property float z
property uchar red
property uchar green
property uchar blue
end_header
-9.54631 -11.8736 151.351 0 255 0
2.89121 -11.0609 149.5 0 255 0
-63.9639 -43.3335 135.941 0 255 0
-73.7987 -44.7738 139.063 0 255 0
-27.3124 -20.0937 145.32 0 255 0
-42.496 -18.5609 164.795 0 255 0
-54.4273 -17.9408 163.51 0 255 0
-21.0152 -17.501 147.553 0 255 0
-55.7285 -39.4338 138.051 0 255 0
-70.6337 -44.3206 138.979 0 255 0
-9.11285 -11.591 148.197 0 255 0
-2.77426 -11.6928 150.883 0 255 0
-34.0761 -25.1593 142.633 0 255 0
-39.958 -18.2371 163.221 0 255 0
-40.157 -17.8591 163.115 0 255 0
-7.0097 -12.4584 149.117 0 255 0
-62.5252 36.6546 -37.663  255 255 255
21.827 -15.4286 20.8139  255 255 255
51.3029 -0.259197 -6.04318  255 255 255
51.5051 -1.39815 -6.42631  255 255 255
44.3801 75.4752 -87.4953  255 255 255
-10.609 -5.70319 30.3541  255 255 255
17.9748 36.9668 -75.6321  255 255 255
-9.51204 -8.47403 32.6594  255 255 255
-14.0577 -5.44007 27.8609  255 255 255
-50.8524 42.7542 -43.6296  255 255 255
19.8737 60.7927 -82.505  255 255 255
-54.4876 36.9504 -45.8722  255 255 255
-30.6151 -53.8299 30.5866  255 255 255
-54.0828 39.8538 -42.7592  255 255 255
-73.656 16.5352 -46.3531  255 255 255
-65.9902 27.936 -45.243  255 255 255
-62.6785 30.3778 -45.4846  255 255 255
-79.9703 40.4659 -24.5508  255 255 255
-67.1445 40.5943 -31.7796  255 255 255
-77.6458 29.6524 -35.3162  255 255 255
-82.3295 24.1039 -36.2458  255 255 255
-81.6996 23.0704 -37.9127  255 255 255
-72.8396 38.1557 -30.9952  255 255 255
-67.8131 38.5285 -34.1229  255 255 255
-77.8764 33.7444 -31.4236  255 255 255
-66.9036 40.3518 -33.1638  255 255 255
-75.9413 37.0728 -29.7869  255 255 255
-69.9708 32.8941 -34.8497  255 255 255
-62.6828 31.3113 -44.866  255 255 255
11.3933 -33.1552 33.0057  255 255 255
-43.1845 47.1149 -45.7373  255 255 255
-71.7388 31.87 -36.7621  255 255 255
-62.1735 33.4676 -43.0587  255 255 255
-60.2907 40.9718 -37.7057  255 255 255
-67.2675 39.8538 -32.8501  255 255 255
-55.5963 39.3687 -42.7605  255 255 255
-55.3608 39.9648 -42.5635  255 255 255
-73.8282 26.3513 -45.2251  255 255 255
-77.9793 39.9574 -24.9966  255 255 255
-57.5476 48.2521 -33.0936  255 255 255
-27.1521 55.8156 -50.2148  255 255 255
-12.014 62.8939 -55.1845  255 255 255
9.82461 69.0666 -67.3949  255 255 255
-28.412 57.8173 -47.6173  255 255 255
-39.2271 54.1426 -42.3813  255 255 255
-2.02581 67.3224 -59.5605  255 255 255
1.86067 -16.4376 36.1598  255 255 255
-4.46973 -6.44421 34.0573  255 255 255
-20.5249 -3.8344 13.7389  255 255 255
47.6483 8.63415 -8.96172  255 255 255
-9.50698 -1.85769 27.837  255 255 255
4.65082 -6.91219 32.1718  255 255 255
-0.978343 -7.84047 34.1108  255 255 255
-4.29207 -7.71078 33.912  255 255 255
20.5197 60.2211 -82.8932  255 255 255
-9.81156 -3.24102 28.859  255 255 255
-7.22424 -9.09594 33.9041  255 255 255
20.5198 60.2213 -82.8931  255 255 255
48.7273 29.6019 -32.8396  255 255 255
20.3212 55.2539 -87.4234  255 255 255
-15.2603 -13.0036 30.1673  255 255 255
-8.42413 49.6445 -70.0835  255 255 255
46.6249 8.05992 -11.075  255 255 255
-8.46068 -25.665 35.7793  255 255 255
-20.4901 -31.9783 27.9839  255 255 255
1.38536 -32.1774 38.0868  255 255 255
-0.483764 -8.41122 34.5229  255 255 255
-6.72544 -20.0634 35.0182  255 255 255
-6.23745 -23.2384 34.8726  255 255 255
49.8434 6.34446 -5.18351  255 255 255
-2.38068 -20.5388 35.5922  255 255 255
57.6569 -21.2305 -5.66254  255 255 255
-8.84559 -21.2902 33.9756  255 255 255
6.09318 -0.0180113 23.1547  255 255 255
18.1991 32.7376 -68.6397  255 255 255
0.990855 -22.2315 34.9253  255 255 255
-8.79405 -20.6959 34.1885  255 255 255
-9.02008 -22.0787 33.7374  255 255 255
24.8144 67.1366 -80.6505  255 255 255
40.5644 69.2063 -89.439  255 255 255
51.0157 1.88287 -4.94556  255 255 255
-1.147 -22.0352 35.1336  255 255 255
5.56703 51.4951 -79.6029  255 255 255
2.87555 -12.5015 35.2088  255 255 255
-3.9777 -17.2136 35.9257  255 255 255
-4.01709 -18.2787 35.9745  255 255 255
2.37149 -20.2104 35.2907  255 255 255
-11.699 -17.2396 33.0962  255 255 255
-13.2927 -17.3344 32.1222  255 255 255
1.03087 45.7674 -81.1726  255 255 255
47.5089 11.7268 -6.7796  255 255 255
-81.3682 35.3333 -26.6357  255 255 255
-36.0789 -52.3491 29.2109  255 255 255
-75.2382 34.8807 -32.0804  255 255 255
-80.9201 31.7149 -30.4403  255 255 255
-57.3566 46.5842 -34.9214  255 255 255
-60.617 44.2594 -33.8098  255 255 255
-58.7389 39.0284 -40.824  255 255 255
-75.0752 37.57 -30.1486  255 255 255
-78.7415 39.3596 -24.8611  255 255 255
-67.52 37.6777 -35.2066  255 255 255
-65.8519 45.5851 -29.0651  255 255 255
-69.7478 36.8072 -34.6015  255 255 255
-75.1404 41.383 -25.7129  255 255 255
-65.5974 43.9571 -30.7138  255 255 255
-69.3882 37.5858 -33.4557  255 255 255
-72.9625 34.8653 -29.7207  255 255 255
-78.4557 40.7369 -25.0031  255 255 255
-24.1455 -3.06757 8.5082  255 255 255
-66.5449 40.9759 -32.6971  255 255 255
-54.169 41.5358 -41.7213  255 255 255
-8.93038 -31.3 37.3895  255 255 255
-12.1454 -30.7112 36.2835  255 255 255
-8.6009 -31.3113 37.5662  255 255 255
-9.80886 -4.53836 29.9373  255 255 255
-16.969 -7.70939 26.42  255 255 255
-3.29728 60.1646 -64.9116  255 255 255
-1.53908 -12.4952 35.8483  255 255 255
-17.5559 55.1927 -58.4321  255 255 255
47.6933 12.3875 -6.32692  255 255 255
-12.2826 56.4 -61.4127  255 255 255
-18.1764 55.2586 -57.3733  255 255 255
-2.55265 -13.5367 35.931  255 255 255
48.9896 2.33361 -9.30497  255 255 255
-16.1691 57.0521 -57.5123  255 255 255
6.88039 54.4912 -77.5936  255 255 255
37.1639 76.1593 -81.7109  255 255 255
-27.8124 54.2482 -50.6205  255 255 255
-2.13542 -16.2734 36.1725  255 255 255
1.15096 -12.4249 35.6779  255 255 255
48.6556 31.1017 -32.1217  255 255 255
37.0138 72.2847 -84.9525  255 255 255
-0.385608 -7.25808 33.6346  255 255 255
15.6591 72.0867 -68.478  255 255 255
-4.47156 67.6929 -57.3909  255 255 255
48.813 36.842 -28.7976  255 255 255
1.42276 -9.57153 34.858  255 255 255
51.4573 28.4141 -27.2223  255 255 255
-12.6399 -14.392 32.4449  255 255 255
50.9907 -1.79326 -7.97088  255 255 255
49.7975 70.5293 -95.8837  255 255 255
-19.7244 48.8902 -55.2763  255 255 255
-15.3207 -3.30079 24.7402  255 255 255
20.7493 62.7771 -80.2791  255 255 255
17.7232 72.0574 -70.3213  255 255 255
-12.0262 -15.2086 33.1104  255 255 255
-9.25289 -13.468 34.291  255 255 255
-5.11755 -16.0984 35.7903  255 255 255
-8.37798 -12.4375 34.4608  255 255 255
20.3517 66.3528 -77.7394  255 255 255
-6.46108 57.3758 -64.9201  255 255 255
39.5858 74.9867 -84.3333  255 255 255
6.88582 63.51 -68.6893  255 255 255
27.5652 73.6661 -76.9808  255 255 255
37.0541 73.427 -84.0872  255 255 255
3.92528 -12.0632 34.983  255 255 255
0.212556 -12.6582 35.8848  255 255 255
36.1182 72.0239 -84.7603  255 255 255
53.4581 79.4373 -91.2546  255 255 255
-8.40172 -13.0802 34.581  255 255 255
-1.19649 -11.9756 35.7462  255 255 255
59.1032 81.3155 -93.1799  255 255 255
48.8412 32.0029 -31.8555  255 255 255
25.5234 62.3879 -85.2154  255 255 255
29.7357 62.5643 -88.1665  255 255 255
-9.91141 -16.1545 34.1231  255 255 255
36.4039 74.2134 -83.1303  255 255 255
44.837 76.5311 -86.7621  255 255 255
-8.36424 -12.4255 34.4916  255 255 255
50.569 26.0604 -30.8134  255 255 255
-26.3081 54.4453 -51.9923  255 255 255
1.04974 60.7473 -67.6634  255 255 255
-0.87773 -17.5 36.1872  255 255 255
-27.099 59.3503 -47.1182  255 255 255
-4.16856 66.7471 -58.4945  255 255 255
-24.4262 52.2134 -55.444  255 255 255
-26.2262 55.3656 -51.3947  255 255 255
48.9046 2.9906 -9.3253  255 255 255
49.3532 30.1223 -30.9826  255 255 255
-9.56545 -5.57938 30.6292  255 255 255
-9.45638 54.1898 -65.2652  255 255 255
-4.70424 -9.36278 34.5833  255 255 255
-6.48203 -14.2383 35.3253  255 255 255
-19.6463 49.5765 -55.4844  255 255 255
13.5654 65.7041 -72.8919  255 255 255
6.97324 55.3309 -76.855  255 255 255
-16.907 -10.2256 27.7492  255 255 255
-10.1565 -5.66394 30.5405  255 255 255
-28.188 48.1433 -56.534  255 255 255
-27.1568 55.7999 -50.1311  255 255 255
-16.2429 54.0692 -60.6167  255 255 255
-13.7835 -9.36002 30.3448  255 255 255
34.7113 75.6869 -80.0763  255 255 255
-5.431 -13.5535 35.4978  255 255 255
-13.0099 55.1548 -62.0971  255 255 255
-11.3957 -6.6692 30.1908  255 255 255
1.87717 67.7812 -61.9181  255 255 255
-6.02701 -15.8423 35.5903  255 255 255
-16.8464 57.4022 -57.1315  255 255 255
50.1834 6.85968 -3.7374  255 255 255
5.09041 -14.632 35.181  255 255 255
-8.39428 -8.80551 33.2832  255 255 255
48.1565 10.4541 -6.68817  255 255 255
4.69984 -9.44689 33.8401  255 255 255
48.9896 2.33361 -9.30497  255 255 255
-7.24316 -15.2509 35.1886  255 255 255
-2.8015 -9.61333 35.0982  255 255 255
-10.0504 59.4645 -59.9762  255 255 255
-9.58577 49.962 -69.0614  255 255 255
-5.9034 67.2504 -56.6398  255 255 255
-3.21977 -10.1744 35.115  255 255 255
-4.14275 59.5505 -64.4388  255 255 255
-15.2171 59.9575 -55.8034  255 255 255
-6.13379 62.2357 -60.5686  255 255 255
-7.18198 -13.4234 35.0346  255 255 255
-5.90045 67.2011 -56.5192  255 255 255
-8.83859 -15.2352 34.6053  255 255 255
-2.24254 -9.67208 35.1084  255 255 255
-5.36863 63.7824 -59.906  255 255 255
35.7901 75.7781 -81.0141  255 255 255
-7.23864 -6.65535 32.8952  255 255 255
-5.20312 -5.78552 32.2871  255 255 255
-4.64152 -13.6854 35.6848  255 255 255
50.5375 30.6448 -28.1497  255 255 255
-12.1154 -5.37377 29.2262  255 255 255
50.9468 -3.63141 -9.13238  255 255 255
19.5213 61.4499 -81.2154  255 255 255
1.17974 61.3449 -65.8651  255 255 255
-25.1666 51.5947 -55.7625  255 255 255
51.2185 0.0785584 -5.91935  255 255 255
58.4957 81.1289 -93.7385  255 255 255
47.1757 34.5074 -33.3636  255 255 255
45.9175 77.9558 -86.8528  255 255 255
-14.6918 -5.12326 27.1642  255 255 255
7.59618 -12.2723 33.6065  255 255 255
-12.4997 -13.4466 32.4615  255 255 255
-13.9202 -10.8076 30.9637  255 255 255
-3.26257 -13.1379 35.7925  255 255 255
48.0378 70.4168 -94.7989  255 255 255
-38.1008 53.7279 -43.4899  255 255 255
-13.504 54.3225 -62.3569  255 255 255
-25.0424 52.2826 -55.2602  255 255 255
-16.467 63.4597 -51.8154  255 255 255
-15.3693 64.3427 -51.789  255 255 255
19.8456 69.866 -74.2555  255 255 255
-4.76476 63.7436 -60.3134  255 255 255
-26.9152 58.3361 -48.2646  255 255 255
32.4379 73.8206 -80.6952  255 255 255
-26.6412 57.883 -49.0614  255 255 255
-47.7131 46.43 -42.5679  255 255 255
-7.31208 -26.2132 35.8411  255 255 255
-9.41416 -25.9161 35.3036  255 255 255
-18.5023 -31.9759 30.09  255 255 255
-13.3161 -31.0347 35.6234  255 255 255
-19.1629 -34.0026 28.6478  255 255 255
-32.1317 57.3446 -45.0033  255 255 255
-7.074 65.1188 -57.5597  255 255 255
46.5988 78.4677 -86.7657  255 255 255
2.74604 51.5176 -77.5272  255 255 255
-40.3347 39.8877 -54.2549  255 255 255
-6.44874 -8.4977 33.7854  255 255 255
-14.426 -4.17843 26.5492  255 255 255
-8.86395 -12.0454 34.1812  255 255 255
24.9945 73.3162 -75.2096  255 255 255
21.1652 66.6912 -78.5099  255 255 255
3.37106 51.2062 -77.8472  255 255 255
1.13232 2.53238 21.0873  255 255 255
-8.88198 -6.2068 31.5501  255 255 255
1.56152 -9.84951 34.8686  255 255 255
-4.03331 -10.4317 34.994  255 255 255
5.25089 -13.7018 34.9884  255 255 255
-6.00566 -11.5188 35.0405  255 255 255
-10.2019 -10.6512 33.2113  255 255 255
-5.03329 -20.1579 35.4351  255 255 255
8.02784 -23.6502 33.9878  255 255 255
-10.9 58.8294 -60.3284  255 255 255
-4.45221 58.0842 -65.9096  255 255 255
-24.1216 54.4693 -53.8368  255 255 255
49.0364 28.4552 -33.107  255 255 255
2.68257 53.1396 -75.9213  255 255 255
0.3372 2.43646 21.0356  255 255 255
5.16866 -8.1603 33.2011  255 255 255
0.41853 -8.1873 34.3245  255 255 255
-34.1434 38.3805 -60.2361  255 255 255
50.2272 -2.17926 -9.95726  255 255 255
-36.0125 35.0087 -62.068  255 255 255
5.41658 -12.9311 34.7192  255 255 255
6.04942 -13.4369 34.485  255 255 255
7.20475 -14.4468 34.29  255 255 255
-6.97158 -14.3119 35.2339  255 255 255
-6.23068 -14.6153 35.4026  255 255 255
-25.7641 -4.86103 10.5513  255 255 255
39.3247 69.3615 -87.2894  255 255 255
48.1845 34.8946 -31.1629  255 255 255
8.61123 60.8202 -67.03  255 255 255
-8.8897 59.1431 -60.8035  255 255 255
-11.2995 57.7024 -61.1281  255 255 255
-9.13769 57.3083 -62.6409  255 255 255
-9.15546 56.3588 -63.5644  255 255 255
-22.3193 53.984 -55.7509  255 255 255
3.59877 52.7629 -77.7728  255 255 255
-9.65729 47.6899 -71.3605  255 255 255
-31.6603 40.1908 -60.9818  255 255 255
-11.5651 -3.91127 28.3045  255 255 255
6.40645 -13.8255 34.3797  255 255 255
-6.49823 -12.4628 35.0512  255 255 255
-5.1095 -14.0358 35.6232  255 255 255
-35.417 53.4257 -46.1516  255 255 255
47.8921 2.9863 -11.8254  255 255 255
-13.3442 -7.36563 29.563  255 255 255
1.27425 -14.4944 35.9327  255 255 255
-10.6775 -15.6874 33.7999  255 255 255
-12.289 -15.8716 32.7663  255 255 255
-34.9307 52.3309 -47.3201  255 255 255
1.35238 -7.74112 33.9591  255 255 255
-10.4405 -12.4648 33.5402  255 255 255
-7.59809 -20.0969 34.7456  255 255 255
1.43748 -11.7374 35.3428  255 255 255
0.314595 -15.5631 36.1371  255 255 255
3.9015 -13.4761 35.0131  255 255 255
36.4697 75.0596 -82.3616  255 255 255
36.9262 74.5718 -82.8885  255 255 255
21.3084 70.1136 -75.0465  255 255 255
18.8477 71.1267 -72.0054  255 255 255
23.7469 70.6857 -76.1667  255 255 255
-2.96678 67.2183 -58.9885  255 255 255
-0.515403 68.0816 -60.1624  255 255 255
-31.4165 58.1942 -44.9257  255 255 255
23.8008 70.7461 -76.355  255 255 255
47.0225 8.95984 -8.29902  255 255 255
-49.0234 45.3351 -42.7582  255 255 255
-63.0337 33.2376 -42.5727  255 255 255
-53.9171 38.6643 -44.5394  255 255 255
-80.7659 28.9921 -33.0033  255 255 255
-52.2313 38.0369 -46.5668  255 255 255
-58.2635 38.6364 -41.4251  255 255 255
-77.5407 41.271 -23.9653  255 255 255
-66.3472 43.0854 -31.0208  255 255 255
-64.9343 43.3098 -31.8432  255 255 255
-47.6224 44.6518 -44.0184  255 255 255
-83.7181 30.015 -30.0356  255 255 255
-80.9413 24.4684 -37.4021  255 255 255
-48.3169 42.919 -45.0667  255 255 255
-50.5953 44.7356 -42.0063  255 255 255
-72.6047 31.5951 -34.267  255 255 255
-68.1642 37.5427 -35.1234  255 255 255
-81.173 34.1428 -26.5432  255 255 255
-53.3348 39.4868 -44.5565  255 255 255
-62.5175 36.3222 -38.4735  255 255 255
-54.7821 35.009 -47.5988  255 255 255
-64.3343 40.7324 -34.5  255 255 255
-58.7241 42.7028 -37.5588  255 255 255
47.5173 25.0698 -38.3426  255 255 255
-40.8894 39.2912 -54.8403  255 255 255
-42.8747 35.2346 -56.4192  255 255 255
-39.2295 33.3986 -61.4679  255 255 255
48.018 23.1105 -38.5512  255 255 255
-27.6677 6.28148 -37.2818  255 255 255
49.3338 2.2406 -8.76823  255 255 255
-25.0251 -3.9878 9.36707  255 255 255
2.60458 -7.52262 33.318  255 255 255
4.87715 -11.6689 34.4402  255 255 255
6.56517 -12.2521 33.9171  255 255 255
7.09336 -13.0943 34.0303  255 255 255
6.93146 -13.3862 34.2014  255 255 255
11.2963 -13.3923 31.6569  255 255 255
6.50341 -14.1307 34.4488  255 255 255
51.9427 -16.6015 -15.4563  255 255 255
7.14209 -15.2895 34.2157  255 255 255
-0.81975 -16.1089 36.1787  255 255 255
5.75237 -16.5825 34.8992  255 255 255
54.839 -20.5068 -11.3904  255 255 255
-7.52346 -19.0382 35.0889  255 255 255
57.2989 -23.8567 -8.35185  255 255 255
-5.08941 -21.2951 35.2119  255 255 255
58.5273 -24.7703 -5.66744  255 255 255
-1.43349 -22.5568 34.9844  255 255 255
-0.961935 -32.5102 38.0182  255 255 255
-0.436472 -34.606 36.0463  255 255 255
14.6343 -56.4709 31.0321  255 255 255
-40.4179 38.8256 -55.527  255 255 255
-40.4179 38.8256 -55.527  255 255 255
49.0018 30.5675 -31.5994  255 255 255
-41.2105 35.3153 -57.6079  255 255 255
47.0526 27.1954 -38.3161  255 255 255
-66.59 27.8724 -44.8229  255 255 255
48.4374 23.3357 -37.4431  255 255 255
-2.85816 2.39804 21.4758  255 255 255
-25.5614 -3.93587 9.63983  255 255 255
47.5288 -2.25405 -15.9356  255 255 255
-46.1957 -4.56679 -24.3267  255 255 255
-6.05564 -6.87244 33.0491  255 255 255
49.7634 -5.26676 -13.3039  255 255 255
49.0513 -5.46824 -14.5481  255 255 255
50.9842 -5.53011 -10.1352  255 255 255
-2.43317 -8.17423 34.4087  255 255 255
4.07629 -8.31011 33.6365  255 255 255
5.21988 -8.64401 33.4647  255 255 255
-11.8098 -11.6862 32.5449  255 255 255
7.76195 -12.885 33.4846  255 255 255
-1.9325 -14.1858 36.0215  255 255 255
51.2409 -16.1941 -16.5163  255 255 255
16.387 -15.5193 26.7913  255 255 255
51.5129 -17.1513 -16.4899  255 255 255
4.30819 -17.529 35.3838  255 255 255
1.29895 -18.0015 35.9923  255 255 255
-11.0303 -18.9175 33.4619  255 255 255
7.21263 -19.7957 34.1825  255 255 255
-12.3384 -20.4226 32.5065  255 255 255
8.66726 -20.6385 33.2384  255 255 255
7.76917 -20.7425 33.6632  255 255 255
5.36749 -21.4923 34.2037  255 255 255
23.9113 -23.1942 27.4887  255 255 255
21.4883 -27.9864 26.4414  255 255 255
11.7429 -33.3744 32.48  255 255 255
8.33714 -34.2357 34.2103  255 255 255
8.41068 -34.5976 33.7442  255 255 255
48.1673 -40.7099 9.89208  255 255 255
46.2631 -46.0305 16.4289  255 255 255
-26.2391 -56.5033 33.2369  255 255 255
-26.5402 -56.8292 33.6583  255 255 255
-18.947 -57.6467 34.0383  255 255 255
-1.15238 -57.4753 33.4903  255 255 255
-19.1144 -58.0067 34.6538  255 255 255
47.9644 32.5854 -32.8258  255 255 255
47.9552 32.5863 -32.7987  255 255 255
-51.3002 35.0724 -49.7157  255 255 255
51.162 28.3131 -27.8583  255 255 255
48.0149 27.4944 -36.0451  255 255 255
48.0149 27.4944 -36.0451  255 255 255
-66.2392 27.3147 -45.6747  255 255 255
22.6407 24.1324 -60.8518  255 255 255
-1.63142 22.2372 -56.7722  255 255 255
18.9408 16.3241 -51.8733  255 255 255
47.1601 9.01135 -8.59824  255 255 255
-20.268 8.86852 -40.6007  255 255 255
-28.6363 5.82547 -37.3768  255 255 255
51.0549 1.78516 -4.91161  255 255 255
-21.4161 -4.12999 13.979  255 255 255
-43.5274 -5.91583 -22.6175  255 255 255
-3.842 -9.95582 34.9331  255 255 255
51.144 -15.2433 -16.1705  255 255 255
51.6351 -16.7 -16.0141  255 255 255
4.61769 -15.756 35.3506  255 255 255
15.7183 -16.2939 27.8512  255 255 255
53.3509 -19.6792 -13.8181  255 255 255
-7.26733 -19.3761 35.02  255 255 255
-7.13362 -20.5733 34.8336  255 255 255
-43.5242 -26.3188 0.242333  255 255 255
-43.0973 -26.7344 0.612881  255 255 255
-44.4254 -28.7034 3.21098  255 255 255
-20.7011 -55.2472 31.6763  255 255 255
-40.1417 35.6135 -57.7639  255 255 255
51.0438 25.6896 -29.9578  255 255 255
50.7624 18.8403 -34.2053  255 255 255
15.9629 17.8936 -53.1545  255 255 255
50.8049 0.158468 -6.76875  255 255 255
49.6044 -1.38121 -10.8719  255 255 255
47.6986 -3.06217 -17.0541  255 255 255
10.1935 -5.43125 29.0075  255 255 255
-47.0905 -5.6837 -22.723  255 255 255
-43.8469 -7.87407 -20.5006  255 255 255
49.7662 -10.0984 -16.2354  255 255 255
53.1981 -10.1647 -8.63666  255 255 255
55.8221 -16.5296 -5.05553  255 255 255
56.6512 -17.3476 -5.06189  255 255 255
55.852 -17.4334 -6.85037  255 255 255
4.97495 -16.0324 35.3137  255 255 255
58.6411 -27.272 -5.26272  255 255 255
-0.492325 -37.0073 33.9576  255 255 255
-18.177 -58.8922 35.5049  255 255 255
-65.6189 28.2181 -45.2622  255 255 255
48.9372 25.5388 -34.8502  255 255 255
-21.0416 27.5944 -61.2921  255 255 255
48.1699 22.473 -38.526  255 255 255
49.7629 21.8885 -35.142  255 255 255
51.3925 18.7137 -32.6655  255 255 255
-5.89192 19.6881 -54.0728  255 255 255
27.5479 11.1036 -46.725  255 255 255
27.5479 11.1036 -46.725  255 255 255
48.2379 5.68488 -9.20772  255 255 255
-4.05666 -5.98023 32.5997  255 255 255
-2.66125 -8.77858 34.5613  255 255 255
49.7925 -8.27606 -14.5567  255 255 255
16.6696 -13.1506 26.1048  255 255 255
15.9565 -13.197 27.3046  255 255 255
3.38949 -20.4524 35.0998  255 255 255
47.119 -41.9848 11.1659  255 255 255
31.2383 -50.8245 23.7165  255 255 255
47.2519 25.7503 -38.6984  255 255 255
50.953 21.607 -32.7864  255 255 255
51.8471 19.4419 -31.8983  255 255 255
-5.73054 18.3288 -52.9578  255 255 255
1.09408 -2.94342 34.2834  255 255 255
50.6507 -1.81382 -8.7598  255 255 255
55.4602 -17.9256 -7.94762  255 255 255
-6.05678 -19.405 35.3858  255 255 255
4.12316 -19.9415 34.9641  255 255 255
19.8736 34.2062 -71.7184  255 255 255
49.337 -4.71745 -12.4799  255 255 255
46.5112 -41.0324 9.88784  255 255 255
-83.3911 22.8834 -37.117  255 255 255
-59.1508 30.7452 -47.2705  255 255 255
-76.4383 41.5256 -25.2372  255 255 255
-75.8428 41.5393 -24.9969  255 255 255
-79.4004 30.6899 -30.6964  255 255 255
6.90522 68.9003 -64.7422  255 255 255
57.0265 80.9338 -92.0788  255 255 255
33.1417 73.2689 -81.6808  255 255 255
40.0975 77.8464 -83.6479  255 255 255
35.1614 74.6321 -81.7341  255 255 255
12.0898 71.3864 -67.1606  255 255 255
-2.68559 -45.7681 31.3411  255 255 255
48.8283 8.83425 -5.87781  255 255 255
49.5035 34.3902 -28.7747  255 255 255
43.9478 62.3821 -98.3124  255 255 255
49.9074 69.1571 -97.0799  255 255 255
51.37 27.302 -28.2768  255 255 255
48.935 25.5232 -34.8215  255 255 255
46.6262 25.906 -40.041  255 255 255
37.8152 75.3655 -82.6682  255 255 255
49.6402 34.5179 -27.8062  255 255 255
48.5075 36.5573 -29.1377  255 255 255
46.9521 33.5074 -34.6616  255 255 255
49.8481 7.3519 -4.58627  255 255 255
-10.6033 64.1196 -56.4493  255 255 255
-13.5658 -12.5012 31.5296  255 255 255
-48.9216 38.6828 -48.6195  255 255 255
-54.4181 40.2313 -42.8869  255 255 255
-84.7222 26.0582 -32.7984  255 255 255
-76.117 35.7479 -30.805  255 255 255
-69.5386 27.8899 -43.3614  255 255 255
43.102 62.9909 -97.3189  255 255 255
5.5047 50.5831 -80.1741  255 255 255
43.9515 62.3861 -98.322  255 255 255
-34.4206 4.70034 -35.7969  255 255 255
-10.0465 59.4528 -59.8973  255 255 255
-22.4112 51.8011 -57.3504  255 255 255
1.21296 -10.7999 35.2821  255 255 255
44.7964 59.5465 -101.228  255 255 255
-12.9111 -16.5505 32.5012  255 255 255
-71.4683 37.3338 -32.4774  255 255 255
-25.9904 59.3658 -48.48  255 255 255
-64.4079 38.1718 -37.082  255 255 255
-75.5288 35.2479 -31.7118  255 255 255
-70.8627 36.5672 -34.0103  255 255 255
-7.83513 60.3831 -60.9847  255 255 255
-19.4855 47.4518 -56.2853  255 255 255
-36.6795 48.5798 -49.3516  255 255 255
-12.172 43.4382 -73.382  255 255 255
-4.77897 66.0863 -58.6339  255 255 255
6.87621 51.8317 -80.6067  255 255 255
-8.79921 -5.04837 30.8532  255 255 255
-28.3181 6.39914 -38.0744  255 255 255
-2.10462 68.4922 -58.5854  255 255 255
-38.9157 49.4954 -46.8693  255 255 255
-13.3539 -6.41782 29.1389  255 255 255
-8.83638 60.5707 -60.0838  255 255 255
-17.3797 56.6933 -57.1265  255 255 255
-19.4984 48.6323 -55.2979  255 255 255
-25.8114 9.51464 -41.1461  255 255 255
-5.77832 -5.32867 31.7599  255 255 255
-8.86244 -8.27412 32.8175  255 255 255
-2.69393 -10.0935 35.1376  255 255 255
-9.57634 63.7675 -56.9558  255 255 255
-6.10814 -6.4448 32.8676  255 255 255
-12.9569 -9.09711 30.8115  255 255 255
-8.77417 -11.2403 34.0459  255 255 255
-3.63231 -7.61107 33.9612  255 255 255
-11.5958 -7.72585 31.1085  255 255 255
-8.26542 -9.28465 33.4903  255 255 255
-5.51402 -9.74931 34.5433  255 255 255
-11.2408 -11.8066 32.8871  255 255 255
-0.0480666 -12.0674 35.7099  255 255 255
19.2131 68.4676 -75.029  255 255 255
-9.1278 -10.0044 33.7062  255 255 255
-13.0486 -5.51222 28.7316  255 255 255
-9.40238 -6.54989 31.6099  255 255 255
-6.40247 -8.44111 33.9199  255 255 255
-5.09655 -10.9272 34.937  255 255 255
-1.0534 68.817 -58.9891  255 255 255
-8.62206 62.6716 -58.4077  255 255 255
6.75565 -5.22002 29.9814  255 255 255
-83.5394 34.6822 -25.2533  255 255 255
-78.8926 29.077 -34.873  255 255 255
-51.5713 38.6512 -46.0271  255 255 255
-50.6379 38.1043 -47.6091  255 255 255
-63.4562 30.805 -44.9027  255 255 255
-8.63509 65.3621 -56.1483  255 255 255
-5.52328 66.8442 -58.7365  255 255 255
-8.46587 64.3356 -56.7882  255 255 255
-78.9479 28.5006 -35.2547  255 255 255
-59.4701 31.2819 -47.1276  255 255 255
-66.0897 44.6901 -29.5597  255 255 255
-78.1266 40.533 -24.2509  255 255 255
-78.1266 40.533 -24.2509  255 255 255
-74.2672 38.2171 -28.52  255 255 255
-66.794 39.3397 -34.0372  255 255 255
-81.1776 23.0745 -38.1009  255 255 255
-77.7777 33.6714 -31.1613  255 255 255
-73.7372 13.4198 -43.0771  255 255 255
-73.6078 12.685 -42.5196  255 255 255
-70.8874 38.7023 -32.0349  255 255 255
-67.7424 39.5441 -33.1442  255 255 255
-75.6859 36.0345 -30.75  255 255 255
-82.3362 35.1466 -25.906  255 255 255
-60.3313 38.7951 -39.315  255 255 255
2.68261 -20.9404 35.1271  255 255 255
-59.3849 31.7558 -46.4801  255 255 255
-77.5135 28.662 -36.3604  255 255 255
-71.7374 37.8573 -32.1203  255 255 255
-83.5898 25.8253 -34.1036  255 255 255
-82.737 24.2162 -35.9617  255 255 255
-60.8461 35.9675 -41.7838  255 255 255
-67.4425 38.9994 -34.5756  255 255 255
-72.2014 36.2184 -33.498  255 255 255
-63.8126 -9.43658 -17.4831  255 255 255
-82.8536 24.2924 -36.3143  255 255 255
-76.4702 36.1958 -30.7139  255 255 255
-81.0092 23.8098 -38.1403  255 255 255
-47.2735 -4.98142 -23.4726  255 255 255
-62.7204 40.8261 -36.129  255 255 255
-50.3399 42.2017 -44.1427  255 255 255
-81.2939 28.9768 -33.2959  255 255 255
-80.9876 23.8029 -38.0908  255 255 255
-75.6647 35.4377 -30.9751  255 255 255
-51.1056 45.2732 -40.9873  255 255 255
-58.8356 33.3536 -45.3578  255 255 255
-74.7366 35.3592 -32.4067  255 255 255
-57.0417 42.872 -38.8049  255 255 255
-82.37 27.0429 -33.7373  255 255 255
-65.5863 44.7055 -29.9645  255 255 255
-7.89919 -19.8001 34.7722  255 255 255
49.3825 35.1088 -27.7671  255 255 255
47.5957 27.4631 -36.9974  255 255 255
47.5812 27.459 -36.9615  255 255 255
47.5596 26.3766 -37.5668  255 255 255
48.9971 28.4378 -33.037  255 255 255
51.2218 -1.50039 -7.22017  255 255 255
0.484759 -16.4659 36.1248  255 255 255
50.7636 -2.9157 -9.21503  255 255 255
50.6114 -4.71078 -10.8402  255 255 255
49.1468 33.3547 -29.8054  255 255 255
48.3867 32.7978 -32.1769  255 255 255
49.6883 27.6293 -31.9706  255 255 255
51.2278 0.692777 -5.63573  255 255 255
-0.90914 -15.5713 36.1557  255 255 255
-11.7307 -19.3243 32.9368  255 255 255
48.3554 8.87483 -6.73735  255 255 255
-14.7722 -9.75551 29.7157  255 255 255
2.77454 -17.3578 36.1921  255 255 255
1.67871 -18.3954 36.0961  255 255 255
-14.7072 -12.934 30.6486  255 255 255
-11.2795 -15.2728 33.3963  255 255 255
-10.671 -15.6888 33.8045  255 255 255
-9.92084 -16.1476 34.1172  255 255 255
-0.488131 -19.3859 35.8467  255 255 255
-0.478117 -19.3847 35.8336  255 255 255
-13.0977 -15.3539 32.349  255 255 255
-0.861755 -19.9787 35.8091  255 255 255
-17.331 -13.7216 28.1628  255 255 255
48.5986 35.3676 -29.663  255 255 255
-13.2918 -14.1799 32.1654  255 255 255
-15.5746 -14.2224 30.0602  255 255 255
-7.31231 -18.3475 35.1544  255 255 255
-7.31587 -18.3339 35.1511  255 255 255
-5.38149 -19.8259 35.4312  255 255 255
-4.94088 -18.1045 35.8236  255 255 255
-53.8174 37.5337 -45.9537  255 255 255
-63.3771 41.2353 -35.224  255 255 255
-71.8163 37.9642 -32.3512  255 255 255
-68.9127 36.9102 -34.5818  255 255 255
-54.5118 44.105 -39.1854  255 255 255
-82.0245 28.7237 -32.195  255 255 255
-54.9575 39.6495 -43.0697  255 255 255
-72.852 36.4826 -32.6737  255 255 255
-82.6176 28.4213 -32.4463  255 255 255
-59.4057 32.484 -45.8141  255 255 255
-68.1127 38.6801 -33.6115  255 255 255
-82.6176 28.4213 -32.4463  255 255 255
-81.9529 33.4104 -27.9592  255 255 255
-83.9309 29.5747 -29.7124  255 255 255
-64.4209 38.1926 -37.1676  255 255 255
-65.6835 37.4441 -36.5199  255 255 255
-69.565 37.1829 -34.4436  255 255 255
-62.7339 40.8191 -36.137  255 255 255
-58.2329 39.8861 -40.4618  255 255 255
-83.2626 30.0973 -30.675  255 255 255
-70.1053 38.0792 -33.2418  255 255 255
-60.3231 40.5245 -38.1282  255 255 255
-80.9471 28.4857 -33.1076  255 255 255
-79.4773 36.6962 -26.5319  255 255 255
-78.3472 9.11358 -37.2872  255 255 255
-76.3073 34.0062 -31.9229  255 255 255
-59.4405 41.6379 -37.8483  255 255 255
-82.5895 26.2089 -34.1173  255 255 255
-82.5482 26.1929 -33.9536  255 255 255
-84.0502 29.6361 -29.9911  255 255 255
-74.2203 36.8643 -31.3049  255 255 255
-60.3225 40.532 -38.1307  255 255 255
-83.5387 29.4781 -30.4574  255 255 255
-76.9027 36.8129 -29.3457  255 255 255
-57.7743 42.2537 -38.615  255 255 255
-68.7992 38.9046 -32.7537  255 255 255
-55.3147 -14.0137 -13.3398  255 255 255
-21.3194 -4.69362 14.8931  255 255 255
30.8346 66.0746 -84.7592  255 255 255
-4.31268 -9.29373 34.4844  255 255 255
-0.762499 -12.6315 35.9079  255 255 255
2.42745 -14.423 35.8239  255 255 255
7.6588 -19.4408 33.9178  255 255 255
53.669 64.5113 -104.386  255 255 255
-43.7797 -7.01954 -21.6305  255 255 255
-48.1908 -11.0852 -16.7129  255 255 255
-41.3255 34.3901 -58.923  255 255 255
-10.4379 54.3367 -63.9956  255 255 255
-69.5846 39.4471 -31.9494  255 255 255
-22.1023 -54.7282 30.6907  255 255 255
34.7791 76.3081 -80.3304  255 255 255
-49.3312 42.6072 -44.6414  255 255 255
-47.381 42.429 -46.1857  255 255 255
5.92374 -16.3953 34.9881  255 255 255
-5.43455 -14.8349 35.5039  255 255 255
0.240335 -25.1152 36.6643  255 255 255
50.5755 26.0409 -30.7045  255 255 255
13.4773 -22.3991 32.2054  255 255 255
3.54939 -21.5825 34.7049  255 255 255
-48.6976 43.6543 -44.5503  255 255 255
-48.6659 43.6404 -44.3316  255 255 255
-12.9601 -9.07868 30.7984  255 255 255
-9.41409 -25.9152 35.3033  255 255 255
-0.604545 -10.8039 35.4692  255 255 255
-0.617034 -10.8118 35.4982  255 255 255
50.7822 -3.86721 -10.0725  255 255 255
50.7864 -3.85722 -10.0915  255 255 255
-69.0651 37.7645 -33.2239  255 255 255
-48.2181 46.0268 -42.6195  255 255 255
-1.31499 -26.7385 36.5963  255 255 255
-45.0033 40.8897 -49.2255  255 255 255
-32.3769 36.2295 -63.8756  255 255 255
-5.75276 65.6736 -57.995  255 255 255
-39.8645 52.9745 -42.6576  255 255 255
-7.55139 63.5096 -58.5176  255 255 255
-42.146 41.8613 -50.7239  255 255 255
4.42535 -18.0661 35.248  255 255 255
7.43324 -29.6026 36.2093  255 255 255
-6.35307 -19.602 35.2713  255 255 255
-5.56448 -16.4587 35.7407  255 255 255
-25.2464 -4.27146 9.95577  255 255 255
16.8583 -19.2394 28.1364  255 255 255
57.0042 -17.0955 -4.40272  255 255 255
-1.03902 -33.6364 36.913  255 255 255
47.9219 2.46394 -11.7489  255 255 255
-1.8656 -16.876 36.1452  255 255 255
2.28526 -22.2536 34.7369  255 255 255
-6.50329 -19.2734 35.1965  255 255 255
0.957825 -17.3061 36.1659  255 255 255
-10.072 -17.5025 34.0557  255 255 255
57.813 -23.5138 -6.31881  255 255 255
2.48005 -16.3824 35.4309  255 255 255
-47.2735 -4.98142 -23.4726  255 255 255
-49.5805 -5.26332 -23.4292  255 255 255
-49.8359 -5.23009 -24.1768  255 255 255
-45.1969 43.3048 -47.4216  255 255 255
-44.5542 20.4404 -52.8641  255 255 255
-42.8865 14.8963 -46.6375  255 255 255
-59.5535 -4.99228 -22.8387  255 255 255
-60.4923 16.7905 -48.0375  255 255 255
-51.8384 40.1448 -44.8822  255 255 255
-47.7 -4.40591 -24.271  255 255 255
-73.3718 29.7015 -45.051  255 255 255
-78.5639 35.9028 -27.5989  255 255 255
-42.0532 44.5258 -48.8064  255 255 255
-78.0619 30.8474 -30.1104  255 255 255
-43.9355 45.6932 -46.5322  255 255 255
-43.3937 40.8484 -50.9715  255 255 255
-42.3216 44.201 -49.1905  255 255 255
-47.9161 44.2447 -44.4725  255 255 255
-16.4796 -18.9024 30.9152  255 255 255
-56.5832 33.1656 -47.6317  255 255 255
-66.8467 39.4085 -34.2296  255 255 255
-55.8462 31.1367 -50.8987  255 255 255
-42.0485 44.5174 -48.8352  255 255 255
-21.1894 -56.875 33.6654  255 255 255
-34.3944 -50.2543 26.7421  255 255 255
-24.742 -56.0947 32.8133  255 255 255
-28.4264 -54.8949 31.5826  255 255 255
-25.6082 -55.7848 32.459  255 255 255
-6.02491 -15.8429 35.5919  255 255 255
-24.9534 -54.3196 30.8527  255 255 255
-26.4222 -53.8896 30.6523  255 255 255
-26.893 -55.5871 32.1501  255 255 255
-21.4142 -33.4075 25.7091  255 255 255
-4.50587 -7.37251 33.7326  255 255 255
-11.6748 -34.7556 32.9216  255 255 255
-54.847 38.1741 -44.3874  255 255 255
-58.8467 32.4343 -44.8247  255 255 255
-60.1446 31.3084 -47.2619  255 255 255
-107.658 -5.68459 -17.7238  255 255 255
-51.1212 49.5777 -37.0178  255 255 255
-68.6347 29.181 -42.4987  255 255 255
-40.0307 47.2988 -48.0588  255 255 255
-45.0311 45.0644 -46.0838  255 255 255
-47.8807 40.2809 -47.4887  255 255 255
-46.7028 43.4113 -47.1883  255 255 255
-51.6195 37.9463 -46.7936  255 255 255
-81.2136 17.2427 -44.2417  255 255 255
-45.4754 45.4392 -45.2347  255 255 255
-69.6444 22.9576 -48.9541  255 255 255
-56.2951 33.7382 -47.3326  255 255 255
-63.8671 40.2289 -35.5697  255 255 255
-83.9862 36.8848 -22.9804  255 255 255
-54.0554 32.5439 -49.2805  255 255 255
-8.32848 -19.0041 34.7062  255 255 255
-81.1403 29.8903 -35.5837  255 255 255
-41.4062 41.1617 -49.5738  255 255 255
-65.1339 34.6387 -37.7537  255 255 255
-47.2768 43.2404 -45.598  255 255 255
56.3716 -18.7941 -7.10943  255 255 255
-55.2757 12.2302 -42.785  255 255 255
-65.8518 45.5954 -29.081  255 255 255
-66.0741 44.7212 -29.6503  255 255 255
-63.8998 40.2429 -35.5784  255 255 255
-62.6544 31.5366 -43.9682  255 255 255
-53.0203 42.9869 -41.5598  255 255 255
-54.8569 48.5287 -34.9688  255 255 255
-48.2301 -0.666206 -28.6097  255 255 255
-54.0156 15.663 -46.3233  255 255 255
-75.0887 6.37657 -37.4211  255 255 255
-69.1776 5.96396 -34.8773  255 255 255
-73.9895 2.85377 -31.0827  255 255 255
-64.1866 26.9693 -48.0589  255 255 255
-71.7643 4.03274 -33.162  255 255 255
-69.3921 6.68197 -36.0736  255 255 255
-52.2527 12.6112 -43.7771  255 255 255
-68.5434 4.32396 -33.0601  255 255 255
-64.6474 28.7815 -45.6691  255 255 255
-53.685 42.9032 -41.1066  255 255 255
-74.5322 13.3065 -43.2975  255 255 255
-57.0919 42.163 -38.4476  255 255 255
-54.1971 34.6945 -48.0514  255 255 255
-53.0096 42.9923 -41.5879  255 255 255
-66.1433 25.8857 -47.6187  255 255 255
12.6922 -12.7822 30.5268  255 255 255
12.0059 -13.4105 31.1585  255 255 255
14.3747 -17.2428 29.2815  255 255 255
-7.86885 -30.2348 38.2672  255 255 255
22.4771 38.8503 -77.8298  255 255 255
53.5889 -6.80353 -5.19909  255 255 255
-13.518 -8.33988 30.1437  255 255 255
-14.6841 -8.22514 29.0257  255 255 255
5.41713 -12.9585 34.7082  255 255 255
6.23907 -14.8741 34.6153  255 255 255
-2.56472 -7.64323 34.2546  255 255 255
13.2749 -22.9345 32.5073  255 255 255
2.41828 50.1774 -78.6014  255 255 255
-36.1036 41.4675 -57.5128  255 255 255
-46.5644 40.5202 -49.5421  255 255 255
-69.0376 4.79155 -33.551  255 255 255
-49.3501 10.5273 -40.7484  255 255 255
16.7151 37.7078 -76.3011  255 255 255
30.165 35.8874 -75.1302  255 255 255
30.165 35.8874 -75.1302  255 255 255
19.099 39.449 -78.4295  255 255 255
4.60759 52.8315 -77.5824  255 255 255
30.3904 63.1572 -87.1773  255 255 255
3.1997 47.4789 -81.8818  255 255 255
8.56154 55.7457 -77.193  255 255 255
-9.55517 48.6628 -70.3805  255 255 255
-40.896 51.8299 -42.8461  255 255 255
-34.6432 49.1829 -50.426  255 255 255
-40.1352 42.4634 -51.9954  255 255 255
-22.6866 54.8834 -54.4175  255 255 255
-30.9244 44.9467 -57.3244  255 255 255
0.14795 67.7386 -61.2388  255 255 255
-4.90141 68.4345 -56.3618  255 255 255
6.01726 50.0922 -80.8806  255 255 255
1.2319 52.0166 -74.0028  255 255 255
-57.8426 36.4852 -43.4683  255 255 255
-60.7677 28.6872 -48.58  255 255 255
-19.3117 22.1935 -56.1627  255 255 255
-25.1284 -20.7228 29.1489  255 255 255
-23.9282 -21.2216 29.5048  255 255 255
-24.6653 -54.8277 31.4035  255 255 255
-9.19323 -18.2942 34.4825  255 255 255
-5.20832 -10.3376 34.9062  255 255 255
11.9087 -28.3898 34.4383  255 255 255
-39.3234 44.8867 -50.6167  255 255 255
-12.6659 54.2157 -62.9775  255 255 255
27.8934 65.9837 -76.8796  255 255 255
6.21155 -6.04146 31.3132  255 255 255
0.254577 -17.4922 36.048  255 255 255
5.69877 -17.8312 34.9302  255 255 255
2.69464 -27.2409 35.8928  255 255 255
11.2135 -32.8718 33.5301  255 255 255
11.2135 -32.8718 33.5301  255 255 255
5.88309 -6.80229 31.8842  255 255 255
-0.874958 -17.4961 36.172  255 255 255
-5.84913 -17.9016 35.6616  255 255 255
-1.45398 -19.3606 35.9724  255 255 255
3.02731 -21.0299 34.9679  255 255 255
1.61684 -22.0944 34.8013  255 255 255
-12.6401 -30.0356 36.7943  255 255 255
-1.94751 -34.8337 35.8832  255 255 255
17.4493 -42.9858 26.5729  255 255 255
-5.05068 -30.8947 38.9059  255 255 255
49.9747 69.2412 -97.2797  255 255 255
9.77355 57.466 -74.1916  255 255 255
-11.8432 -34.9376 32.8597  255 255 255
-65.2183 28.8683 -45.5628  255 255 255
-7.57252 -21.5254 34.4377  255 255 255
-8.58242 -15.7134 34.8397  255 255 255
0.801389 -19.3197 35.6576  255 255 255
-54.3066 -3.72991 -25.3491  255 255 255
-65.6466 28.2356 -45.3209  255 255 255
-63.9757 28.8299 -46.1422  255 255 255
-65.5317 30.8451 -42.2849  255 255 255
-63.2216 27.6593 -47.9459  255 255 255
-63.2843 29.091 -46.1925  255 255 255
-55.6452 44.2023 -39.3344  255 255 255
-77.0949 40.4961 -26.1628  255 255 255
-46.8348 44.1292 -56.2152  255 255 255
-36.1154 41.4 -57.4467  255 255 255
16.4722 49.7245 -88.4966  255 255 255
20.5509 51.8248 -90.7441  255 255 255
49.1339 35.0471 -28.7946  255 255 255
27.9864 58.6241 -90.3708  255 255 255
42.9118 62.3672 -98.1641  255 255 255
-0.134622 -22.5077 34.9612  255 255 255
7.9789 -20.0401 33.7587  255 255 255
-0.0962581 -8.12577 34.3427  255 255 255
0.668021 -22.6084 34.8136  255 255 255
-5.70063 -30.5283 38.5608  255 255 255
51.7222 -5.97013 -8.85421  255 255 255
6.45802 -20.6777 34.1537  255 255 255
15.6162 -28.3019 33.9042  255 255 255
11.3656 -28.3611 34.5191  255 255 255
-10.2062 -33.4212 34.7906  255 255 255
-3.01215 -10.9096 35.3435  255 255 255
54.4431 -7.98391 -4.13503  255 255 255
-5.08055 -26.4904 36.3888  255 255 255
6.00923 -21.0233 34.2156  255 255 255
0.794958 61.8457 -66.6146  255 255 255
0.772689 -21.5264 35.1835  255 255 255
5.03065 -22.3516 34.0034  255 255 255
51.539 -2.84061 -7.18899  255 255 255
57.9986 -21.0942 -4.74227  255 255 255
0.475686 -22.3869 34.9611  255 255 255
-1.60304 -21.048 35.4602  255 255 255
59.0894 -26.9302 -5.77506  255 255 255
52.2858 -0.948573 -4.21734  255 255 255
6.51992 -13.2948 34.3768  255 255 255
11.9853 -36.7385 29.1465  255 255 255
3.07755 -20.7642 35.102  255 255 255
39.5269 73.5027 -85.9306  255 255 255
52.2874 -0.946422 -4.22033  255 255 255
25.7186 58.0366 -90.0015  255 255 255
3.39478 -32.3741 37.682  255 255 255
19.3124 54.7277 -87.5917  255 255 255
46.0501 64.3589 -98.783  255 255 255
45.9878 71.3786 -92.1786  255 255 255
46.5757 67.8963 -96.1243  255 255 255
58.4769 -25.9228 -5.72635  255 255 255
2.61652 -27.0146 36.0085  255 255 255
1.43356 -19.1073 35.829  255 255 255
47.7048 74.1939 -90.65  255 255 255
42.8532 75.0883 -86.7437  255 255 255
46.3183 68.7263 -94.7739  255 255 255
-2.26328 -26.3852 36.7726  255 255 255
3.62727 -19.969 35.251  255 255 255
48.2493 27.7119 -35.1443  255 255 255
48.3148 5.69894 -9.39225  255 255 255
-4.81017 -22.3533 34.8874  255 255 255
9.54217 -29.3666 35.9089  255 255 255
4.72628 -18.8609 35.147  255 255 255
49.0268 35.5386 -28.8875  255 255 255
58.468 -24.3708 -5.71206  255 255 255
48.5666 26.9459 -34.6572  255 255 255
-3.6798 -20.2938 35.5776  255 255 255
-6.87841 -25.9886 36.1712  255 255 255
5.43034 -22.1248 33.9947  255 255 255
-4.81024 -22.3554 34.886  255 255 255
43.4175 73.9353 -88.06  255 255 255
49.2825 7.09268 -5.63279  255 255 255
5.77981 -19.9756 34.5658  255 255 255
48.7487 26.5486 -34.8438  255 255 255
8.07873 -29.7339 36.415  255 255 255
24.6379 55.5211 -90.5749  255 255 255
52.5727 -4.4096 -5.94534  255 255 255
18.8676 57.3397 -38.4101  255 255 255
-20.2675 -3.3801 13.3383  255 255 255
-11.5127 -28.5447 36.6545  255 255 255
-18.2744 -25.2814 33.6796  255 255 255
3.83541 -36.2326 34.1206  255 255 255
48.8672 11.6885 -5.04913  255 255 255
-21.244 -12.9702 24.5186  255 255 255
-10.5298 -22.3456 34.3757  255 255 255
-4.92818 -26.9337 36.2879  255 255 255
-13.5106 -28.6543 37.2213  255 255 255
2.61706 -41.1647 29.8959  255 255 255
-6.42019 -30.5672 38.4366  255 255 255
-11.0967 -29.7027 37.6608  255 255 255
-18.2412 -25.9888 34.5037  255 255 255
-9.79369 -31.455 36.8447  255 255 255
-10.8425 -30.4812 37.1929  255 255 255
-19.4817 -27.1861 32.87  255 255 255
41.1421 67.9307 -91.5464  255 255 255
1.70179 -38.2971 32.1968  255 255 255
52.5503 -1.07052 -3.63093  255 255 255
52.5474 -41.3904 11.0617  255 255 255
-44.6652 46.3752 -44.7566  255 255 255
-61.1002 41.3474 -36.882  255 255 255
-38.6338 48.9914 -47.4603  255 255 255
-57.6311 48.3746 -33.4515  255 255 255
-13.8747 -18.2969 31.61  255 255 255
-14.5916 -9.2766 29.6925  255 255 255
-11.9384 -34.658 32.8933  255 255 255
-11.1136 -31.9283 35.8121  255 255 255
-15.7863 -22.3865 32.9641  255 255 255
-22.4477 -16.327 25.9146  255 255 255
-18.8119 -21.7286 30.8085  255 255 255
-14.1318 -15.6787 31.5978  255 255 255
-20.106 -32.5654 27.7461  255 255 255
-16.1817 -22.8261 32.7072  255 255 255
-11.0035 -33.153 34.6861  255 255 255
-15.5253 -22.4593 33.0956  255 255 255
-12.6385 -35.4137 32.0574  255 255 255
-13.3718 -23.7039 34.5198  255 255 255
-17.5194 -22.1215 31.6845  255 255 255
-8.76986 -24.8202 35.9329  255 255 255
-8.73429 -26.232 35.4356  255 255 255
-15.4455 -23.5224 32.8591  255 255 255
-15.4451 -23.5218 32.8592  255 255 255
-7.21242 -25.889 36.084  255 255 255
-12.4367 -35.7788 31.9442  255 255 255
-9.22904 -25.4956 35.5329  255 255 255
-13.4439 -35.5166 31.586  255 255 255
-12.6072 -33.1276 34.0321  255 255 255
-19.464 -34.5865 27.9463  255 255 255
-9.10132 -31.6103 37.1116  255 255 255
-5.72611 -26.5804 36.1977  255 255 255
-17.592 -33.5786 29.9783  255 255 255
34.2429 73.389 -81.8001  255 255 255
-53.578 49.9313 -34.888  255 255 255
-52.5778 49.1339 -36.3039  255 255 255
-53.1753 37.7161 -46.2332  255 255 255
-80.4605 23.2955 -37.549  255 255 255
-54.1852 41.0456 -42.4998  255 255 255
-70.9562 32.9139 -35.0218  255 255 255
-48.9908 45.3515 -42.7673  255 255 255
-51.5554 44.6595 -41.0704  255 255 255
-35.7729 34.4223 -63.487  255 255 255
-44.6723 46.3831 -44.7675  255 255 255
-42.1634 16.3503 -48.3592  255 255 255
-52.2733 42.1456 -42.9759  255 255 255
-42.759 47.2585 -45.8613  255 255 255
-43.0712 39.246 -52.7541  255 255 255
-36.7422 37.6171 -59.0454  255 255 255
-55.6463 41.6383 -40.7609  255 255 255
-61.0564 41.315 -36.7312  255 255 255
-75.2246 34.8286 -31.975  255 255 255
-62.5202 28.1931 -48.2281  255 255 255
-57.302 13.935 -44.4694  255 255 255
-99.922 -12.2143 -10.6685  255 255 255
-105.164 -10.5252 -13.7322  255 255 255
-106.168 -12.7029 -10.9532  255 255 255
-41.0956 38.7701 -54.2236  255 255 255
-38.6439 49.0149 -47.439  255 255 255
-61.4691 42.3386 -34.8943  255 255 255
-45.5722 45.832 -44.8226  255 255 255
-48.4954 45.0535 -43.491  255 255 255
-41.6772 48.4427 -45.415  255 255 255
-51.3893 10.5644 -41.3717  255 255 255
-74.164 20.423 -47.8541  255 255 255
-54.6911 11.839 -42.4508  255 255 255
-57.8356 36.4774 -43.4792  255 255 255
-37.9813 46.3334 -50.4124  255 255 255
-37.9813 46.3357 -50.4199  255 255 255
-54.2292 34.7312 -48.1957  255 255 255
-40.2903 34.6025 -59.1873  255 255 255
-42.3357 41.1865 -51.4613  255 255 255
-55.7398 47.174 -35.5202  255 255 255
-50.8998 44.1267 -42.292  255 255 255
-55.7398 47.174 -35.5202  255 255 255
-51.6806 39.3743 -44.7266  255 255 255
-51.5922 36.636 -48.3147  255 255 255
-47.1339 46.2084 -43.3314  255 255 255
-43.6511 40.1474 -51.3141  255 255 255
-52.4911 34.7796 -49.8474  255 255 255
-47.1412 46.2073 -43.3441  255 255 255
-47.2715 44.6665 -44.3032  255 255 255
-56.2888 33.7333 -47.2846  255 255 255
-66.826 39.3346 -34.0609  255 255 255
-62.1824 31.2505 -45.521  255 255 255
-64.0496 28.8298 -46.2595  255 255 255
-64.5449 26.9553 -47.5972  255 255 255
-51.8344 34.572 -50.0006  255 255 255
-43.9191 45.6645 -46.3365  255 255 255
-66.7302 43.2244 -30.8778  255 255 255
-43.7117 46.5364 -45.6336  255 255 255
-43.1835 47.1002 -45.7202  255 255 255
-9.85666 -33.3892 35.043  255 255 255
-18.8305 -32.142 29.714  255 255 255
-11.7649 -33.0344 34.5353  255 255 255
-18.5687 -32.7241 29.3636  255 255 255
-10.2889 -34.1511 34.28  255 255 255
-41.4089 51.92 -42.6227  255 255 255
-40.1211 41.5167 -52.8  255 255 255
-37.9018 47.1205 -49.8175  255 255 255
-85.3766 25.8516 -33.0219  255 255 255
-62.686 31.3061 -44.8241  255 255 255
-69.7681 25.3284 -45.1651  255 255 255
-70.9044 32.891 -34.8938  255 255 255
-63.8145 32.9194 -42.5385  255 255 255
-21.4941 -14.7802 26.7077  255 255 255
8.25907 -18.7319 33.7168  255 255 255
-0.472806 -29.2787 36.6843  255 255 255
9.05273 -28.3183 34.8625  255 255 255
3.41923 -36.1779 35.4626  255 255 255
-22.1021 -12.9519 24.6385  255 255 255
-21.8007 -5.80069 16.3499  255 255 255
17.3525 -18.757 27.5488  255 255 255
4.77144 -30.035 36.9115  255 255 255
-8.14506 -23.5057 35.5287  255 255 255
-14.0391 -27.8524 36.2336  255 255 255
-17.9177 -25.702 34.0604  255 255 255
-28.6354 -9.78451 16.4929  255 255 255
-29.6621 -49.6692 25.7957  255 255 255
4.18354 -12.8904 35.1512  255 255 255
-3.1324 16.3459 -50.6668  255 255 255
6.16932 -15.4703 34.8028  255 255 255
-11.2502 0.314862 23.6943  255 255 255
50.2686 -8.27305 -13.7549  255 255 255
-25.9102 -18.2464 26.2  255 255 255
0.47949 -22.3917 34.9354  255 255 255
-2.2547 -31.4934 39.0208  255 255 255
8.37431 -6.51475 30.9075  255 255 255
2.77887 -41.5168 29.554  255 255 255
-0.902994 -9.59209 35.0256  255 255 255
2.37821 -27.1076 35.975  255 255 255
-6.23065 0.417181 24.1597  255 255 255
-3.04804 16.9185 -51.0016  255 255 255
-19.2382 -2.16861 11.4046  255 255 255
51.4155 -0.941391 -6.34843  255 255 255
-19.7438 -32.1831 28.6139  255 255 255
-16.4095 -25.8415 34.0927  255 255 255
19.6098 51.5661 -90.0836  255 255 255
-48.3422 39.9004 -47.9699  255 255 255
-16.1666 57.9116 -56.8444  255 255 255
-22.1356 52.5375 -57.1334  255 255 255
-7.41156 -9.60407 33.9208  255 255 255
-29.3685 53.145 -50.8155  255 255 255
0.708233 -10.6308 35.1951  255 255 255
-0.712281 22.0489 -57.443  255 255 255
-16.4227 -16.6629 29.4432  255 255 255
-8.20832 -3.16941 29.5327  255 255 255
-65.9395 -5.42821 -22.3447  255 255 255
-58.8266 -13.6786 -13.5626  255 255 255
7.94853 -33.6904 35.0067  255 255 255
-14.8163 -38.1361 29.4079  255 255 255
50.6371 5.40426 -4.18666  255 255 255
-62.1262 -12.0475 -15.2326  255 255 255
-63.366 -14.237 -11.2685  255 255 255
-38.5501 -52.8696 29.7034  255 255 255
51.7209 28.2892 -26.6909  255 255 255
47.9251 12.0079 -6.71777  255 255 255
56.5131 -16.5445 -5.08803  255 255 255
20.1407 -28.6801 27.8596  255 255 255
-4.22094 22.3764 -57.3524  255 255 255
-75.8613 11.2596 -40.826  255 255 255
18.4271 -42.3587 25.7866  255 255 255
-22.2925 -56.7453 33.4909  255 255 255
4.2145 -19.1595 35.3156  255 255 255
-11.1982 -1.9211 26.8537  255 255 255
-5.42974 -23.9256 35.6538  255 255 255
-80.8614 31.663 -30.2661  255 255 255
-67.5399 28.1876 -42.8378  255 255 255
-4.81146 -30.3369 38.2573  255 255 255
-30.6226 6.5771 -37.0723  255 255 255
8.38614 -12.9817 33.4623  255 255 255
-11.9809 -2.95986 27.1676  255 255 255
2.58959 -40.7346 30.3162  255 255 255
47.3703 7.2533 -10.1266  255 255 255
-47.0861 39.1959 -49.7358  255 255 255
-10.5302 -22.3428 34.4142  255 255 255
9.77671 -37.2657 30.4457  255 255 255
12.8585 -6.02191 26.9547  255 255 255
-19.6139 -24.2035 32.5776  255 255 255
-10.9099 -3.38856 28.5125  255 255 255
-7.08246 -30.7881 38.6383  255 255 255
-3.77225 -15.3237 36.0466  255 255 255
1.43565 -39.0034 32.2837  255 255 255
-10.0818 -16.9087 34.1634  255 255 255
-21.2046 -56.9603 33.5167  255 255 255
0.40669 -24.8034 36.2322  255 255 255
-23.3618 -56.9491 32.9992  255 255 255
-42.9779 48.5954 -43.764  255 255 255
-17.9608 56.0492 -57.2891  255 255 255
-33.8417 50.7093 -49.5723  255 255 255
-18.9284 54.1429 -58.5096  255 255 255
-66.4706 42.1454 -30.848  255 255 255
-6.30229 -25.9692 36.1371  255 255 255
-30.004 5.68463 -36.8129  255 255 255
-40.9296 13.7753 -45.8734  255 255 255
-13.2521 57.6127 -59.4289  255 255 255
-4.00867 60.0759 -63.9744  255 255 255
-25.7776 -4.22882 9.84012  255 255 255
-10.3804 -9.6048 32.7052  255 255 255
48.1642 2.19324 -11.6136  255 255 255
-2.43078 -11.2023 35.6691  255 255 255
-2.43078 -11.2023 35.6691  255 255 255
-8.25211 -25.036 36.1562  255 255 255
-28.4741 -56.2518 33.1522  255 255 255
-28.8344 -56.2439 33.2226  255 255 255
-22.4707 -57.3986 34.1648  255 255 255
-3.72451 -8.66943 34.481  255 255 255
50.2736 0.532347 -7.96152  255 255 255
-5.84923 -5.61902 32.233  255 255 255
-6.73568 -46.3046 32.2249  255 255 255
-10.4987 -18.062 33.656  255 255 255
-3.84727 -20.7761 35.332  255 255 255
-16.0436 -7.37096 27.2161  255 255 255
-30.7824 -50.2023 26.6189  255 255 255
-25.0698 -20.1044 28.232  255 255 255
-8.59197 -26.4859 35.1632  255 255 255
-10.7033 -14.6718 33.753  255 255 255
3.84643 -25.5553 36.3084  255 255 255
-9.74744 -29.4962 37.8273  255 255 255
1.74648 -9.4448 34.8061  255 255 255
-26.8658 -55.5317 32.3537  255 255 255
21.1548 -22.632 27.0339  255 255 255
-59.1447 43.1124 -37.7321  255 255 255
-19.6297 56.1491 -55.8782  255 255 255
-5.32589 -29.9714 37.8623  255 255 255
-10.5689 -16.7638 33.8644  255 255 255
56.5721 -24.9627 -8.35237  255 255 255
-3.32356 -38.2196 32.9388  255 255 255
4.10262 -14.2321 35.4649  255 255 255
-44.5048 -7.29561 -21.42  255 255 255
-30.8738 47.1462 -55.0894  255 255 255
-32.3082 48.1114 -53.2543  255 255 255
-33.4485 51.4854 -49.119  255 255 255
-36.5279 53.6705 -44.9794  255 255 255
-39.8832 52.398 -43.3697  255 255 255
-14.4934 57.2734 -58.9677  255 255 255
-52.8303 31.8144 -51.8228  255 255 255
-52.4671 32.9034 -51.1239  255 255 255
-11.9903 62.9058 -55.4352  255 255 255
-32.6264 37.397 -62.8257  255 255 255
12.8337 70.9235 -67.8662  255 255 255
56.431 81.1449 -91.6592  255 255 255
-11.9509 -19.924 32.6978  255 255 255
-9.49579 -2.36657 28.2526  255 255 255
21.9107 -21.7273 25.9358  255 255 255
-25.5047 -4.59643 10.2742  255 255 255
-25.0314 -53.5323 30.0551  255 255 255
56.2053 -16.5545 -5.87605  255 255 255
-29.2919 -51.0528 27.5385  255 255 255
-40.9565 -36.22 11.406  255 255 255
-4.24393 -58.8016 33.8115  255 255 255
-1.82565 -39.0733 32.1844  255 255 255
42.7112 75.4198 -86.3366  255 255 255
-3.24255 -19.3315 35.8192  255 255 255
-5.86546 -42.332 31.0221  255 255 255
54.7413 -12.6567 -6.39293  255 255 255
48.0364 9.47768 -7.51229  255 255 255
51.8546 -8.03628 -9.88001  255 255 255
-16.5509 -27.2426 35.9203  255 255 255
-18.182 -6.78813 23.9185  255 255 255
50.0648 -3.92363 -11.7192  255 255 255
50.4826 -7.40292 -12.8329  255 255 255
49.0175 -0.727717 -11.6607  255 255 255
5.4052 48.7037 -82.1358  255 255 255
-51.5759 46.6862 -39.3918  255 255 255
-8.04475 63.0234 -58.8233  255 255 255
-35.4078 35.7945 -62.0628  255 255 255
22.522 38.8898 -78.0703  255 255 255
-5.08263 66.3964 -58.3128  255 255 255
29.1353 65.3096 -85.1239  255 255 255
-43.9688 -12.3074 -15.7657  255 255 255
-15.9262 61.9686 -54.9173  255 255 255
-14.2836 58.5127 -57.9307  255 255 255
-7.9552 49.039 -69.961  255 255 255
-31.5755 22.7172 -56.1304  255 255 255
-12.0951 27.5438 -62.6705  255 255 255
5.12496 -12.7825 34.9045  255 255 255
-33.8598 24.4469 -57.4729  255 255 255
43.2248 8.87014 -44.8138  255 255 255
-45.9798 -25.8332 0.0246262  255 255 255
-7.02579 -24.4396 36.454  255 255 255
-35.9695 16.0585 -48.0649  255 255 255
-1.58542 -23.7495 34.8828  255 255 255
22.5824 -23.5852 27.836  255 255 255
-46.2061 -26.3934 0.561701  255 255 255
-39.7166 14.5115 -46.2414  255 255 255
8.30456 -6.08751 29.6351  255 255 255
-22.9089 55.8174 -55.4594  255 255 255
-73.3774 16.5873 -47.0729  255 255 255
-41.0949 14.5209 -45.7799  255 255 255
-66.6891 44.058 -30.4243  255 255 255
-45.399 -7.67525 -20.3598  255 255 255
-22.5117 -9.43597 20.4052  255 255 255
-18.2955 53.3076 -59.4881  255 255 255
-104.514 -8.90565 -15.3636  255 255 255
-50.5495 -4.33694 -24.1314  255 255 255
-35.8482 16.6825 -48.6777  255 255 255
8.58412 -23.6019 33.9062  255 255 255
-59.5962 15.5996 -45.9493  255 255 255
-27.6775 26.0749 -59.6074  255 255 255
13.8745 -6.97944 25.7399  255 255 255
-18.3711 17.9887 -51.1147  255 255 255
57.8986 -24.4807 -5.75168  255 255 255
14.9983 -26.7453 32.3154  255 255 255
22.1276 -17.865 21.7573  255 255 255
2.18098 27.0672 -63.3653  255 255 255
-64.366 -7.50261 -19.579  255 255 255
23.0981 -20.5427 24.4008  255 255 255
5.074 -23.9983 34.9903  255 255 255
34.0996 -46.9866 18.3031  255 255 255
-6.13977 -23.9037 35.8975  255 255 255
-2.69687 -7.3744 33.7271  255 255 255
17.5819 47.1362 -86.5751  255 255 255
3.30329 -9.66524 34.2163  255 255 255
-25.3116 -6.97832 12.9845  255 255 255
17.2708 45.4039 -84.8042  255 255 255
2.5624 -7.15639 33.2992  255 255 255
33.7976 42.0103 -81.987  255 255 255
-11.8335 -7.48419 30.707  255 255 255
-10.8343 -35.59 32.6793  255 255 255
-22.217 -12.9762 24.4819  255 255 255
-11.351 -22.403 34.4135  255 255 255
-26.3716 19.3027 -52.5374  255 255 255
-43.0239 11.1203 -42.1902  255 255 255
-5.69071 -7.77393 33.7033  255 255 255
33.1012 43.1393 -84.199  255 255 255
-30.0848 25.1613 -58.1417  255 255 255
-28.6558 20.3972 -53.3469  255 255 255
5.46705 -35.52 34.7933  255 255 255
-27.4011 -56.0091 33.0422  255 255 255
12.9598 -8.55977 28.9929  255 255 255
-1.10631 -24.4811 36.0588  255 255 255
-34.9824 -51.5444 28.168  255 255 255
15.1517 -7.5798 25.2448  255 255 255
-26.5937 -54.916 31.786  255 255 255
-72.3201 3.27385 -31.8545  255 255 255
22.5002 43.0868 -81.9297  255 255 255
-52.6047 -5.9755 -23.1867  255 255 255
2.58563 -23.8606 35.0322  255 255 255
-14.8629 -6.10917 27.6142  255 255 255
55.0507 -46.7936 17.7799  255 255 255
-31.7418 18.5172 -51.3888  255 255 255
-22.8204 -0.761422 5.48398  255 255 255
-25.133 15.458 -47.97  255 255 255
-30.4406 20.2358 -52.9254  255 255 255
14.8171 -27.886 33.6274  255 255 255
-25.4486 -56.4582 32.2352  255 255 255
-10.186 0.267493 24.5777  255 255 255
-1.31657 -58.6936 33.0331  255 255 255
-0.228308 -30.2359 37.8074  255 255 255
20.3562 -11.1007 18.3671  255 255 255
1.55609 -29.4962 36.7225  255 255 255
-12.689 -0.998857 24.4794  255 255 255
-21.9011 -22.7553 31.0885  255 255 255
10.9863 -5.76731 28.1376  255 255 255
-27.4451 -56.2862 33.1576  255 255 255
14.0548 -26.7214 32.5452  255 255 255
22.4981 -21.8266 26.0724  255 255 255
-69.997 2.1453 -30.6682  255 255 255
-43.9821 11.6421 -43.8037  255 255 255
-22.9826 -22.4823 30.8973  255 255 255
-65.1426 -9.63833 -17.6318  255 255 255
7.55333 -17.4653 34.0795  255 255 255
-4.31617 20.6088 -55.569  255 255 255
-30.7362 25.6042 -58.8977  255 255 255
49.3014 -7.41104 -15.5783  255 255 255
-52.1733 -6.72047 -21.6718  255 255 255
41.9114 37.434 -77.6614  255 255 255
-20.1917 -15.3263 27.3053  255 255 255
-34.6805 26.0033 -60.8987  255 255 255
-33.8663 -49.3722 25.919  255 255 255
-33.1282 -54.1343 31.0126  255 255 255
-108.242 -7.06361 -16.8652  255 255 255
-106.1 -8.29885 -15.6886  255 255 255
-110.557 -16.031 -5.99411  255 255 255
-106.09 -6.79858 -16.6086  255 255 255
9.80763 -1.77649 25.5013  255 255 255
12.2629 -16.4119 31.413  255 255 255
-86.0157 -48.9411 30.1732  255 255 255
-32.6297 -52.6279 29.4213  255 255 255
-30.0763 -53.5402 30.4908  255 255 255
-14.4293 60.1621 -56.3793  255 255 255
0.441071 65.6049 -62.0624  255 255 255
-15.2269 60.0207 -55.8664  255 255 255
-74.0552 -51.9869 31.8304  255 255 255
-69.4171 28.3869 -43.9977  255 255 255
-69.4011 28.3871 -43.9824  255 255 255
-37.9156 47.125 -49.8411  255 255 255
34.259 71.8998 -83.5165  255 255 255
48.6944 63.4616 -101.291  255 255 255
21.3016 52.1364 -91.3341  255 255 255
1.95213 60.1293 -68.9468  255 255 255
8.59839 -23.027 33.5339  255 255 255
10.66 -34.1341 32.734  255 255 255
8.35731 -35.774 33.125  255 255 255
-28.9961 -57.2569 34.3651  255 255 255
-49.5931 11.3323 -42.2219  255 255 255
-10.925 -4.62731 29.2482  255 255 255
-21.1186 -13.5094 25.1455  255 255 255
53.2484 -20.16 -13.5358  255 255 255
-27.4828 -55.5518 32.5916  255 255 255
48.0658 -41.0152 10.7658  255 255 255
-19.1148 -58.0044 34.6522  255 255 255
46.8675 25.0736 -40.4072  255 255 255
-17.5769 -11.5735 27.2865  255 255 255
2.91206 -8.86844 34.1733  255 255 255
13.9801 -5.89722 25.4157  255 255 255
-14.7201 -26.0282 34.2014  255 255 255
5.08117 -20.2877 34.6496  255 255 255
57.3856 -24.3346 -8.66404  255 255 255
10.3624 -34.1166 32.864  255 255 255
-29.4144 -51.6816 28.1425  255 255 255
50.8345 -38.3464 7.62569  255 255 255
14.2332 -9.30954 27.7627  255 255 255
12.6135 -38.7591 27.4272  255 255 255
50.2761 -40.7274 9.85134  255 255 255
41.2548 -50.4452 21.9799  255 255 255
12.8434 -4.99342 25.7848  255 255 255
9.13435 -36.3071 31.658  255 255 255
-30.017 -54.4264 31.7173  255 255 255
7.50079 -4.55608 29.8455  255 255 255
24.1062 -19.0267 22.3544  255 255 255
11.907 -32.947 33.1261  255 255 255
11.907 -32.947 33.1261  255 255 255
11.8965 -38.2364 28.78  255 255 255
11.955 -39.2234 27.8901  255 255 255
50.0001 -37.3516 6.63012  255 255 255
-2.32145 -18.0994 36.0903  255 255 255
-2.30862 -18.1106 35.9269  255 255 255
50.0297 60.7041 -103.057  255 255 255
-71.0913 33.3121 -33.7432  255 255 255
48.8821 21.5753 -37.5306  255 255 255
49.334 19.9579 -38.6378  255 255 255
1.662 59.0707 -72.2518  255 255 255
-31.5441 57.7075 -45.3126  255 255 255
26.3358 54.4609 -92.7875  255 255 255
57.3531 -43.8608 14.0625  255 255 255
48.1549 0.885126 -12.5251  255 255 255
3.9254 48.4457 -81.1522  255 255 255
42.7262 66.6363 -94.1171  255 255 255
10.5549 68.6899 -68.1597  255 255 255
-64.5128 -9.08149 -17.1686  255 255 255
-33.0438 34.841 -64.6517  255 255 255
35.2597 75.9081 -80.378  255 255 255
-7.57298 66.7281 -57.0607  255 255 255
-53.4833 41.3768 -42.6206  255 255 255
-30.9612 -56.4636 33.3203  255 255 255
9.14727 -22.6388 32.6337  255 255 255
-22.686 -15.828 25.7102  255 255 255
-23.1292 -16.5547 24.9534  255 255 255
-51.1212 49.5777 -37.0178  255 255 255
-54.5806 31.2557 -51.3184  255 255 255
51.4396 -11.3933 -13.2208  255 255 255
51.8012 -12.0019 -12.6227  255 255 255
52.7251 -2.43403 -4.03501  255 255 255
4.34598 -26.2242 36.177  255 255 255
53.1545 -13.6865 -10.0154  255 255 255
53.5576 -17.0046 -12.176  255 255 255
-46.6537 39.7094 -49.2055  255 255 255
57.9076 -25.3926 -7.0253  255 255 255
58.5525 -22.0386 -3.69178  255 255 255
-41.6787 42.0465 -50.6442  255 255 255
-58.9622 39.204 -41.6357  255 255 255
-110.869 46.7446 -62.5912  255 255 255
-50.6226 34.2299 -51.3974  255 255 255
-30.91 44.9163 -57.2207  255 255 255
-11.8798 51.8252 -66.0135  255 255 255
-7.31957 -22.6519 34.3938  255 255 255
-36.5851 46.6496 -51.0715  255 255 255
46.7593 64.1653 -99.1904  255 255 255
16.5283 66.7409 -74.6583  255 255 255
46.8536 64.2845 -99.6596  255 255 255
45.6107 66.6211 -96.3163  255 255 255
-14.4163 60.1411 -56.3692  255 255 255
-30.0808 49.6449 -53.3628  255 255 255
21.9658 40.2179 -79.2159  255 255 255
44.3791 61.9161 -99.2478  255 255 255
-19.265 -25.5872 34.209  255 255 255
-22.0968 -6.3813 16.6749  255 255 255
-33.6741 26.9775 -61.4575  255 255 255
2.49265 27.8768 -64.2543  255 255 255
23.3902 42.3888 -82.3302  255 255 255
-17.5223 -22.1154 31.6995  255 255 255
26.0661 59.2506 -88.4048  255 255 255
-10.0523 -18.199 33.8658  255 255 255
-33.5391 28.2835 -62.4264  255 255 255
2.80917 -20.4098 35.2853  255 255 255
-14.7793 -19.426 31.5725  255 255 255
-1.87727 -21.7227 35.281  255 255 255
-16.0206 -20.086 32.1452  255 255 255
0.787309 -8.86122 34.6286  255 255 255
10.9644 -37.4676 29.5931  255 255 255
56.2807 -14.3143 -3.68997  255 255 255
-25.2419 -4.2777 9.94864  255 255 255
52.3109 -11.6324 -10.8088  255 255 255
49.0125 -0.73528 -11.6568  255 255 255
48.6607 -4.57724 -15.1353  255 255 255
-0.339396 -22.1916 35.0795  255 255 255
6.39565 -16.6299 34.7111  255 255 255
1.83449 -20.9045 35.3107  255 255 255
11.4374 -23.2094 32.9423  255 255 255
10.3183 -22.0448 31.9849  255 255 255
-17.4609 -25.6484 33.8683  255 255 255
22.922 -22.3477 26.4592  255 255 255
3.51621 -24.814 35.8717  255 255 255
5.23923 -23.6288 34.5157  255 255 255
-2.98886 -24.1568 35.6326  255 255 255
-26.15 -18.649 26.7538  255 255 255
-9.37135 -33.0059 35.7351  255 255 255
-14.1537 -19.5146 31.7488  255 255 255
5.40087 -22.8802 33.8658  255 255 255
48.2636 3.46399 -11.3718  255 255 255
3.39831 -29.7781 36.9028  255 255 255
-19.0894 -23.2755 31.3505  255 255 255
-0.625696 -24.9918 36.504  255 255 255
-1.15972 -34.2861 36.3395  255 255 255
11.1824 -27.5363 33.6052  255 255 255
-1.87833 -21.7237 35.2799  255 255 255
-10.4548 -20.9693 33.4692  255 255 255
-16.7441 -18.3621 30.6531  255 255 255
-9.63455 -19.5095 34.1263  255 255 255
17.4379 -42.6331 25.9364  255 255 255
-8.34114 -23.835 35.9058  255 255 255
-16.2944 -17.9595 29.9461  255 255 255
-9.50207 -14.5227 35.0521  255 255 255
47.7815 9.36733 -7.72046  255 255 255
3.73967 -13.9861 35.5381  255 255 255
-15.0675 -16.1035 30.9329  255 255 255
-10.0853 -13.0556 33.8477  255 255 255
4.92833 -17.6198 35.2708  255 255 255
48.2476 9.31825 -6.76166  255 255 255
51.5925 0.704543 -4.92757  255 255 255
56.4293 -15.3594 -4.53136  255 255 255
57.2958 -19.9716 -5.15209  255 255 255
21.697 38.4417 -77.5446  255 255 255
1.05234 -56.4583 31.4225  255 255 255
-14.9607 -29.1402 37.8814  255 255 255
11.5637 -26.1703 32.6211  255 255 255
-14.1094 -18.9059 31.4142  255 255 255
6.33528 -30.0128 36.9764  255 255 255
-17.2415 -16.3694 28.0954  255 255 255
6.79421 -7.40719 31.9851  255 255 255
3.15888 -7.96937 33.7248  255 255 255
1.05941 -7.46492 33.7563  255 255 255
-10.9057 -3.42009 28.5152  255 255 255
22.8156 54.991 -89.8123  255 255 255
-0.678975 60.9115 -67.03  255 255 255
50.1647 -14.4859 -17.2327  255 255 255
50.8106 -15.3521 -16.8781  255 255 255
-78.6047 -52.5193 33.2239  255 255 255
-32.4085 35.6183 -64.5986  255 255 255
-32.0351 25.3377 -57.6882  255 255 255
-23.4565 -21.8904 30.1658  255 255 255
-27.7371 27.2067 -61.2388  255 255 255
-2.83597 42.6724 -79.39  255 255 255
23.3024 -19.0269 22.7707  255 255 255
54.7752 -47.1502 17.9511  255 255 255
-0.756479 -9.33855 34.8825  255 255 255
4.49837 -29.5803 36.5338  255 255 255
-10.9385 -23.6584 35.6323  255 255 255
43.3267 60.1752 -100.259  255 255 255
-8.044 -23.9811 35.9456  255 255 255
51.8832 18.135 -33.5783  255 255 255
2.2164 -10.0662 34.9219  255 255 255
-32.1306 34.1925 -65.3232  255 255 255
-39.1568 49.8354 -45.2752  255 255 255
-19.007 54.6211 -57.7237  255 255 255
-8.46087 -22.7477 34.6109  255 255 255
9.64925 -38.1653 30.0467  255 255 255
-31.8912 35.2035 -64.6744  255 255 255
-7.8578 -17.1171 35.111  255 255 255
-17.9375 -18.4645 30.481  255 255 255
3.3863 -32.6232 37.3988  255 255 255
2.8076 -13.6112 35.6285  255 255 255
-34.6181 38.5801 -59.9695  255 255 255
28.1976 60.2969 -89.1383  255 255 255
14.8394 -21.5702 30.8767  255 255 255
-27.7899 41.1881 -62.9793  255 255 255
-36.515 53.6419 -44.9981  255 255 255
-40.9204 51.8866 -42.9796  255 255 255
-13.7395 -12.3658 31.4706  255 255 255
9.26984 57.4626 -76.4332  255 255 255
-18.0033 57.4126 -54.6746  255 255 255
23.2459 42.1306 -81.2205  255 255 255
-39.8897 53.0413 -42.7875  255 255 255
11.089 -37.7 29.5989  255 255 255
55.9056 -46.1514 16.753  255 255 255
10.5706 57.9751 -77.1829  255 255 255
6.69028 -0.324489 23.7848  255 255 255
50.023 21.5167 -34.8281  255 255 255
10.8278 -28.364 34.6863  255 255 255
-5.82838 -25.5188 36.5781  255 255 255
5.78488 -19.9776 34.536  255 255 255
-14.3366 -21.209 33.3413  255 255 255
20.9816 -12.6363 19.9855  255 255 255
-17.1546 -25.0578 33.3575  255 255 255
14.6917 -20.3925 29.6984  255 255 255
18.8165 54.0114 -87.6065  255 255 255
-9.58674 56.3154 -63.4046  255 255 255
-38.0105 44.7012 -51.6442  255 255 255
-34.3132 36.876 -61.2296  255 255 255
12.9467 -34.5005 30.7965  255 255 255
-24.6153 16.0849 -48.9934  255 255 255
46.4827 24.0599 -41.3582  255 255 255
-28.9024 11.9146 -43.8558  255 255 255
-12.43 -23.1552 35.276  255 255 255
-11.9303 -20.3805 32.6585  255 255 255
-43.7327 48.1926 -43.9015  255 255 255
0.947812 -23.5857 34.8608  255 255 255
-63.7876 27.2699 -47.5981  255 255 255
-68.8108 34.341 -34.5818  255 255 255
1.59239 -24.2803 35.448  255 255 255
13.8542 -22.5934 32.0591  255 255 255
15.1468 -27.497 33.3768  255 255 255
-20.3461 -24.9791 33.5825  255 255 255
28.3706 28.4008 -66.4619  255 255 255
-25.3437 54.7894 -51.7823  255 255 255
19.0153 -16.0565 24.3034  255 255 255
27.5009 59.691 -88.9844  255 255 255
-25.3036 -15.0063 22.3677  255 255 255
7.40204 57.6577 -76.4381  255 255 255
-16.8388 57.32 -56.9152  255 255 255
3.8197 53.2998 -75.7588  255 255 255
-16.8285 -24.7837 32.9436  255 255 255
-16.5293 -23.4351 32.0776  255 255 255
29.2227 15.0678 -50.9238  255 255 255
-16.9556 -23.8879 31.9784  255 255 255
-10.0235 -7.78149 31.9598  255 255 255
14.4978 -28.0773 33.8402  255 255 255
-46.3519 42.0669 -47.0465  255 255 255
-17.5158 57.3565 -56.2168  255 255 255
-42.3216 44.201 -49.1905  255 255 255
-47.7942 30.9245 -57.6689  255 255 255
50.1712 20.0756 -35.747  255 255 255
-48.195 30.1899 -58.2892  255 255 255
-41.9117 50.4378 -43.3664  255 255 255
-51.5894 33.6111 -50.3813  255 255 255
24.7624 -15.4688 18.6086  255 255 255
-41.7621 51.7454 -42.6393  255 255 255
48.9384 28.3015 -33.2065  255 255 255
50.3719 -11.1075 -15.5408  255 255 255
50.7058 -15.3629 -16.6531  255 255 255
0.688159 -12.7436 35.6882  255 255 255
2.52304 -14.5447 35.7218  255 255 255
8.83509 -29.3412 35.9276  255 255 255
-5.86968 -58.4858 34.3192  255 255 255
49.2663 -40.6058 10.3386  255 255 255
-22.3274 -57.1027 33.6929  255 255 255
54.3412 -9.62885 -4.84632  255 255 255
-20.233 -23.8819 32.2472  255 255 255
54.442 -16.5219 -9.07133  255 255 255
-16.5288 -23.445 32.0367  255 255 255
55.105 -16.0517 -7.56986  255 255 255
-12.3365 -20.1837 32.3636  255 255 255
-15.315 -16.0252 30.6368  255 255 255
52.9035 -9.85423 -9.11865  255 255 255
-23.7223 -53.6372 30.0944  255 255 255
-10.0957 -13.5472 33.8222  255 255 255
-8.07391 -20.9735 34.4697  255 255 255
-3.33621 -21.9959 35.0357  255 255 255
-3.62398 -22.4691 34.9241  255 255 255
-4.02668 -22.6523 34.9094  255 255 255
-12.4352 -23.1322 35.3317  255 255 255
53.935 -13.884 -9.38186  255 255 255
58.1163 -23.5065 -5.89411  255 255 255
58.0131 -25.8221 -7.77798  255 255 255
57.1103 -22.6519 -7.36143  255 255 255
-20.3966 -55.4413 31.8143  255 255 255
44.7433 -37.9157 7.20606  255 255 255
-6.82161 -10.2655 34.3913  255 255 255
-31.5186 -49.4664 25.9023  255 255 255
-72.7396 1.47273 -29.9443  255 255 255
-0.0215723 -25.4302 36.845  255 255 255
2.3745 -29.6277 36.8153  255 255 255
24.5929 -17.5338 21.0115  255 255 255
18.8107 -21.8942 27.2545  255 255 255
16.6257 -27.6221 33.0302  255 255 255
13.6128 -30.1928 34.3734  255 255 255
-1.37924 -31.5304 38.772  255 255 255
-28.8836 -52.3674 28.7767  255 255 255
-26.0764 -56.0465 32.7973  255 255 255
-26.7604 -56.4876 33.3091  255 255 255
7.50967 -2.0871 26.4048  255 255 255
49.8662 -7.44235 -12.9088  255 255 255
12.234 -10.9585 30.3758  255 255 255
4.21257 -29.2807 36.2827  255 255 255
-18.2453 -17.211 29.3469  255 255 255
-23.6427 -16.4411 24.3018  255 255 255
-15.6484 -18.8802 30.7672  255 255 255
-12.959 -21.9795 33.9623  255 255 255
-13.1963 -26.5152 34.4869  255 255 255
6.70666 -30.434 37.3995  255 255 255
17.847 -18.1766 26.8314  255 255 255
18.8155 -22.8651 27.8499  255 255 255
9.17027 -23.3753 33.7125  255 255 255
6.19063 -23.2818 33.9698  255 255 255
49.5447 -46.7944 17.0844  255 255 255
15.8207 -19.1659 28.2258  255 255 255
22.0563 -20.8463 24.7116  255 255 255
18.1374 -25.9915 31.3488  255 255 255
15.3205 -26.6956 32.3702  255 255 255
15.3278 -26.7126 32.3267  255 255 255
-7.12188 -23.693 35.0151  255 255 255
13.0567 -32.5818 32.6646  255 255 255
2.23789 -41.2858 29.8806  255 255 255
17.9999 -23.4508 28.6078  255 255 255
-9.7997 -29.4656 37.9516  255 255 255
-18.7389 -37.9365 25.5364  255 255 255
6.73548 -34.0128 37.4801  255 255 255
-20.5639 -8.05766 18.586  255 255 255
-2.7805 -15.6659 35.9016  255 255 255
-13.2769 53.8566 -62.8962  255 255 255
-35.4921 6.93236 -38.1237  255 255 255
-21.4752 -8.35905 19.3246  255 255 255
-23.5207 -23.3474 31.909  255 255 255
-13.0671 -4.589 27.8955  255 255 255
-21.3284 -6.46544 17.0407  255 255 255
-10.269 48.1527 -70.448  255 255 255
-2.65451 -8.84131 35.0239  255 255 255
-10.1681 -1.78176 27.5494  255 255 255
-7.52371 -7.20332 32.6964  255 255 255
-45.8324 -24.8943 -1.17775  255 255 255
-62.6672 31.555 -44.0044  255 255 255
-60.6619 42.6862 -35.2356  255 255 255
2.13582 -9.57018 34.7248  255 255 255
7.09241 -7.72209 31.9709  255 255 255
-8.59865 -10.2032 33.7169  255 255 255
26.3622 58.4271 -89.6323  255 255 255
0.910385 -12.0433 35.5555  255 255 255
-12.0138 -22.6399 34.835  255 255 255
47.9395 66.4485 -98.2337  255 255 255
-9.62898 -29.1302 37.2788  255 255 255
6.90471 68.9204 -64.7527  255 255 255
-24.443 53.604 -54.6346  255 255 255
-26.9985 52.8003 -53.2576  255 255 255
-9.64298 -17.1201 34.3429  255 255 255
15.1637 21.4408 -57.7385  255 255 255
21.6423 22.7543 -59.5573  255 255 255
17.3579 22.2623 -58.4897  255 255 255
9.90738 -33.5608 33.7603  255 255 255
14.3747 -17.2428 29.2815  255 255 255
-48.6352 -4.64958 -23.9689  255 255 255
-21.5863 -14.3139 26.0757  255 255 255
-63.0076 -14.063 -12.423  255 255 255
21.266 -3.56501 4.38017  255 255 255
-15.6958 -39.8328 28.586  255 255 255
-50.0704 -0.931369 -28.2549  255 255 255
49.9904 20.642 -36.4319  255 255 255
20.94 -20.6848 24.8697  255 255 255
-2.66997 16.0204 -50.4126  255 255 255
10.1136 -28.9817 35.4763  255 255 255
15.406 -33.924 29.955  255 255 255
7.97849 -4.13787 29.2511  255 255 255
-6.30956 -46.0306 32.0195  255 255 255
-9.98293 -32.8452 35.5358  255 255 255
1.34916 -39.766 31.8458  255 255 255
-52.8974 34.7686 -49.1008  255 255 255
-52.2797 38.7814 -46.0094  255 255 255
-69.3798 29.0736 -43.424  255 255 255
-19.0454 -22.7302 31.0603  255 255 255
-49.0991 39.986 -46.081  255 255 255
-35.1439 32.2934 -65.3018  255 255 255
50.3363 34.8553 -75.2738  255 255 255
-3.65953 1.34444 21.782  255 255 255
-40.0438 43.8121 -50.4245  255 255 255
-31.0278 -51.3133 27.9928  255 255 255
20.0137 -14.6225 22.5215  255 255 255
-47.0886 -26.7321 0.482552  255 255 255
-37.928 -52.8475 29.6513  255 255 255
-22.5731 -7.40242 18.0717  255 255 255
48.2438 21.3999 -39.2164  255 255 255
-33.2876 3.04823 -33.675  255 255 255
-18.1829 -14.0923 27.2261  255 255 255
-25.5637 18.163 -51.0979  255 255 255
34.9257 -51.1991 22.9933  255 255 255
46.2679 -31.8202 -0.304419  255 255 255
53.8214 -13.3348 -9.11869  255 255 255
-38.0876 -49.7132 26.1105  255 255 255
23.1997 20.3269 -56.4103  255 255 255
-14.3781 -7.5398 28.8066  255 255 255
-39.8026 45.0609 -50.022  255 255 255
52.9205 -19.1907 -14.2583  255 255 255
-25.6536 -56.1204 32.8273  255 255 255
-36.178 33.8921 -62.6949  255 255 255
16.2123 29.2302 -66.6231  255 255 255
47.1028 -41.3018 11.2106  255 255 255
-23.0473 28.2431 -62.7565  255 255 255
4.3249 -16.254 35.3221  255 255 255
-23.9753 7.87564 -39.1202  255 255 255
-4.56539 18.2601 -52.6772  255 255 255
-26.0501 -56.0003 32.9538  255 255 255
54.1677 -47.4536 18.4506  255 255 255
3.78711 -14.7844 35.5515  255 255 255
-69.8884 30.6214 -40.32  255 255 255
46.7957 7.68577 -11.8175  255 255 255
52.209 -11.0907 -10.7244  255 255 255
-7.88333 -12.7343 34.66  255 255 255
-12.4321 -28.7834 36.8533  255 255 255
-0.460392 -13.9522 36.0506  255 255 255
-69.3945 26.7224 -45.3805  255 255 255
-106.229 -7.80742 -15.3294  255 255 255
-64.7505 -1.59433 -26.9127  255 255 255
-76.2636 8.55124 -37.472  255 255 255
-74.628 7.63569 -36.3372  255 255 255
-63.4648 33.8607 -39.9112  255 255 255
12.1425 -14.4375 31.1796  255 255 255
-74.2974 16.5919 -46.8771  255 255 255
-74.4658 37.657 -30.3628  255 255 255
-29.7324 -52.4615 29.0253  255 255 255
-2.56739 -11.6407 35.7077  255 255 255
-51.2613 28.7032 -53.1031  255 255 255
-73.3718 29.7015 -45.051  255 255 255
-16.8119 54.2494 -59.9415  255 255 255
13.1594 61.0354 -74.9074  255 255 255
-48.5581 32.7377 -56.2404  255 255 255
-49.518 46.7305 -40.6324  255 255 255
-69.1249 38.7129 -32.6499  255 255 255
-19.6989 52.4882 -57.8542  255 255 255
-39.3029 44.8224 -50.4942  255 255 255
-60.6345 -12.2819 -14.5189  255 255 255
-67.3655 -1.19475 -26.6552  255 255 255
-33.0583 -57.8024 35.1744  255 255 255
-35.1877 -51.8097 28.606  255 255 255
-5.74326 -6.58192 32.8631  255 255 255
-21.0612 -7.32564 17.9693  255 255 255
6.45714 -17.0816 34.5419  255 255 255
-16.3674 -22.6263 32.3858  255 255 255
13.8525 -33.9431 30.8717  255 255 255
17.4927 17.9707 -53.7628  255 255 255
-38.0353 15.7983 -48.1472  255 255 255
-39.0928 14.2699 -45.9445  255 255 255
9.49226 -2.24531 26.0772  255 255 255
-0.0870047 -8.13537 34.3071  255 255 255
4.91973 -9.67989 33.8518  255 255 255
4.92126 -9.68659 33.8226  255 255 255
19.3239 -15.7384 23.9098  255 255 255
18.368 -16.6177 25.0286  255 255 255
5.67491 -15.7818 34.8953  255 255 255
-22.4436 -16.3229 25.9645  255 255 255
4.96829 -19.5567 34.911  255 255 255
-8.51617 -23.9458 35.9944  255 255 255
-1.19197 -32.2711 38.2951  255 255 255
52.8329 -40.7779 10.417  255 255 255
-30.766 17.7429 -50.2502  255 255 255
31.5199 12.7849 -48.6643  255 255 255
-38.2201 16.8316 -48.5015  255 255 255
28.6655 12.0078 -47.3279  255 255 255
25.1444 11.2099 -46.6166  255 255 255
24.8883 10.1693 -45.4375  255 255 255
-2.85474 2.40413 21.6063  255 255 255
10.0591 -4.8832 28.5024  255 255 255
-70.6033 -1.38726 -26.2592  255 255 255
25.7045 -11.127 13.144  255 255 255
-21.8534 -8.41467 19.1351  255 255 255
4.65235 -21.5293 34.395  255 255 255
2.09507 -24.7544 35.9621  255 255 255
13.4763 -33.345 31.6216  255 255 255
-30.5213 -49.9092 26.4704  255 255 255
-48.2452 -55.6972 34.7696  255 255 255
-1.55065 2.28122 20.944  255 255 255
12.3165 -8.37744 29.0907  255 255 255
12.7451 -22.8064 32.2682  255 255 255
-6.23372 -22.8971 34.5479  255 255 255
9.13522 -28.5615 35.009  255 255 255
-2.35816 -29.7009 37.2749  255 255 255
34.8634 -44.8425 16.0838  255 255 255
-35.5344 -49.1627 25.2792  255 255 255
8.70962 -2.73144 27.8183  255 255 255
-25.6741 -7.47965 13.6957  255 255 255
9.5751 -10.5367 31.9033  255 255 255
4.42201 -24.1858 35.024  255 255 255
-0.137237 -24.7838 36.3231  255 255 255
-23.0801 -55.5448 32.6635  255 255 255
-44.0077 -9.23173 -18.8163  255 255 255
49.7505 -44.3519 14.8441  255 255 255
-34.1728 -49.889 26.4006  255 255 255
15.1654 -9.39159 26.7669  255 255 255
-43.6482 -10.5281 -17.1725  255 255 255
-29.5071 -57.5258 34.8133  255 255 255
23.6806 -34.5915 18.6845  255 255 255
-21.7882 -55.5678 32.0834  255 255 255
20.102 -33.0226 23.6961  255 255 255
-43.7627 -56.0661 34.4215  255 255 255
3.84052 -15.8269 35.5668  255 255 255
-59.0504 -12.5342 -14.3875  255 255 255
-55.0161 -24.1101 -1.40143  255 255 255
53.6844 -5.08279 -3.81679  255 255 255
25.7763 -16.4932 19.4574  255 255 255
-1.92966 -28.7871 36.3195  255 255 255
31.3554 12.1323 -48.1119  255 255 255
18.4345 -36.4471 23.3517  255 255 255
37.0099 -48.7243 20.1289  255 255 255
13.0402 -31.3766 33.6605  255 255 255
-29.1496 -27.2027 15.4213  255 255 255
-53.4756 -28.5267 3.40948  255 255 255
-23.259 -23.057 31.6641  255 255 255
-17.4172 -26.7586 35.2461  255 255 255
3.25535 -20.089 35.2674  255 255 255
19.4695 53.8382 -88.1825  255 255 255
-61.3262 -12.4352 -14.8542  255 255 255
-0.775448 -30.4268 37.9795  255 255 255
-10.8644 -35.8879 32.4854  255 255 255
-9.63474 -34.7427 33.7264  255 255 255
6.2031 -31.5044 38.5686  255 255 255
-18.1373 -59.2194 35.6656  255 255 255
-18.8342 -58.1593 34.7068  255 255 255
-7.58637 64.7349 -57.633  255 255 255
-80.7019 -11.6548 -14.2467  255 255 255
-5.91154 0.467884 23.7034  255 255 255
-3.91933 -11.8802 35.4813  255 255 255
-2.05585 -18.2473 36.0819  255 255 255
-1.45385 -19.3583 35.972  255 255 255
-1.17728 -17.0352 36.1974  255 255 255
-18.5023 56.8268 -56.2842  255 255 255
47.8735 15.2452 -4.16115  255 255 255
6.31745 -13.0807 34.5579  255 255 255
-4.90734 -10.5766 34.9711  255 255 255
-21.7304 -6.94957 17.4051  255 255 255
48.8135 64.1908 -100.925  255 255 255
24.4547 62.9967 -84.174  255 255 255
12.8337 70.9235 -67.8662  255 255 255
-15.4964 -17.8679 30.3064  255 255 255
-7.96916 -15.1608 34.9657  255 255 255
-2.24891 -12.2749 35.7449  255 255 255
-5.7135 -13.7233 35.4543  255 255 255
-52.2194 40.3215 -44.5811  255 255 255
-52.2652 41.292 -42.0267  255 255 255
13.0901 -15.9345 30.5456  255 255 255
11.0031 -9.67682 30.757  255 255 255
14.5507 -14.2786 29.2014  255 255 255
16.1882 -25.9288 31.3604  255 255 255
8.05315 -39.1602 29.8127  255 255 255
14.3645 -10.3149 28.289  255 255 255
13.0576 -10.0263 29.3696  255 255 255
14.0534 -8.49655 27.6158  255 255 255
11.505 -29.9858 35.8174  255 255 255
8.8999 -9.2672 31.7019  255 255 255
2.71728 -9.13469 34.3695  255 255 255
1.62627 -12.3547 35.5402  255 255 255
-39.9491 40.1739 -54.2251  255 255 255
3.94194 47.1573 -81.9271  255 255 255
52.1779 -20.948 -12.0702  255 255 255
15.6876 -19.4943 28.6816  255 255 255
-17.8173 -24.5361 32.5912  255 255 255
-13.1159 51.6251 -66.2489  255 255 255
-13.1159 51.6251 -66.2489  255 255 255
45.7446 25.0333 -42.217  255 255 255
2.5896 46.981 -81.0657  255 255 255
22.0164 18.8566 -54.3419  255 255 255
28.9355 16.5642 -52.3761  255 255 255
49.002 -5.48041 -14.3999  255 255 255
51.3748 -8.23044 -10.9171  255 255 255
48.6935 -7.27803 -15.6506  255 255 255
53.5655 -13.6256 -9.23102  255 255 255
49.0742 -20.4546 -13.0856  255 255 255
3.06628 -14.5857 35.6502  255 255 255
59.0738 -28.508 -3.96979  255 255 255
59.2963 -28.7949 -3.60247  255 255 255
1.22498 -16.6023 36.1067  255 255 255
20.5574 -22.5572 27.1448  255 255 255
-13.3025 -14.8148 31.9369  255 255 255
17.0552 -25.5361 30.9486  255 255 255
15.8734 -25.5901 31.0453  255 255 255
13.7252 -28.0307 33.9008  255 255 255
-12.6114 -22.4395 34.7277  255 255 255
-12.7332 -22.7164 34.7216  255 255 255
-8.70523 -24.0821 36.4031  255 255 255
44.6576 -42.1034 12.3025  255 255 255
36.0019 -46.7196 17.9419  255 255 255
24.0062 -54.6015 27.6297  255 255 255
-1.0055 -58.8691 34.0258  255 255 255
-20.5245 -55.0338 31.327  255 255 255
-32.4586 -53.7428 30.5326  255 255 255
4.59982 48.5401 -81.7341  255 255 255
50.973 35.4381 -75.8395  255 255 255
41.5011 29.845 -68.81  255 255 255
48.7285 6.95831 -7.61214  255 255 255
-26.4614 18.7675 -51.8793  255 255 255
-53.5217 -4.09574 -24.8183  255 255 255
58.3299 -41.4011 11.1562  255 255 255
55.0311 -42.9748 12.5507  255 255 255
42.8263 -45.0681 15.6498  255 255 255
-11.9123 -33.3347 34.0192  255 255 255
-35.4827 -49.9468 26.7111  255 255 255
-27.701 48.1885 -56.0649  255 255 255
-11.1481 48.1567 -69.631  255 255 255
49.383 6.62639 -5.98822  255 255 255
50.0155 -7.35616 -13.4661  255 255 255
-42.0335 -9.06497 -20.4787  255 255 255
4.14601 -24.795 35.9711  255 255 255
-22.8748 -21.0505 28.564  255 255 255
-16.3742 -25.3826 33.779  255 255 255
33.5339 -47.9456 18.807  255 255 255
-3.7019 -59.494 35.3679  255 255 255
3.66047 48.8117 -80.1197  255 255 255
-8.83451 -3.54742 29.5955  255 255 255
34.9478 -47.3521 18.2782  255 255 255
29.9441 19.5429 -55.8047  255 255 255
-24.1964 10.687 -42.8688  255 255 255
37.7427 -48.9526 20.4482  255 255 255
48.8789 -42.9033 12.8328  255 255 255
-33.745 -52.812 29.5308  255 255 255
45.401 -44.3831 14.9297  255 255 255
45.6252 -45.0334 16.8942  255 255 255
34.7609 -46.2248 17.4903  255 255 255
-32.463 -51.8636 28.4624  255 255 255
49.7339 -13.8072 -18.4288  255 255 255
5.76198 -22.5811 33.7194  255 255 255
34.9634 -47.3818 18.1732  255 255 255
-46.5616 45.0821 -45.2563  255 255 255
-8.54355 -29.5681 37.6672  255 255 255
49.5783 24.5012 -34.1715  255 255 255
-9.68113 -10.9936 33.5852  255 255 255
-22.7148 -54.822 30.7697  255 255 255
19.0894 33.1483 -70.9539  255 255 255
-0.652076 -23.9102 35.3751  255 255 255
-4.64253 22.7273 -57.3011  255 255 255
23.5806 -24.1996 27.7935  255 255 255
53.1995 -43.3391 12.9248  255 255 255
33.0774 -49.9261 21.7351  255 255 255
-23.1567 -55.7986 32.4481  255 255 255
-19.3296 -56.1 32.9102  255 255 255
-26.1747 -55.0489 31.6545  255 255 255
-29.1924 -54.8135 31.5688  255 255 255
-15.3426 -47.5798 27.4283  255 255 255
30.6255 16.8553 -53.7602  255 255 255
-6.38176 -26.9719 35.8327  255 255 255
-9.62397 -19.5189 34.1048  255 255 255
56.8454 -43.696 13.9101  255 255 255
-0.831291 -49.1692 29.5834  255 255 255
-35.4464 -51.7358 28.3099  255 255 255
-45.5153 -33.8762 9.03056  255 255 255
-67.2432 30.1389 -40.3922  255 255 255
6.12417 51.3376 -79.483  255 255 255
8.60517 60.8242 -67.0159  255 255 255
28.7934 63.9144 -86.0915  255 255 255
36.4658 75.0874 -82.4143  255 255 255
41.0386 70.4924 -90.2727  255 255 255
28.8259 63.9818 -86.2847  255 255 255
16.7027 -11.7879 25.4598  255 255 255
8.57869 -23.5959 33.8893  255 255 255
7.3469 -23.9589 34.5319  255 255 255
31.149 74.688 -78.7638  255 255 255
-25.8826 -57.1188 33.8676  255 255 255
-27.746 43.1693 -61.0496  255 255 255
43.0512 76.8788 -85.4272  255 255 255
41.5464 73.7231 -87.0344  255 255 255
46.1088 29.6712 -38.8941  255 255 255
53.3757 -7.36596 -6.09552  255 255 255
-33.5291 35.7215 -63.6899  255 255 255
0.153685 65.4221 -62.7257  255 255 255
-27.4173 -55.317 32.1463  255 255 255
-1.23766 -39.5082 32.3171  255 255 255
23.6162 60.3508 -85.7021  255 255 255
-32.9014 33.9768 -65.2413  255 255 255
-11.1232 48.1905 -69.8882  255 255 255
-29.4953 -56.4681 33.5834  255 255 255
-30.3926 -51.5724 28.126  255 255 255
-21.7607 -55.4156 31.8345  255 255 255
58.446 -25.1429 -5.54796  255 255 255
-27.397 -53.7243 30.379  255 255 255
-26.9877 -54.4422 31.2535  255 255 255
49.3915 -15.1677 -18.2268  255 255 255
-21.4646 9.77419 -41.7604  255 255 255
-20.794 -4.81088 14.8218  255 255 255
50.3193 -16.0543 -16.6491  255 255 255
47.1967 -1.3795 -16.5883  255 255 255
-80.6204 28.7379 -33.3936  255 255 255
11.7935 64.3499 -73.3034  255 255 255
26.046 63.3927 -84.4768  255 255 255
52.0578 41.1241 -82.6906  255 255 255
43.8496 35.6829 -74.452  255 255 255
18.4621 31.1511 -69.0592  255 255 255
24.7861 23.2312 -60.1254  255 255 255
54.5098 68.1632 -101.582  255 255 255
21.048 20.2791 -56.5258  255 255 255
23.1393 64.9897 -82.1008  255 255 255
13.1594 61.0354 -74.9074  255 255 255
22.2412 37.0866 -76.5008  255 255 255
-40.5764 38.0057 -56.22  255 255 255
31.8033 40.8853 -80.3428  255 255 255
17.9778 36.8844 -75.4161  255 255 255
22.0584 62.5605 -83.0487  255 255 255
17.9961 35.6119 -73.2961  255 255 255
-44.8488 48.8753 -42.3624  255 255 255
-74.3065 29.0945 -42.7186  255 255 255
-70.387 27.6258 -45.433  255 255 255
18.0102 71.5737 -70.8806  255 255 255
15.2309 -28.742 34.442  255 255 255
-27.2862 -53.2152 29.6394  255 255 255
-34.8959 -48.9243 25.5345  255 255 255
-6.02636 -10.792 34.7328  255 255 255
15.2813 -16.2272 28.1954  255 255 255
14.5428 -4.78395 23.0692  255 255 255
50.3108 -14.1532 -18.0231  255 255 255
21.9637 -34.403 19.0665  255 255 255
-16.1195 -25.7438 33.9341  255 255 255
-74.5534 7.15908 -36.0324  255 255 255
42.5301 -44.9349 15.5885  255 255 255
6.91382 -10.0919 33.0305  255 255 255
5.94794 48.4761 -82.4972  255 255 255
15.1955 -39.9525 25.8488  255 255 255
-26.5265 -9.13783 15.8591  255 255 255
50.6469 17.9645 -36.7645  255 255 255
-44.1737 -25.2475 -0.808018  255 255 255
49.8905 -14.3125 -17.6796  255 255 255
51.8298 -47.5184 18.2611  255 255 255
6.25595 -31.124 38.1178  255 255 255
18.9271 40.8781 -80.5168  255 255 255
15.861 -29.1987 34.4706  255 255 255
-3.95177 -7.66392 33.875  255 255 255
30.2109 -52.1721 24.3458  255 255 255
-42.729 39.7998 -52.0763  255 255 255
12.0032 -33.5795 32.4893  255 255 255
-48.8737 41.239 -45.8363  255 255 255
21.6438 -23.2711 27.6898  255 255 255
46.7204 -43.458 13.1542  255 255 255
-4.03691 -9.12654 34.5421  255 255 255
19.6628 38.0096 -76.2619  255 255 255
50.1157 -14.3153 -18.2629  255 255 255
20.4886 -29.0079 27.0739  255 255 255
9.39343 -5.08539 29.2002  255 255 255
-45.6737 -26.814 1.14147  255 255 255
11.5621 -33.9461 32.398  255 255 255
-4.37455 -16.2942 35.9183  255 255 255
-21.0055 -3.45043 13.3559  255 255 255
-50.7515 -28.8084 3.34288  255 255 255
45.616 -45.7985 16.3639  255 255 255
52.5764 -4.41177 -5.96188  255 255 255
47.5395 -46.1928 16.704  255 255 255
-36.6731 6.46971 -37.2531  255 255 255
-30.0586 -51.1991 27.5064  255 255 255
49.3314 33.4679 -30.3092  255 255 255
48.5957 -12.1371 -19.9634  255 255 255
48.4243 29.054 -33.822  255 255 255
-3.02886 -29.9816 37.678  255 255 255
16.8564 -15.2464 26.0555  255 255 255
5.14195 -40.3644 30.6906  255 255 255
-4.48934 -11.1158 35.1825  255 255 255
-4.10115 1.41987 21.9783  255 255 255
48.9818 -48.5189 19.3983  255 255 255
-28.0649 -54.3933 31.0206  255 255 255
50.3096 -2.54419 -9.868  255 255 255
-8.60318 13.4173 -46.7815  255 255 255
-67.6983 -1.69139 -26.7035  255 255 255
13.3709 -14.0136 30.3642  255 255 255
12.8167 -18.778 30.9332  255 255 255
-1.07002 -1.42506 27.5312  255 255 255
14.4857 -4.80877 23.6797  255 255 255
6.84317 -30.8642 37.6243  255 255 255
7.88505 -38.654 30.6395  255 255 255
-32.3621 -50.7687 27.3547  255 255 255
-5.18232 -20.7565 35.2249  255 255 255
45.412 26.3254 -42.9723  255 255 255
-30.0363 -51.181 27.6109  255 255 255
-14.9892 -1.75906 22.9765  255 255 255
-4.44583 -9.01833 34.4085  255 255 255
2.09073 -10.6211 35.1346  255 255 255
12.675 -38.0484 28.207  255 255 255
-27.9411 -54.7635 31.5488  255 255 255
4.69473 -11.2114 34.4267  255 255 255
12.7689 -40.0415 26.2819  255 255 255
-32.894 -50.5533 29.2559  255 255 255
-24.0635 -22.8569 30.7518  255 255 255
-36.6182 5.70925 -36.123  255 255 255
-22.0539 -55.3515 31.8278  255 255 255
-22.7469 -6.86915 17.5548  255 255 255
-27.8383 -13.4715 20.7865  255 255 255
-27.369 -16.9475 25.0808  255 255 255
3.34475 -7.78632 33.5682  255 255 255
-12.562 -6.65396 29.8095  255 255 255
15.4249 -26.7852 32.371  255 255 255
-26.2907 -54.6603 31.7836  255 255 255
11.7054 -9.69265 30.0257  255 255 255
-9.2244 -10.2012 33.6655  255 255 255
-66.434 -0.81079 -27.9718  255 255 255
10.6928 -10.0446 31.1514  255 255 255
22.1301 -54.1888 27.5429  255 255 255
24.8826 62.7072 -84.5759  255 255 255
24.8826 62.7072 -84.5759  255 255 255
24.2182 61.0187 -85.2354  255 255 255
52.0877 65.559 -102.963  255 255 255
8.2968 56.0305 -75.6437  255 255 255
21.7553 54.7894 -89.6413  255 255 255
-74.689 29.3915 -42.6083  255 255 255
-13.217 -0.492313 23.3477  255 255 255
-22.217 -12.9762 24.4819  255 255 255
54.8809 -16.9087 -7.66294  255 255 255
12.3002 -28.537 34.5603  255 255 255
50.4067 -38.7304 8.31802  255 255 255
54.0382 -47.141 17.7138  255 255 255
12.068 59.4083 -77.2657  255 255 255
52.3767 67.4559 -100.535  255 255 255
-20.6451 51.8992 -57.9902  255 255 255
-13.4658 52.0709 -64.2456  255 255 255
19.1164 56.2554 -85.2627  255 255 255
2.21244 52.3567 -75.6961  255 255 255
20.5958 51.2854 -91.0693  255 255 255
-5.301 14.3412 -48.0662  255 255 255
26.7702 10.4613 -44.6294  255 255 255
-71.8769 2.78224 -31.4496  255 255 255
-64.2098 -2.46074 -25.1088  255 255 255
3.61165 -7.88797 33.6352  255 255 255
51.5482 -15.3644 -14.6246  255 255 255
33.7657 -38.3829 10.097  255 255 255
47.2079 -42.0352 12.2387  255 255 255
56.769 -43.5312 13.4335  255 255 255
27.2541 -53.6839 26.5196  255 255 255
-0.852927 -58.6507 33.8547  255 255 255
-75.3591 29.1568 -43.7396  255 255 255
23.9233 35.6219 -74.6771  255 255 255
49.6869 20.314 -36.6788  255 255 255
-6.40083 19.7215 -53.723  255 255 255
-71.6229 18.7516 -49.2497  255 255 255
48.9613 8.89109 -6.27507  255 255 255
-75.7903 9.74233 -38.4665  255 255 255
-22.1029 8.23573 -39.8584  255 255 255
-66.3722 0.199945 -28.3197  255 255 255
-7.89934 -4.25689 30.5833  255 255 255
-7.23404 -8.57895 33.6006  255 255 255
50.0563 -11.9679 -15.0332  255 255 255
-21.951 -12.6346 24.2442  255 255 255
52.5053 -12.9498 -11.3146  255 255 255
52.2661 -12.9533 -10.6565  255 255 255
-26.8185 -18.6057 26.6635  255 255 255
-3.40183 -38.807 32.5098  255 255 255
58.5087 -43.6593 13.5627  255 255 255
22.4985 -54.4393 27.3042  255 255 255
-70.9199 2.60116 -31.3392  255 255 255
20.6713 53.9261 -88.4821  255 255 255
-5.14377 -22.7517 34.6803  255 255 255
-38.6268 13.3981 -45.0648  255 255 255
43.8397 -46.8092 17.9601  255 255 255
19.6388 36.0481 -73.7565  255 255 255
45.3017 -45.9939 16.5938  255 255 255
-73.7293 28.594 -43.0085  255 255 255
46.9363 -44.5967 15.2787  255 255 255
41.6625 -29.7173 -2.00724  255 255 255
-38.5619 7.20143 -38.0242  255 255 255
6.96475 0.0540031 24.3878  255 255 255
50.2863 -14.9505 -18.0074  255 255 255
16.3176 -29.2274 35.1024  255 255 255
-3.01856 14.3632 -47.9425  255 255 255
-6.95308 -17.6656 35.2963  255 255 255
-34.3083 3.41643 -34.2617  255 255 255
-12.6574 -0.660626 24.1351  255 255 255
45.5847 -47.0661 18.0044  255 255 255
15.0143 -56.8766 30.8487  255 255 255
23.9915 28.1954 -65.8993  255 255 255
23.9915 28.1954 -65.8993  255 255 255
-19.9833 -3.10551 12.9184  255 255 255
51.9731 -15.8441 -14.8699  255 255 255
49.7768 -39.0631 8.33038  255 255 255
-27.5696 28.1322 -62.5311  255 255 255
-3.36364 22.5698 -57.7003  255 255 255
-3.45801 15.8049 -50.1491  255 255 255
24.4874 6.58937 -40.9302  255 255 255
-3.22121 -8.40581 34.3353  255 255 255
-27.7323 -9.98251 16.6729  255 255 255
-54.0946 -13.0426 -13.81  255 255 255
20.9607 -12.6401 20.0366  255 255 255
11.804 -14.3487 31.4715  255 255 255
22.4321 41.9131 -82.2228  255 255 255
47.5627 22.6017 -39.2656  255 255 255
-45.2215 -25.0354 -0.899321  255 255 255
49.8824 -39.5843 9.72216  255 255 255
50.2131 -41.614 11.2017  255 255 255
-11.6946 -10.451 32.4323  255 255 255
-62.8169 -13.4705 -13.5574  255 255 255
-0.858223 -58.5753 34.0896  255 255 255
-0.932323 -58.236 33.8874  255 255 255
46.172 26.8624 -40.9858  255 255 255
49.0497 -14.0045 -19.5878  255 255 255
49.0449 -42.4234 12.0258  255 255 255
3.50439 50.2449 -79.0505  255 255 255
-7.96113 13.7514 -47.0857  255 255 255
54.5884 -13.5137 -7.18427  255 255 255
-8.68348 -16.9452 34.6761  255 255 255
48.0837 -41.0232 10.8308  255 255 255
33.9308 -49.7851 21.7486  255 255 255
20.3188 40.9939 -78.9847  255 255 255
51.1211 -8.32921 -11.5201  255 255 255
5.9515 -18.3723 34.7471  255 255 255
46.8466 23.9395 -41.2869  255 255 255
-44.6923 -8.10445 -20.1638  255 255 255
29.7976 15.7802 -51.1299  255 255 255
-73.4139 3.31987 -31.9203  255 255 255
6.36912 -12.7501 34.3063  255 255 255
1.94579 -30.7289 38.0667  255 255 255
-36.2496 -52.1249 29.0087  255 255 255
15.7608 34.9166 -72.962  255 255 255
-71.2573 3.3785 -32.8169  255 255 255
7.9072 -42.1114 24.6501  255 255 255
-31.9462 -49.6072 25.8654  255 255 255
30.1086 14.3713 -49.5221  255 255 255
31.6612 13.4587 -49.1269  255 255 255
34.0996 -46.9866 18.3031  255 255 255
-32.1069 -50.1525 26.8056  255 255 255
-17.3612 -24.803 33.02  255 255 255
48.4796 37.8259 -28.6385  255 255 255
-72.4587 27.8406 -45.4398  255 255 255
-51.1998 33.1829 -51.2338  255 255 255
-72.7578 7.83454 -36.7978  255 255 255
-40.6467 15.6013 -47.6262  255 255 255
-57.2595 14.7194 -44.934  255 255 255
-61.2346 31.0285 -46.2828  255 255 255
-70.1638 34.3528 -42.2634  255 255 255
-52.3714 -6.67928 -22.2468  255 255 255
-62.2068 36.3826 -39.4725  255 255 255
-69.7681 25.3284 -45.1651  255 255 255
-74.8048 7.71216 -36.8184  255 255 255
-63.0423 -10.3548 -17.2564  255 255 255
38.6965 -43.3625 13.2559  255 255 255
-6.05642 -58.429 34.0788  255 255 255
-29.2382 -56.2382 33.3878  255 255 255
22.8228 -19.3472 23.1664  255 255 255
-37.6704 -50.0738 26.6629  255 255 255
2.56325 -12.442 35.3484  255 255 255
-68.4749 -54.8775 36.329  255 255 255
11.8281 -11.8148 31.0263  255 255 255
-33.4528 -24.8524 9.97562  255 255 255
-14.7971 -26.4065 34.65  255 255 255
-3.82843 -41.4483 30.3462  255 255 255
-23.4375 -21.8853 30.2974  255 255 255
10.2245 -28.4017 34.8541  255 255 255
-4.82047 -31.4612 39.5249  255 255 255
-32.8228 -55.0338 32.2132  255 255 255
3.55958 -22.2465 34.4419  255 255 255
-4.38143 -36.2251 35.9134  255 255 255
2.18485 -40.9086 30.3073  255 255 255
-6.19773 -30.5311 38.6722  255 255 255
-67.0519 -54.1715 34.962  255 255 255
6.47157 -31.9521 39.4045  255 255 255
-1.68987 -16.7873 36.1924  255 255 255
-37.9491 -57.8789 36.0388  255 255 255
1.60191 -15.7035 36.1289  255 255 255
2.72165 -14.6971 35.7063  255 255 255
-23.9079 -56.8877 34.2597  255 255 255
-14.7971 -26.4065 34.65  255 255 255
11.8332 -11.8237 30.9682  255 255 255
-82.6746 -49.4477 31.7892  255 255 255
25.0423 -9.55163 11.3382  255 255 255
8.36405 -35.7906 33.0301  255 255 255
6.32175 -12.596 34.2349  255 255 255
-1.65297 -19.5809 35.9031  255 255 255
-0.833988 -13.3416 35.9057  255 255 255
0.552205 -25.0252 36.4559  255 255 255
-33.9512 -51.5471 28.3927  255 255 255
49.9562 -13.8049 -18.1953  255 255 255
2.90227 -18.2159 35.6584  255 255 255
-30.2717 -55.6073 32.2771  255 255 255
3.73118 -14.4901 35.5592  255 255 255
10.7498 -14.7025 32.4745  255 255 255
-33.078 -57.5704 35.0127  255 255 255
-27.2581 -54.9065 31.956  255 255 255
3.39919 -12.8726 35.2863  255 255 255
-38.1988 -52.2882 29.4812  255 255 255
-4.38022 -16.2913 35.9239  255 255 255
-15.0782 -28.4653 37.261  255 255 255
-6.43889 -29.5242 37.4326  255 255 255
-4.70302 -31.6623 39.6423  255 255 255
55.8892 -44.0256 13.942  255 255 255
-28.8152 -56.448 33.4486  255 255 255
-22.7674 -56.7934 33.3821  255 255 255
12.2714 -19.4743 30.9418  255 255 255
8.87399 -25.8372 34.2377  255 255 255
-75.6633 -45.1627 23.1884  255 255 255
12.7574 -31.0763 34.0099  255 255 255
8.211 -37.3039 31.4638  255 255 255
50.1839 -40.3334 9.82384  255 255 255
-30.0504 -56.272 33.1823  255 255 255
-19.3961 -58.1476 34.8608  255 255 255
54.1974 -17.1594 -10.2398  255 255 255
14.7277 -23.6963 31.1087  255 255 255
12.9589 -28.9733 34.9551  255 255 255
-4.55966 -41.5218 30.4857  255 255 255
-27.9411 -54.7635 31.5488  255 255 255
50.2326 -40.596 10.8311  255 255 255
6.87735 -19.6324 34.2639  255 255 255
6.62256 -19.4639 34.378  255 255 255
6.86701 -20.2832 34.0162  255 255 255
10.2932 -32.9654 34.1047  255 255 255
-29.4864 -56.4609 33.6065  255 255 255
-26.416 -53.894 30.6699  255 255 255
6.45709 -22.264 33.6801  255 255 255
-4.62786 -31.3383 39.4906  255 255 255
-20.5897 -55.6354 31.884  255 255 255
-12.7449 -18.4819 32.419  255 255 255
-6.01293 -18.1662 35.5762  255 255 255
12.0695 -12.98 30.9527  255 255 255
15.5963 -28.3067 34.0711  255 255 255
1.63586 -32.2959 37.818  255 255 255
-26.5281 -56.8275 33.7083  255 255 255
-22.7723 -57.3494 33.9576  255 255 255
-22.7732 -57.3434 33.9536  255 255 255
-44.9982 -31.7503 6.62174  255 255 255
8.43078 -29.5743 36.2438  255 255 255
1.94665 -30.7165 38.0924  255 255 255
-32.8631 -49.2201 25.7766  255 255 255
4.88751 -42.1322 29.406  255 255 255
53.1439 -40.5765 10.2522  255 255 255
-27.6832 -53.3755 29.9495  255 255 255
11.235 -11.9272 31.3749  255 255 255
19.5424 -20.6399 26.7797  255 255 255
0.226289 -23.7142 35.0644  255 255 255
9.35924 -29.4258 36.1583  255 255 255
12.6037 -38.7497 27.5131  255 255 255
6.77604 -38.9302 31.707  255 255 255
13.1195 -39.1831 26.5901  255 255 255
1.79654 -40.4157 30.8966  255 255 255
7.23674 -40.6139 29.4795  255 255 255
49.9543 -41.1098 10.2695  255 255 255
-21.8863 -55.8085 32.3577  255 255 255
14.7422 -11.9294 28.2531  255 255 255
14.6987 -11.9254 28.5367  255 255 255
15.802 -11.9455 26.9558  255 255 255
6.82153 -32.4299 38.5584  255 255 255
-26.6777 -56.1625 32.996  255 255 255
-23.6 -57.1784 33.764  255 255 255
-7.86608 -30.2459 38.268  255 255 255
-33.6153 -52.245 29.052  255 255 255
20.8256 -20.4337 25.1239  255 255 255
-23.271 -56.7664 33.4875  255 255 255
-5.05151 -30.8809 39.0283  255 255 255
15.406 -33.924 29.955  255 255 255
20.9074 -32.0184 23.2806  255 255 255
17.4038 -31.903 29.7863  255 255 255
-25.3099 -55.1102 31.5725  255 255 255
41.4415 -29.9981 -1.9058  255 255 255
-35.6528 -51.8169 28.5934  255 255 255
6.65645 -57.9939 32.4346  255 255 255
36.8348 -42.7488 13.6779  255 255 255
43.113 -48.5237 20.5574  255 255 255
5.2134 -15.435 35.2095  255 255 255
-22.7758 -55.3791 31.9304  255 255 255
50.0895 -10.8149 -13.4855  255 255 255
0.70347 -17.93 36.0567  255 255 255
-26.5997 -54.9793 31.6971  255 255 255
58.7883 -25.5597 -5.62618  255 255 255
3.78141 -15.3507 35.4964  255 255 255
34.259 71.8998 -83.5165  255 255 255
42.9177 75.1554 -87.0374  255 255 255
24.0562 59.8094 -86.3552  255 255 255
0.610503 61.5093 -68.4  255 255 255
23.2408 58.6212 -86.6806  255 255 255
43.6487 61.0374 -99.8017  255 255 255
50.2292 68.03 -98.4603  255 255 255
35.3988 73.7986 -82.4709  255 255 255
25.7021 71.8354 -77.4876  255 255 255
23.2836 57.3795 -87.1036  255 255 255
-7.52905 66.3839 -56.269  255 255 255
48.6381 61.9107 -103.227  255 255 255
64.3283 72.3716 -105.636  255 255 255
53.5557 70.2794 -98.9575  255 255 255
60.6999 64.8913 -109.085  255 255 255
6.20007 60.8294 -71.9889  255 255 255
57.0851 62.8234 -106.369  255 255 255
8.28791 54.6728 -77.1442  255 255 255
22.6963 60.5448 -85.2067  255 255 255
2.70872 53.6257 -75.0763  255 255 255
60.9463 64.5045 -109.498  255 255 255
46.8928 61.3146 -101.878  255 255 255
27.5042 66.8806 -76.3966  255 255 255
27.7604 67.5702 -78.4013  255 255 255
10.9569 62.2851 -73.5035  255 255 255
42.6939 50.198 -92.2702  255 255 255
7.80194 62.7384 -70.5884  255 255 255
61.129 66.1982 -111.832  255 255 255
60.1145 66.2092 -111.466  255 255 255
12.7107 65.6375 -71.8636  255 255 255
-26.9997 52.7895 -53.1988  255 255 255
-13.0767 54.1472 -62.4667  255 255 255
-39.8911 53.0082 -42.7094  255 255 255
-17.6088 53.9772 -59.3148  255 255 255
-38.7213 44.4499 -50.996  255 255 255
-17.2721 61.6966 -53.0435  255 255 255
-50.6168 47.6389 -39.3175  255 255 255
-5.18952 -9.23019 34.3966  255 255 255
-3.41219 -10.3125 35.0955  255 255 255
-9.81467 0.00349928 25.3299  255 255 255
-22.3548 -6.93424 17.5296  255 255 255
-1.93584 -14.1851 36.0793  255 255 255
-10.03 -6.37946 31.0652  255 255 255
-13.5451 -3.25144 25.9776  255 255 255
-12.5084 -3.88054 27.7518  255 255 255
-15.5915 -26.888 35.2843  255 255 255
-23.4815 -21.5714 29.9295  255 255 255
-7.24011 -29.0836 37.0449  255 255 255
-2.48232 -30.368 38.0281  255 255 255
-7.78434 -2.40547 27.1648  255 255 255
43.9491 67.1841 -94.2575  255 255 255
-12.0007 56.7537 -61.3495  255 255 255
-36.6521 5.07214 -35.8094  255 255 255
-10.237 -19.0114 33.7157  255 255 255
12.7258 -11.4698 29.9665  255 255 255
5.99786 50.0047 -80.5777  255 255 255
2.77553 58.6151 -70.1733  255 255 255
44.1124 68.0506 -93.8648  255 255 255
53.4901 -19.2979 -13.2351  255 255 255
45.5462 27.2261 -42.1265  255 255 255
-81.1571 18.1234 -43.1082  255 255 255
-55.6765 -49.9271 28.3751  255 255 255
-61.7428 -52.0396 31.8027  255 255 255
53.7321 -20.1889 -13.0122  255 255 255
-6.17421 65.9235 -57.5824  255 255 255
48.5646 34.3509 -30.2367  255 255 255
-55.6765 -49.9271 28.3751  255 255 255
17.1727 67.1841 -74.2378  255 255 255
-51.2978 -3.22438 -25.5548  255 255 255
-17.5523 55.1884 -58.3773  255 255 255
40.0997 77.8286 -83.6503  255 255 255
48.6217 -0.387459 -12.3047  255 255 255
-51.8055 -3.34557 -24.2713  255 255 255
-24.7452 -56.1012 32.8039  255 255 255
-45.0152 -27.1038 1.29756  255 255 255
-15.0145 -11.0853 29.9622  255 255 255
-19.7188 -24.6701 33.1208  255 255 255
-23.9897 -32.7996 23.4591  255 255 255
-57.4488 -17.0987 -9.25251  255 255 255
-62.3408 -7.21868 -20.7087  255 255 255
22.178 20.9455 -57.3727  255 255 255
49.8084 -14.3897 -18.5479  255 255 255
-45.1921 -6.75902 -21.6779  255 255 255
45.5911 27.2727 -42.3639  255 255 255
6.83685 -29.5194 36.2914  255 255 255
-21.6257 -22.451 30.6579  255 255 255
-26.2919 -52.932 29.5068  255 255 255
-56.2654 -21.7 -5.03433  255 255 255
-31.6225 -51.0023 27.6242  255 255 255
-19.8875 -59.3104 36.1664  255 255 255
-24.5792 -55.7347 32.5064  255 255 255
-33.6421 -51.7479 28.6703  255 255 255
-29.5087 -53.1941 29.8042  255 255 255
-27.8424 -53.6445 30.3144  255 255 255
46.3472 -48.7281 19.0266  255 255 255
-44.8736 40.294 -50.0105  255 255 255
0.757877 -32.3314 37.9395  255 255 255
-1.91914 -18.9428 36.0096  255 255 255
-30.8531 57.7292 -45.5949  255 255 255
-15.8745 -15.6118 30.0447  255 255 255
32.1972 72.1041 -81.7659  255 255 255
-52.9098 -6.77976 -21.5012  255 255 255
4.19367 -6.22946 32.0899  255 255 255
-6.853 -5.88921 32.2601  255 255 255
-45.6759 -26.835 1.12852  255 255 255
23.2806 -18.1919 21.9887  255 255 255
41.9275 62.5296 -97.2386  255 255 255
-15.8507 -14.3739 29.8823  255 255 255
-60.5058 -3.33831 -24.3539  255 255 255
49.0534 7.20551 -5.47641  255 255 255
33.5358 70.9779 -83.5611  255 255 255
50.1697 21.9092 -34.4961  255 255 255
40.4955 -31.8458 0.270961  255 255 255
48.2571 -12.5217 -20.8429  255 255 255
-2.40656 -11.9172 35.714  255 255 255
-40.4274 -37.7519 12.9434  255 255 255
2.5298 -47.353 30.7404  255 255 255
53.7893 -20.195 -13.0541  255 255 255
14.3083 65.3867 -74.3051  255 255 255
3.67174 -8.30653 33.7396  255 255 255
49.725 23.7575 -34.4223  255 255 255
0.416819 -24.5385 35.8677  255 255 255
2.4055 50.293 -78.0142  255 255 255
-10.3002 -0.582525 26.0535  255 255 255
49.7828 -5.6741 -13.0573  255 255 255
-77.7987 11.5726 -41.0138  255 255 255
-48.0075 41.6191 -47.0243  255 255 255
-33.9029 24.4895 -57.7641  255 255 255
48.1093 35.0632 -75.8173  255 255 255
-47.5005 30.1357 -59.0016  255 255 255
0.541908 60.0869 -67.8735  255 255 255
49.2216 67.8024 -97.9684  255 255 255
51.0751 66.4102 -100.188  255 255 255
-1.95463 59.007 -67.1285  255 255 255
-33.9086 47.7081 -52.362  255 255 255
-13.3187 51.7113 -64.8697  255 255 255
26.9813 58.3832 -90.4094  255 255 255
-33.2845 34.4085 -65.1272  255 255 255
-48.3355 29.2675 -59.7357  255 255 255
25.8267 54.9981 -91.5615  255 255 255
-53.9842 39.52 -43.9522  255 255 255
28.8129 61.8398 -88.3  255 255 255
26.9822 58.3835 -90.3993  255 255 255
-7.30901 49.1589 -71.4706  255 255 255
-35.4022 16.8988 -49.3817  255 255 255
19.4675 57.4493 -85.2934  255 255 255
-27.1888 48.3783 -56.1691  255 255 255
45.287 60.9361 -100.946  255 255 255
-5.12762 59.0822 -64.4655  255 255 255
24.7329 54.2753 -91.3258  255 255 255
3.83107 53.4016 -76.0587  255 255 255
-54.1695 41.5245 -41.5771  255 255 255
-15.432 54.7764 -60.4646  255 255 255
-22.2548 54.6481 -55.0171  255 255 255
-15.5131 53.8197 -61.1022  255 255 255
-13.2484 57.6133 -59.4404  255 255 255
28.8828 62.6743 -86.874  255 255 255
49.9398 62.4067 -103.581  255 255 255
45.2921 64.4251 -97.8684  255 255 255
-26.4372 51.9859 -54.3833  255 255 255
-17.599 53.987 -59.3316  255 255 255
-24.4029 51.6536 -56.1404  255 255 255
-29.6092 45.5309 -57.6671  255 255 255
-37.1624 33.221 -63.397  255 255 255
-66.2581 42.6313 -31.283  255 255 255
35.1536 74.647 -81.769  255 255 255
18.6066 50.1 -89.4631  255 255 255
50.1485 62.9706 -102.905  255 255 255
1.02327 59.8957 -68.4717  255 255 255
48.9961 60.5834 -103.831  255 255 255
13.5385 -17.3523 30.2383  255 255 255
-24.0705 54.0334 -54.1089  255 255 255
49.9605 -7.78231 -14.0314  255 255 255
48.0449 -5.90689 -17.2227  255 255 255
52.5542 -18.6259 -15.0624  255 255 255
23.8341 -18.8496 22.57  255 255 255
-27.4923 -14.5586 22.0399  255 255 255
21.4377 -20.8885 25.1306  255 255 255
47.2418 -2.58552 -16.9546  255 255 255
-1.75576 -20.251 35.6917  255 255 255
52.3432 -16.9508 -14.1944  255 255 255
-58.3798 -13.3086 -13.796  255 255 255
-21.7075 -4.75625 14.7699  255 255 255
-26.1807 -10.5335 17.0916  255 255 255
10.5583 -2.78187 25.824  255 255 255
-6.14881 -9.17421 33.7199  255 255 255
-4.63783 -30.9383 39.0567  255 255 255
12.0967 -4.41893 26.123  255 255 255
22.1611 -19.3337 23.3073  255 255 255
12.1104 -23.0057 32.6819  255 255 255
11.7917 -6.80611 28.7376  255 255 255
12.3502 -21.8635 31.5398  255 255 255
6.52279 -31.564 38.4909  255 255 255
-18.6554 -25.0907 33.4395  255 255 255
10.6039 -23.3351 33.2706  255 255 255
-6.53838 -7.10831 32.8987  255 255 255
7.25007 -17.8101 34.2516  255 255 255
-27.8173 -52.1119 28.553  255 255 255
8.01127 -17.8653 33.8962  255 255 255
-22.6558 -8.00354 18.8473  255 255 255
3.9771 -9.61695 34.2296  255 255 255
18.699 -25.544 30.6135  255 255 255
7.00896 -24.4082 35.0343  255 255 255
12.1419 -7.40156 28.6809  255 255 255
19.6538 17.657 -53.1751  255 255 255
19.0616 -17.7333 26.2066  255 255 255
-7.34475 -23.5788 35.4232  255 255 255
-46.8986 12.1714 -44.3964  255 255 255
10.6093 -1.98839 24.9853  255 255 255
15.1729 -11.4121 27.6452  255 255 255
-54.8229 -27.5045 2.27224  255 255 255
2.84051 -7.58844 33.4585  255 255 255
0.861006 -30.4059 37.7851  255 255 255
5.10275 -10.231 33.9138  255 255 255
-5.45026 -28.8612 36.7049  255 255 255
3.03738 -11.511 35.0709  255 255 255
-41.0412 16.0916 -47.673  255 255 255
5.49349 -6.61062 32.164  255 255 255
11.3672 -8.84487 29.8885  255 255 255
12.8907 -22.0326 31.8605  255 255 255
12.27 -9.03679 29.3322  255 255 255
-15.5766 -26.896 35.3741  255 255 255
-6.44799 -29.5082 37.5722  255 255 255
-22.5847 -31.3412 26.4795  255 255 255
-24.4822 -18.9846 27.1173  255 255 255
5.19474 -24.8581 35.8753  255 255 255
8.35717 -10.775 32.6039  255 255 255
12.5327 -4.86086 26.0123  255 255 255
0.995079 -23.806 35.0481  255 255 255
8.3195 -6.8862 30.7087  255 255 255
10.1144 -8.6061 30.8468  255 255 255
20.8203 -21.1733 25.4235  255 255 255
9.27277 -12.8437 32.7711  255 255 255
14.8602 -17.0123 29.0247  255 255 255
9.02345 -26.1358 34.0105  255 255 255
21.2628 -19.9999 24.2731  255 255 255
-2.48566 -29.4427 37.0915  255 255 255
10.6682 -23.0601 32.9803  255 255 255
6.54262 -22.2055 33.5448  255 255 255
-4.21662 -23.9849 35.7307  255 255 255
23.4133 -22.4935 26.095  255 255 255
7.22968 -11.404 33.4488  255 255 255
-27.3897 -51.774 28.3606  255 255 255
6.5662 -24.4691 35.0069  255 255 255
-13.373 -35.075 31.9603  255 255 255
13.9754 -14.0755 29.6241  255 255 255
6.85086 -23.866 34.4106  255 255 255
6.52279 -31.564 38.4909  255 255 255
12.8803 -3.57531 24.2355  255 255 255
14.8772 -17.0019 28.8932  255 255 255
-7.47477 -29.109 36.9942  255 255 255
-23.8558 -23.0663 31.6212  255 255 255
-27.4531 -51.9903 28.4453  255 255 255
14.4902 -28.0768 33.8675  255 255 255
-3.29786 -29.4543 37.2443  255 255 255
-1.6636 -24.6699 36.2175  255 255 255
22.8367 -21.3397 25.3363  255 255 255
13.6929 -6.54157 26.5202  255 255 255
-4.21662 -23.9849 35.7307  255 255 255
19.9912 -14.6158 22.5657  255 255 255
15.1082 -15.6157 28.5584  255 255 255
-22.5164 -22.3678 30.5046  255 255 255
9.52779 -0.392129 23.25  255 255 255
-28.2715 -52.1939 28.6426  255 255 255
18.2801 -17.7759 26.3046  255 255 255
14.8975 -6.04603 24.2434  255 255 255
15.7008 -8.26245 24.9321  255 255 255
2.12781 -14.5523 35.8529  255 255 255
12.2201 -5.6974 27.0144  255 255 255
19.6635 -6.17392 11.8849  255 255 255
0.556531 -25.0218 36.4526  255 255 255
7.10811 -29.9661 36.7844  255 255 255
24.2494 -18.4702 22.128  255 255 255
-18.1291 -24.5415 32.7922  255 255 255
-12.2043 -21.7968 33.8824  255 255 255
21.2628 -19.9999 24.2731  255 255 255
-2.35029 -29.6763 37.3239  255 255 255
-48.9539 -10.1312 -17.6357  255 255 255
14.6174 -11.2587 28.4054  255 255 255
15.3604 -13.7098 28.1213  255 255 255
23.1103 -23.981 28.1323  255 255 255
10.5794 -29.525 35.8678  255 255 255
-4.80473 -29.7876 37.4926  255 255 255
-23.9186 -22.4344 31.0385  255 255 255
8.68412 -7.31773 31.168  255 255 255
13.1899 -9.15726 28.785  255 255 255
12.1419 -7.40156 28.6809  255 255 255
5.7736 -29.4257 36.0613  255 255 255
18.146 -18.0722 26.741  255 255 255
8.67661 -7.31336 31.2213  255 255 255
23.0581 -20.0933 24.0218  255 255 255
15.7827 -26.9921 32.6522  255 255 255
-2.70496 -33.789 37.098  255 255 255
2.46712 -32.3922 37.7513  255 255 255
-5.52005 -18.3447 35.6716  255 255 255
-12.304 -19.7297 32.5242  255 255 255
13.0074 -15.5799 30.8014  255 255 255
6.07943 -14.4618 34.887  255 255 255
47.0956 8.93503 -10.026  255 255 255
-5.70893 -23.3133 34.7625  255 255 255
17.1131 -26.3476 31.812  255 255 255
-69.5834 -44.9099 23.5865  255 255 255
23.8757 -34.7489 19.0321  255 255 255
16.0473 -28.9951 34.8076  255 255 255
-9.31892 -23.0229 35.0714  255 255 255
50.6924 -7.9024 -12.4941  255 255 255
8.55718 -3.55693 28.426  255 255 255
16.0651 -27.6398 33.344  255 255 255
24.8187 -14.9065 17.9506  255 255 255
-7.57837 -22.5977 34.3329  255 255 255
18.8288 -17.6697 25.9006  255 255 255
24.7277 -8.65508 10.4277  255 255 255
2.848 -29.4682 36.4806  255 255 255
18.5343 -35.0994 24.88  255 255 255
2.09892 -24.7627 35.948  255 255 255
-17.8896 -25.4389 33.7388  255 255 255
-64.4595 -9.74898 -17.7454  255 255 255
15.2737 -10.6198 27.3141  255 255 255
12.5764 -33.5604 31.8691  255 255 255
6.56517 -12.2521 33.9171  255 255 255
4.76733 -19.7001 34.8656  255 255 255
-21.8501 -8.41681 19.1619  255 255 255
-30.508 20.2975 -53.2661  255 255 255
10.697 -8.86692 30.3097  255 255 255
-1.42071 -34.3491 36.1252  255 255 255
-6.63475 -30.1814 38.1922  255 255 255
53.4593 -15.1538 -11.0492  255 255 255
48.4402 -12.8032 -19.3559  255 255 255
10.1556 -22.3237 32.3063  255 255 255
22.8964 -23.5083 27.7461  255 255 255
10.9641 -13.5085 32.1855  255 255 255
47.0838 8.9278 -9.9442  255 255 255
16.0558 -20.2798 29.5649  255 255 255
56.4293 -15.3594 -4.53136  255 255 255
-38.0817 -51.8791 28.8981  255 255 255
14.0173 -13.0657 29.458  255 255 255
10.3332 -32.5962 34.7007  255 255 255
-16.8309 -15.9977 28.8888  255 255 255
14.6793 -16.5016 29.0895  255 255 255
10.9218 -5.34648 28.2424  255 255 255
23.485 -19.3424 23.2243  255 255 255
10.9218 -5.34648 28.2424  255 255 255
-33.3506 -48.7057 24.843  255 255 255
-26.136 -5.7773 11.8682  255 255 255
-31.6572 22.1047 -55.2763  255 255 255
-10.1296 -22.7545 34.8057  255 255 255
11.1884 -10.2147 30.8658  255 255 255
3.97492 -13.918 34.786  255 255 255
2.72579 -13.9416 35.1619  255 255 255
9.5073 -9.88161 31.5416  255 255 255
-1.14528 -29.6201 37.2461  255 255 255
22.3103 -31.9211 21.1039  255 255 255
23.4948 -18.4687 22.2443  255 255 255
15.1948 -15.2235 28.2439  255 255 255
-65.3941 -8.54029 -19.8353  255 255 255
-11.2274 -22.0912 34.2484  255 255 255
23.3249 -17.8394 21.5533  255 255 255
-0.259055 -30.5087 38.0808  255 255 255
16.653 -25.1722 30.6515  255 255 255
7.56192 -13.9678 33.852  255 255 255
7.03162 -17.0831 34.4429  255 255 255
26.5771 -16.011 18.3488  255 255 255
15.4049 -15.7307 28.3135  255 255 255
22.7659 -23.3378 27.5725  255 255 255
-4.29156 -7.70347 33.8759  255 255 255
7.21615 -23.7807 34.0828  255 255 255
6.15284 -45.6706 30.6383  255 255 255
-5.88693 -24.0007 35.9706  255 255 255
-9.16884 -29.2552 37.4093  255 255 255
-3.25771 -13.1435 35.7777  255 255 255
13.4655 -15.5226 30.3015  255 255 255
6.34342 -23.887 34.5563  255 255 255
-10.5951 -26.3672 34.7283  255 255 255
10.697 -8.86692 30.3097  255 255 255
-22.6247 -6.57196 16.9989  255 255 255
6.10825 -24.0441 34.9438  255 255 255
20.9324 19.6028 -56.0152  255 255 255
50.0789 1.5825 -7.4473  255 255 255
50.0278 1.56963 -7.29643  255 255 255
3.98974 2.70593 21.8796  255 255 255
3.36144 2.53609 21.6508  255 255 255
-0.0384334 2.64288 20.925  255 255 255
-0.0317955 2.21681 20.1371  255 255 255
48.835 0.0216466 -11.8627  255 255 255
-0.98811 -8.64847 34.6471  255 255 255
54.2527 -18.7991 -11.2102  255 255 255
6.50874 -13.5827 34.342  255 255 255
2.52304 -14.5447 35.7218  255 255 255
-66.0448 -8.88073 -18.5104  255 255 255
3.83114 -27.0915 35.9063  255 255 255
-17.5299 -25.3479 33.697  255 255 255
41.6028 -44.6064 14.9345  255 255 255
41.4625 -49.2221 23.114  255 255 255
2.67725 2.74136 21.4368  255 255 255
5.41984 1.55506 22.233  255 255 255
-2.92225 1.28272 23.8008  255 255 255
-5.10774 1.51418 23.0548  255 255 255
21.2718 -3.20142 4.22146  255 255 255
24.8787 -9.14715 10.9392  255 255 255
5.51635 -8.77913 33.2685  255 255 255
54.6025 -13.5127 -7.2018  255 255 255
48.5567 -12.4416 -20.3443  255 255 255
-43.3919 -6.88913 -21.6038  255 255 255
54.776 -20.1047 -11.3857  255 255 255
7.98087 -24.2107 34.6659  255 255 255
-12.8592 -26.7057 34.8731  255 255 255
47.6785 -40.202 9.25794  255 255 255
35.7551 -51.2031 23.7629  255 255 255
-34.3471 -48.9457 25.2484  255 255 255
-8.482 -2.48381 29.0164  255 255 255
55.0274 -18.9681 -9.7945  255 255 255
-35.3875 -48.8558 25.2086  255 255 255
-33.3942 12.3199 -45.3547  255 255 255
55.305 -28.752 -3.94327  255 255 255
45.1913 -40.5608 10.0313  255 255 255
51.3045 -10.7931 -12.5458  255 255 255
-15.7874 -8.23454 28.1318  255 255 255
-10.7427 -10.7151 32.7153  255 255 255
2.43447 -16.3497 36.0197  255 255 255
-4.55912 1.30231 22.9711  255 255 255
3.86373 -21.02 34.7374  255 255 255
12.7104 -23.7728 32.7399  255 255 255
-30.3789 -50.5421 27.1796  255 255 255
-14.9684 -13.6429 30.5601  255 255 255
8.76802 -15.8653 33.6587  255 255 255
-62.7662 -11.3738 -15.9333  255 255 255
-79.0835 30.5241 -31.5833  255 255 255
-71.8766 32.2025 -35.7555  255 255 255
-54.9042 -22.7198 -2.70742  255 255 255
-42.317 -5.0218 -24.2238  255 255 255
-7.17511 -25.3485 36.2951  255 255 255
57.3732 -24.9703 -8.67306  255 255 255
-11.0103 -19.8094 33.3443  255 255 255
-5.67514 -18.933 35.8098  255 255 255
50.7366 1.11142 -6.24504  255 255 255
-8.39134 -21.1246 34.2451  255 255 255
-8.93681 -15.3944 34.5884  255 255 255
-11.9308 -20.3799 32.6532  255 255 255
52.7182 -10.9395 -8.98844  255 255 255
48.0264 12.1651 -6.06804  255 255 255
51.5377 18.9008 -33.9872  255 255 255
53.1218 -13.3572 -10.6455  255 255 255
-6.32971 -11.2334 34.6262  255 255 255
54.0929 -13.7753 -8.32468  255 255 255
-16.828 54.2333 -59.8763  255 255 255
-9.78375 27.3947 -62.3435  255 255 255
-21.2098 9.21321 -41.2846  255 255 255
-34.4252 9.88916 -41.1483  255 255 255
-33.401 8.44486 -38.1549  255 255 255
-3.6237 -7.61075 33.9244  255 255 255
-27.0767 53.9597 -53.0172  255 255 255
33.6592 67.3774 -86.7305  255 255 255
0.943171 -8.12107 34.1636  255 255 255
-21.434 10.7127 -42.8028  255 255 255
-40.7922 37.4334 -56.1175  255 255 255
-40.9755 15.3606 -47.4387  255 255 255
-16.2101 -15.7506 29.5452  255 255 255
-5.43751 -16.8045 35.5231  255 255 255
-10.4044 45.5156 -72.4189  255 255 255
0.0845102 -11.9378 35.6457  255 255 255
-10.449 -8.96419 32.3672  255 255 255
-31.8819 9.12006 -39.9408  255 255 255
-14.3926 -16.7957 31.3579  255 255 255
-74.4276 11.3652 -40.4909  255 255 255
-105.491 -11.202 -12.1226  255 255 255
-106.224 -12.1337 -12.3624  255 255 255
-69.6976 4.12868 -33.7183  255 255 255
0.565216 -14.2678 36.0093  255 255 255
-9.27077 -2.02513 27.9043  255 255 255
-19.1338 21.426 -55.1551  255 255 255
-22.575 -1.45847 6.53911  255 255 255
-5.1439 -14.5588 35.7008  255 255 255
-6.19314 -13.4581 35.2401  255 255 255
-7.54671 -18.245 35.0631  255 255 255
-5.43382 -16.7937 35.7898  255 255 255
-45.6087 40.1058 -49.7042  255 255 255
-10.0926 -16.9052 34.0671  255 255 255
-38.3893 14.0843 -46.244  255 255 255
-38.3426 14.0586 -46.2136  255 255 255
3.17241 -14.9876 35.731  255 255 255
4.77316 -16.4979 35.2881  255 255 255
-2.7017 -20.2639 35.8204  255 255 255
26.3283 58.3825 -89.524  255 255 255
-28.623 -9.78288 16.5554  255 255 255
-13.5256 -9.20678 30.4952  255 255 255
3.61709 -22.5025 34.4233  255 255 255
51.1596 65.979 -100.687  255 255 255
-8.7123 -21.8602 33.8665  255 255 255
-14.3417 -7.1546 28.7512  255 255 255
2.77683 -17.3592 36.1599  255 255 255
4.13622 -19.9349 34.8779  255 255 255
-13.4409 -19.4033 31.8786  255 255 255
56.9198 -17.1097 -4.2843  255 255 255
-21.5951 53.6859 -56.3658  255 255 255
-22.4571 -8.58404 19.3207  255 255 255
-6.42896 -23.5921 35.4313  255 255 255
-0.650341 -7.80112 34.0284  255 255 255
44.2453 -50.0286 20.7583  255 255 255
-24.4331 53.4965 -54.2809  255 255 255
-1.24898 -7.59423 34.0001  255 255 255
7.32904 -15.4952 34.0879  255 255 255
13.4655 -21.875 31.4411  255 255 255
-29.6472 37.6023 -64.669  255 255 255
-29.7559 26.1745 -59.9403  255 255 255
-4.40941 -17.3686 35.8638  255 255 255
7.25636 -15.0407 34.129  255 255 255
3.02745 -17.8524 35.6568  255 255 255
49.5585 0.584427 -9.55175  255 255 255
52.5251 -5.45246 -6.7175  255 255 255
56.6253 -15.5113 -4.18305  255 255 255
-9.19362 -18.3026 34.4321  255 255 255
-6.81032 -22.8594 34.6254  255 255 255
-17.3352 -24.7936 33.2472  255 255 255
-2.9921 -24.1425 35.7814  255 255 255
50.3096 -2.54419 -9.868  255 255 255
7.13632 -20.4851 33.8645  255 255 255
-22.9146 -23.3421 31.8669  255 255 255
47.0833 8.32918 -9.35103  255 255 255
5.71971 -19.0886 34.9358  255 255 255
-8.66156 -7.93826 32.5216  255 255 255
49.3799 6.62993 -5.98968  255 255 255
2.84409 -30.9838 38.1842  255 255 255
-73.2976 29.5734 -43.9221  255 255 255
-85.5881 32.089 -25.2303  255 255 255
-85.4534 32.1528 -27.2197  255 255 255
-75.7235 29.403 -42.3265  255 255 255
-29.4727 -9.8195 16.571  255 255 255
19.4079 33.9417 -72.2867  255 255 255
18.1595 32.3473 -70.0869  255 255 255
25.447 10.1872 -45.2088  255 255 255
8.35166 -9.28722 32.0603  255 255 255
8.36116 -9.28701 31.9791  255 255 255
10.9985 -10.5561 31.1188  255 255 255
8.76979 -12.8824 33.1305  255 255 255
7.12268 -14.325 34.1273  255 255 255
13.0756 -15.9406 30.6365  255 255 255
5.46893 -17.5092 35.0087  255 255 255
4.76701 -20.209 34.8226  255 255 255
24.145 -16.8794 20.3059  255 255 255
-16.5799 -26.1819 34.4522  255 255 255
12.632 -23.1643 32.904  255 255 255
17.0793 -25.5343 30.8436  255 255 255
-27.8339 -55.9861 32.6723  255 255 255
-28.7469 -57.0843 34.0583  255 255 255
48.3802 20.2721 -40.0577  255 255 255
38.8717 -34.6585 3.54919  255 255 255
-0.525377 -7.76656 33.9369  255 255 255
20.5431 -22.1598 26.4127  255 255 255
22.9882 -23.0197 27.7137  255 255 255
5.47137 -9.97373 33.7872  255 255 255
5.65638 -10.905 34.0592  255 255 255
4.73972 -12.2319 34.393  255 255 255
3.77767 -6.99192 32.8292  255 255 255
13.6344 -10.3433 29.0397  255 255 255
-1.9584 -20.0231 35.7322  255 255 255
-3.94465 -7.68207 33.9596  255 255 255
6.71394 -15.4327 34.4938  255 255 255
5.33729 -12.5219 34.6851  255 255 255
10.4971 -12.757 31.9668  255 255 255
0.435138 -15.145 36.1188  255 255 255
-1.73093 -18.3327 36.0464  255 255 255
-7.34155 -22.3308 34.241  255 255 255
-31.3748 19.0593 -51.9631  255 255 255
-6.72776 -17.5036 35.3687  255 255 255
-74.0622 4.42459 -32.7708  255 255 255
-14.6952 -27.1772 35.6461  255 255 255
-12.6962 -27.8596 35.9911  255 255 255
-26.0862 -17.9131 26.2898  255 255 255
-51.6129 -6.57465 -21.5028  255 255 255
-73.9026 -57.5262 40.8888  255 255 255
-45.1465 -10.767 -17.1988  255 255 255
-71.4755 4.50329 -33.5192  255 255 255
-51.7712 -5.95475 -22.2792  255 255 255
-74.7853 -51.6379 30.7151  255 255 255
10.6928 -10.0446 31.1514  255 255 255
0.13304 61.0904 -66.6182  255 255 255
4.65856 -17.2589 35.1886  255 255 255
-81.1261 23.0835 -38.0503  255 255 255
0.493973 61.3091 -66.4055  255 255 255
14.8092 -27.4334 33.1187  255 255 255
-4.40774 -30.4446 38.2973  255 255 255
-43.5792 48.0061 -44.4128  255 255 255
-28.094 15.3626 -47.381  255 255 255
-1.96497 -20.0103 35.7709  255 255 255
-18.7509 -56.6409 33.0635  255 255 255
-3.15362 64.1155 -60.6774  255 255 255
-17.5234 -22.1096 31.7543  255 255 255
-5.75188 -10.4553 34.7983  255 255 255
52.0066 -17.174 -15.3078  255 255 255
-34.0922 -52.0277 28.7346  255 255 255
-19.2833 -59.4293 36.7407  255 255 255
28.57 58.3773 -91.1221  255 255 255
26.2626 57.3163 -90.3815  255 255 255
-23.7597 53.8913 -54.293  255 255 255
-27.829 52.8163 -52.7162  255 255 255
47.8985 22.5996 -39.0889  255 255 255
4.42568 -14.0165 35.3754  255 255 255
-5.87062 -18.406 35.6009  255 255 255
-20.5954 -58.6004 35.3153  255 255 255
1.02474 59.894 -68.4745  255 255 255
-15.8555 55.4725 -59.1802  255 255 255
-15.854 55.5387 -59.3982  255 255 255
21.3041 53.7349 -89.9754  255 255 255
43.3593 36.6629 -77.0397  255 255 255
22.7597 -22.9548 27.2515  255 255 255
-11.8845 -21.7819 33.9643  255 255 255
0.189491 22.9205 -58.7376  255 255 255
-4.78539 16.5235 -50.5053  255 255 255
-15.5612 -13.9184 30.0765  255 255 255
-17.266 -18.8024 30.917  255 255 255
-77.2088 -45.2246 24.1646  255 255 255
5.05484 55.4608 -75.559  255 255 255
-23.3184 55.1632 -54.1206  255 255 255
-46.7287 42.449 -46.8267  255 255 255
50.3356 -38.8715 7.80805  255 255 255
49.3998 -38.1984 7.00389  255 255 255
-43.7327 48.1926 -43.9015  255 255 255
-53.8419 -3.54059 -24.6991  255 255 255
6.49399 -14.1408 34.4664  255 255 255
-60.6937 -12.2758 -14.6919  255 255 255
20.6521 46.9671 -86.6469  255 255 255
46.8466 23.9395 -41.2869  255 255 255
-3.51625 -5.86479 32.8811  255 255 255
-12.0411 -4.54326 28.587  255 255 255
-2.09243 -8.03315 34.2682  255 255 255
-2.09243 -8.03315 34.2682  255 255 255
0.488567 -8.79491 34.5424  255 255 255
11.908 -13.9347 31.3761  255 255 255
51.5133 -16.2061 -16.0137  255 255 255
4.04855 -13.1129 35.0756  255 255 255
52.0047 -17.1746 -15.2274  255 255 255
-2.2572 -13.0507 35.8967  255 255 255
13.4604 -16.1486 30.3341  255 255 255
48.8674 -18.3633 -14.0059  255 255 255
17.0662 -18.9647 27.8996  255 255 255
1.52176 -16.8032 35.9918  255 255 255
22.7688 -22.5901 26.7457  255 255 255
17.833 -23.1137 28.1944  255 255 255
-21.654 -12.9092 24.4928  255 255 255
3.77108 -21.9175 34.5543  255 255 255
1.4712 -21.4801 35.1225  255 255 255
-19.9131 -15.3403 27.0966  255 255 255
-19.9171 -15.3353 27.1809  255 255 255
-2.62969 -22.2367 35.0981  255 255 255
-15.1074 -19.5974 31.7486  255 255 255
-8.85749 -21.577 33.8971  255 255 255
-23.21 -22.2765 30.6079  255 255 255
-17.1438 -24.3025 32.4501  255 255 255
-17.8991 -25.1279 33.533  255 255 255
-14.8145 -28.266 36.8853  255 255 255
-4.69648 -31.6641 39.6231  255 255 255
52.4509 -2.26402 -4.59368  255 255 255
53.8057 -18.5595 -10.9055  255 255 255
57.6406 -20.9319 -3.61262  255 255 255
51.3096 -17.5502 -16.1551  255 255 255
4.98214 -16.031 35.2031  255 255 255
18.0011 -24.1744 29.483  255 255 255
-14.9434 -21.6876 33.778  255 255 255
13.0432 -33.6437 31.519  255 255 255
-19.0433 -25.0958 33.4507  255 255 255
47.6446 9.62447 -8.5372  255 255 255
51.7222 -5.97013 -8.85421  255 255 255
51.5568 -13.0325 -12.2008  255 255 255
53.2152 -18.9389 -13.5629  255 255 255
-2.3231 -18.4201 35.9184  255 255 255
-22.2064 -24.1625 32.3597  255 255 255
6.61589 -57.5052 31.7627  255 255 255
50.333 -6.79182 -12.7064  255 255 255
50.5356 -9.04881 -13.8326  255 255 255
-17.4143 -17.8443 30.0436  255 255 255
-15.7268 -18.3494 30.3529  255 255 255
-10.9445 -22.775 34.8837  255 255 255
-19.5098 -22.4657 30.4967  255 255 255
44.2864 -47.2054 18.2555  255 255 255
35.4739 -46.9856 18.3229  255 255 255
51.5506 18.8076 -33.2186  255 255 255
-7.7896 -23.5108 35.4621  255 255 255
41.3861 -42.4146 12.2077  255 255 255
36.8376 -49.2086 20.862  255 255 255
-4.25596 -22.9061 34.8197  255 255 255
-11.102 -29.1878 37.7254  255 255 255
-24.9847 53.0342 -54.5132  255 255 255
23.6129 60.3528 -85.7058  255 255 255
42.8891 61.0282 -99.1661  255 255 255
-1.03171 59.2569 -67.6894  255 255 255
43.7139 72.4665 -88.8613  255 255 255
-44.3005 -26.9529 0.499425  255 255 255
49.3404 -7.75512 -15.6258  255 255 255
1.46354 -13.6154 35.8245  255 255 255
-14.2303 -24.735 33.4593  255 255 255
49.9665 -11.4567 -16.42  255 255 255
51.0718 -15.8457 -17.4002  255 255 255
-69.8303 19.4807 -50.4576  255 255 255
51.2042 -16.7407 -16.4906  255 255 255
-62.116 -11.2993 -15.3678  255 255 255
-28.0644 -54.4068 30.9969  255 255 255
-30.442 -56.1514 33.2599  255 255 255
54.7414 -13.4 -6.22084  255 255 255
53.626 -15.6449 -10.5722  255 255 255
58.5325 -26.5942 -6.90208  255 255 255
-12.5467 -20.5475 32.5067  255 255 255
52.6853 -42.035 10.7911  255 255 255
-29.0651 -55.9802 32.7951  255 255 255
51.2346 20.4049 -32.784  255 255 255
53.3599 -7.39301 -6.0385  255 255 255
47.5577 -42.8331 13.3829  255 255 255
-9.53637 -17.4446 34.1746  255 255 255
47.8146 25.2483 -39.441  255 255 255
5.09962 -14.6325 35.114  255 255 255
-7.09312 -8.10409 33.4098  255 255 255
-8.12502 -13.5254 34.8008  255 255 255
35.9499 -43.6031 14.1306  255 255 255
-13.9929 -26.0564 34.1237  255 255 255
52.139 15.607 -33.531  255 255 255
50.1647 -14.4859 -17.2327  255 255 255
58.6525 -25.9485 -6.08269  255 255 255
-11.01 -19.4404 33.3407  255 255 255
-3.8532 -22.3471 35.0276  255 255 255
-2.20514 -19.5628 35.8762  255 255 255
50.4003 -13.8501 -16.1022  255 255 255
21.0259 65.0896 -78.6065  255 255 255
-9.2394 60.1335 -59.4654  255 255 255
33.1568 74.9668 -80.4307  255 255 255
28.752 62.2245 -87.6701  255 255 255
45.8135 24.5389 -42.7721  255 255 255
53.8478 -11.8418 -7.67793  255 255 255
12.234 -10.9585 30.3758  255 255 255
4.83868 -12.7596 34.8967  255 255 255
-6.06345 -15.2973 35.5627  255 255 255
2.98761 -19.8988 35.3385  255 255 255
13.0341 -22.5425 32.2275  255 255 255
-25.4299 -19.6351 27.9644  255 255 255
27.8945 61.5992 -87.7392  255 255 255
49.8276 20.6014 -35.9275  255 255 255
-27.9592 39.7508 -64.1364  255 255 255
5.96508 -12.457 34.3375  255 255 255
52.352 -17.6913 -15.1291  255 255 255
-8.29843 -11.8803 34.3753  255 255 255
4.95033 -15.3929 35.1845  255 255 255
10.19 -25.0222 33.7093  255 255 255
-6.87483 -30.6493 38.5517  255 255 255
45.0569 62.8914 -98.6809  255 255 255
4.55181 1.20644 21.9755  255 255 255
6.68973 0.122435 23.8753  255 255 255
13.1664 -13.608 30.2037  255 255 255
-5.85713 -13.031 35.3492  255 255 255
-10.0912 -13.0444 33.8874  255 255 255
-2.31276 -18.4365 36.0723  255 255 255
45.3297 73.1002 -89.683  255 255 255
8.88588 59.7586 -67.0096  255 255 255
8.07919 -3.26255 28.3784  255 255 255
49.6448 -6.59528 -14.6886  255 255 255
50.3219 -12.8138 -16.3288  255 255 255
46.3818 26.9896 -39.4706  255 255 255
-18.1839 -10.7652 26.4328  255 255 255
-0.445909 -16.5178 36.0931  255 255 255
-28.6502 47.3434 -56.86  255 255 255
50.369 19.4643 -35.646  255 255 255
47.2665 -0.0896048 -15.7771  255 255 255
-2.37004 -23.6601 35.079  255 255 255
-31.8195 -55.6743 32.8013  255 255 255
-1.85365 -10.3055 35.4151  255 255 255
53.138 -9.13258 -7.54388  255 255 255
-3.41309 -10.3082 35.0893  255 255 255
-5.80515 -22.7182 34.5661  255 255 255
-5.30068 -19.6325 35.4755  255 255 255
-5.28835 -23.1224 34.7898  255 255 255
-6.50318 -26.2738 36.1664  255 255 255
50.8257 1.12197 -6.49798  255 255 255
28.0068 58.6416 -90.4772  255 255 255
-43.2372 48.3686 -44.2677  255 255 255
48.7005 3.03023 -9.73865  255 255 255
-8.6976 -11.6391 34.1717  255 255 255
-2.67342 -14.3094 36.0729  255 255 255
58.8117 -26.9752 -6.59028  255 255 255
53.4488 67.1686 -104.187  255 255 255
-11.8276 -17.4207 33.1939  255 255 255
-11.8853 -20.9824 33.0272  255 255 255
-32.2075 8.02916 -39.5504  255 255 255
57.9722 -21.1132 -4.65889  255 255 255
-8.3319 -22.3986 34.3087  255 255 255
-3.4099 -58.8854 34.9127  255 255 255
-8.00967 -22.0093 34.1027  255 255 255
-4.25328 -58.2466 33.6449  255 255 255
50.5275 62.4587 -103.925  255 255 255
50.2379 60.852 -103.816  255 255 255
-9.55928 -5.57683 30.6329  255 255 255
9.91673 -23.2006 33.1611  255 255 255
5.37125 -30.5695 37.6492  255 255 255
-20.1814 -15.1171 26.7324  255 255 255
1.77362 -16.2018 35.8261  255 255 255
-4.11196 -14.9193 35.9216  255 255 255
-5.1439 -14.5588 35.7008  255 255 255
36.365 -48.9019 20.3525  255 255 255
-7.99198 -14.6176 34.8435  255 255 255
-9.29144 -15.2229 34.4794  255 255 255
-6.7043 -15.654 35.4045  255 255 255
-10.5479 -14.7514 33.798  255 255 255
-4.23682 -12.8606 35.7341  255 255 255
-4.22881 -12.8617 35.5915  255 255 255
-1.83782 -16.1326 36.1816  255 255 255
-22.0165 -21.3761 29.374  255 255 255
-0.238663 -18.5934 36.0133  255 255 255
57.568 -23.6749 -7.31416  255 255 255
51.6041 -2.10545 -6.23843  255 255 255
-10.7033 -14.6718 33.753  255 255 255
-6.46515 -20.4472 35.1238  255 255 255
11.1463 -13.9013 31.9302  255 255 255
-3.43242 -9.38945 34.8238  255 255 255
0.470181 -9.33552 34.8163  255 255 255
47.5289 -2.25477 -15.9367  255 255 255
-13.3764 -23.7066 34.4822  255 255 255
53.1379 -12.7484 -10.0943  255 255 255
4.68111 -11.2107 34.5443  255 255 255
-7.04328 -20.1822 34.9206  255 255 255
44.9737 -37.6016 6.75907  255 255 255
-21.5883 -56.0259 32.4651  255 255 255
2.59148 -20.6815 35.1524  255 255 255
-20.1829 56.1562 -55.1926  255 255 255
58.2597 -21.0138 -3.96657  255 255 255
-6.38166 -19.2654 35.2895  255 255 255
-12.6852 -17.4587 32.5906  255 255 255
-9.05282 -18.0199 34.541  255 255 255
50.6945 2.27997 -5.89619  255 255 255
-8.20637 59.4956 -61.904  255 255 255
10.9335 -37.7886 29.524  255 255 255
-22.0217 -9.35473 20.4262  255 255 255
7.01483 -7.0021 31.7105  255 255 255
-4.81436 -10.305 34.9147  255 255 255
-15.9064 -20.3467 32.6232  255 255 255
19.0706 17.8508 -53.7483  255 255 255
1.17211 -32.3101 37.9655  255 255 255
49.4263 -5.45179 -14.077  255 255 255
-44.5328 -7.28264 -21.5305  255 255 255
5.96088 -12.4517 34.3503  255 255 255
-11.0906 -29.4168 37.7863  255 255 255
-5.76507 14.0233 -47.6938  255 255 255
-23.4542 -34.4624 22.8879  255 255 255
-47.2572 -6.46196 -21.6754  255 255 255
4.84936 -12.759 34.793  255 255 255
49.0889 -41.7667 11.4419  255 255 255
57.3667 -26.1562 -6.69978  255 255 255
-30.4264 -56.1334 33.333  255 255 255
-5.13656 -10.7762 35.0086  255 255 255
49.8011 21.2077 -35.661  255 255 255
-26.1552 -56.7027 33.559  255 255 255
53.704 -15.6326 -10.6942  255 255 255
-28.8344 -56.2439 33.2226  255 255 255
49.0053 -3.92912 -13.8495  255 255 255
-28.1963 -55.6595 32.6312  255 255 255
-28.7848 -55.4955 32.2258  255 255 255
-21.171 -31.757 27.406  255 255 255
-12.5868 -21.7448 33.9743  255 255 255
-7.2582 -30.4546 38.6158  255 255 255
-15.952 -26.8093 35.0216  255 255 255
57.0697 -23.7901 -8.77878  255 255 255
-9.34042 -36.5692 32.6196  255 255 255
20.7811 -21.5963 26.0136  255 255 255
-11.5406 -11.8896 32.7451  255 255 255
11.3538 -22.6155 32.4877  255 255 255
55.3637 -21.121 -11.2046  255 255 255
-4.41061 -29.962 37.6239  255 255 255
50.2243 25.8062 -31.5033  255 255 255
58.6673 -25.6257 -6.28861  255 255 255
57.8926 -24.2736 -7.01071  255 255 255
-5.14617 -10.1586 34.9381  255 255 255
-2.94083 -7.88466 34.1174  255 255 255
0.394021 -9.80517 35.1249  255 255 255
-16.6195 -12.909 28.8658  255 255 255
-21.9514 -12.6411 24.1571  255 255 255
-0.0744073 -24.412 35.7845  255 255 255
-13.5266 54.3376 -62.3517  255 255 255
50.9296 21.6064 -32.7422  255 255 255
49.0887 25.0136 -34.8407  255 255 255
50.0646 -5.04319 -12.3907  255 255 255
56.2773 -17.519 -5.98919  255 255 255
-27.9552 -54.7544 31.5175  255 255 255
-75.2212 5.45374 -33.6276  255 255 255
6.85869 -45.6902 26.1848  255 255 255
0.996481 -8.34077 34.3753  255 255 255
-0.687586 -8.2645 34.441  255 255 255
-4.73829 -15.1377 35.8262  255 255 255
1.93836 -12.6215 35.6755  255 255 255
-0.740778 -13.7267 36.0891  255 255 255
-0.232949 -9.16611 34.8491  255 255 255
-67.3659 32.917 -39.2677  255 255 255
-77.5003 28.6566 -36.3332  255 255 255
-54.4767 36.9168 -45.8733  255 255 255
-75.0972 29.7195 -41.7286  255 255 255
-34.0164 33.5617 -65.0502  255 255 255
-4.31726 -9.30038 34.5958  255 255 255
-107.275 -11.3888 -12.6978  255 255 255
-76.1807 -11.5177 -14.9411  255 255 255
-62.5241 -8.65158 -18.6903  255 255 255
-71.0373 0.566638 -28.9464  255 255 255
-62.8497 -8.31099 -19.456  255 255 255
-47.0221 13.3209 -44.5926  255 255 255
-41.5704 15.2216 -47.7607  255 255 255
-82.4415 -10.9402 -15.2617  255 255 255
-81.5507 -10.8527 -15.1663  255 255 255
-76.069 9.31491 -38.7513  255 255 255
-83.8754 -8.11559 -17.549  255 255 255
-76.8823 8.04264 -36.8541  255 255 255
-83.2784 -9.23227 -17.315  255 255 255
49.0662 38.508 -27.0276  255 255 255
-28.7458 18.9197 -52.4958  255 255 255
-25.5677 18.2133 -51.2203  255 255 255
-63.5075 -11.7202 -14.4384  255 255 255
-34.1164 25.8634 -59.3007  255 255 255
-69.9648 3.0005 -31.895  255 255 255
-67.2242 32.8962 -39.5428  255 255 255
-57.7845 16.2748 -47.9366  255 255 255
-108.072 -6.7371 -16.9145  255 255 255
-109.843 -16.1307 -5.75542  255 255 255
-108.514 -10.7386 -12.7541  255 255 255
-44.5817 12.602 -43.1136  255 255 255
3.18599 -12.7597 35.3304  255 255 255
20.1132 69.7985 -73.4054  255 255 255
-70.614 33.6993 -33.5317  255 255 255
-63.6007 31.9953 -41.9423  255 255 255
37.7716 -41.3464 11.3039  255 255 255
18.3556 63.0946 -82.627  255 255 255
-76.3927 6.97264 -35.154  255 255 255
-76.4333 -10.8848 -15.4917  255 255 255
-70.5414 1.91625 -30.1485  255 255 255
15.4622 61.7839 -76.0387  255 255 255
10.6303 60.0439 -72.8886  255 255 255
-33.2423 -57.636 34.9253  255 255 255
-5.5458 15.9603 -50.0075  255 255 255
-42.0766 53.6199 -41.415  255 255 255
-9.25512 -3.38204 29.3105  255 255 255
-12.6739 -1.00242 24.5497  255 255 255
-41.6341 -56.5077 34.8206  255 255 255
26.8272 39.0126 -77.5534  255 255 255
20.3619 37.4728 -76.0987  255 255 255
27.5445 11.2877 -47.0289  255 255 255
5.74347 0.314162 22.5179  255 255 255
8.07549 -2.31679 27.4534  255 255 255
-16.6578 -5.00234 24.6263  255 255 255
12.355 -21.8788 31.4988  255 255 255
3.92879 -30.3853 37.6689  255 255 255
7.72818 -36.1942 33.0051  255 255 255
39.6842 -41.1117 11.1232  255 255 255
38.1652 -42.8494 13.9672  255 255 255
0.694062 -48.9513 29.5684  255 255 255
10.1069 -2.03876 25.4569  255 255 255
39.0002 -41.3772 11.4723  255 255 255
36.327 -45.1406 16.1598  255 255 255
-29.0001 -55.5498 32.7533  255 255 255
44.0918 -49.8886 21.1718  255 255 255
22.8808 -54.4144 27.5856  255 255 255
22.8808 -54.4144 27.5856  255 255 255
-21.8329 26.3561 -60.435  255 255 255
23.2377 22.5585 -58.8546  255 255 255
-10.4502 -2.07135 27.5684  255 255 255
-54.942 -13.7421 -14.4432  255 255 255
-3.99131 -24.2116 35.6481  255 255 255
15.8673 -26.0322 31.5784  255 255 255
45.8447 28.3086 -41.4007  255 255 255
8.72497 -2.6902 27.707  255 255 255
-19.1555 -56.2404 32.4865  255 255 255
46.5583 49.066 -91.2757  255 255 255
48.7723 44.4112 -86.537  255 255 255
11.1288 -20.0639 30.8812  255 255 255
-4.07422 -42.2154 30.0048  255 255 255
24.6906 -16.9502 20.4039  255 255 255
-31.8833 9.1198 -39.9534  255 255 255
-23.8522 -56.7302 33.8282  255 255 255
6.86598 -24.9525 35.4525  255 255 255
41.6336 -49.4692 23.1611  255 255 255
-51.2094 33.23 -51.344  255 255 255
-12.4787 -1.36828 25.1188  255 255 255
-4.55418 -31.1543 39.3069  255 255 255
4.55579 -42.4521 29.1774  255 255 255
3.40468 2.80026 21.6062  255 255 255
5.98945 -49.0757 29.2184  255 255 255
5.25199 -32.4132 37.7203  255 255 255
7.94085 -35.2139 33.6919  255 255 255
1.81293 1.715 20.5855  255 255 255
12.4199 -37.3662 29.2611  255 255 255
23.7271 -22.5835 26.707  255 255 255
10.5926 -38.1992 29.932  255 255 255
21.0315 -19.6309 23.933  255 255 255
-15.869 -43.3026 25.2995  255 255 255
-18.2493 -34.7389 28.8985  255 255 255
6.22245 0.759521 23.3226  255 255 255
9.85242 -20.6901 32.6207  255 255 255
11.955 -39.2234 27.8901  255 255 255
11.8965 -20.4007 29.9811  255 255 255
22.6946 -36.0325 17.5713  255 255 255
-7.99904 -45.7292 31.548  255 255 255
20.6456 -25.309 30.1148  255 255 255
-76.2773 -0.132801 -27.9936  255 255 255
-79.0815 8.69341 -37.7994  255 255 255
-7.26766 56.4974 -64.5118  255 255 255
-2.23393 64.4391 -61.2414  255 255 255
21.8919 66.0808 -78.3953  255 255 255
-74.103 16.4658 -46.4185  255 255 255
6.77023 -29.246 35.8527  255 255 255
4.14993 -20.3515 34.9885  255 255 255
11.1965 -26.6032 32.8604  255 255 255
16.7431 -24.5717 29.9455  255 255 255
48.313 -13.7728 -19.8413  255 255 255
18.5161 -24.2713 29.2499  255 255 255
-6.85707 -27.8975 35.64  255 255 255
7.88833 -1.9897 26.7753  255 255 255
-10.8548 -27.0283 34.8884  255 255 255
-4.47027 -28.4726 36.201  255 255 255
-33.1961 -53.0519 29.9495  255 255 255
-14.0259 -29.3583 37.2373  255 255 255
16.4546 29.9927 -66.6288  255 255 255
-3.11289 -20.7323 35.4298  255 255 255
-104.12 -10.9951 -13.0632  255 255 255
-107.116 -5.71728 -18.385  255 255 255
-103.021 -12.5085 -11.2761  255 255 255
-26.4277 18.7452 -51.8553  255 255 255
-11.3038 -13.0448 33.2467  255 255 255
-75.0842 8.22855 -35.7526  255 255 255
54.9621 -20.4358 -10.6291  255 255 255
48.1424 -38.1804 7.98706  255 255 255
47.6237 -1.15208 -15.5888  255 255 255
-20.1303 -56.3419 33.3271  255 255 255
16.8844 -40.5594 24.5041  255 255 255
-1.74354 -40.9904 30.5207  255 255 255
-32.1472 -55.4145 32.5148  255 255 255
2.79761 -30.2833 37.5928  255 255 255
-19.4356 -58.6954 35.7091  255 255 255
49.0452 -48.3684 19.4955  255 255 255
51.6382 -46.7397 21.7033  255 255 255
47.8856 -46.0994 15.9055  255 255 255
49.5388 -37.741 7.09487  255 255 255
-3.01895 -59.2556 34.681  255 255 255
55.6194 -46.8919 17.9323  255 255 255
-33.5885 -24.0167 8.76527  255 255 255
-39.9861 -37.7066 12.404  255 255 255
-18.8231 -58.6793 35.3194  255 255 255
50.3332 -40.7658 9.60227  255 255 255
-17.5434 -59.0171 35.7823  255 255 255
15.1564 -39.0732 25.0697  255 255 255
-70.1104 -52.8084 33.5358  255 255 255
-34.3871 -56.5025 34.0802  255 255 255
21.4387 -22.0992 26.6407  255 255 255
49.8075 36.3026 -27.2875  255 255 255
-8.36304 1.88531 22.5909  255 255 255
-35.5603 5.5887 -36.4172  255 255 255
0.785847 -8.86668 34.6326  255 255 255
6.91688 -10.1022 32.9605  255 255 255
-26.2261 -18.7075 26.8196  255 255 255
-21.5638 -24.2919 32.7506  255 255 255
0.448011 -32.3581 37.937  255 255 255
-14.9362 -34.9059 31.9162  255 255 255
14.7614 -31.2626 32.7161  255 255 255
-23.5069 -31.109 25.4814  255 255 255
12.3551 -38.9502 27.619  255 255 255
-16.6612 -5.05176 24.6159  255 255 255
-17.1829 -6.17494 24.9307  255 255 255
-17.8082 -8.89149 26.0075  255 255 255
-11.696 -22.5263 34.6978  255 255 255
14.3258 -34.5511 29.9807  255 255 255
-19.2107 -9.47474 23.992  255 255 255
-54.682 -30.3844 4.52279  255 255 255
9.66041 -38.1867 29.9373  255 255 255
-48.0411 -10.0012 -17.7071  255 255 255
49.3579 -5.86317 -13.7696  255 255 255
-9.29631 -21.5712 33.8214  255 255 255
9.92452 -23.2073 33.0578  255 255 255
-18.1811 -12.5991 26.8619  255 255 255
1.58209 -31.9712 38.1102  255 255 255
-4.55387 -31.1744 39.1578  255 255 255
9.53311 -36.7733 31.0659  255 255 255
12.3551 -38.9502 27.619  255 255 255
-8.50068 -24.2092 36.2515  255 255 255
-2.2838 -17.2619 35.9913  255 255 255
-53.875 -30.8444 4.58447  255 255 255
-38.5567 -52.8349 29.7641  255 255 255
-15.7781 -25.2439 33.5419  255 255 255
-28.4455 -16.4683 24.3854  255 255 255
44.6715 58.6947 -102.139  255 255 255
6.16838 49.4776 -80.8685  255 255 255
18.2293 35.0662 -73.2667  255 255 255
-57.1634 26.4713 -47.4823  255 255 255
-56.945 25.5834 -48.4321  255 255 255
-57.5147 25.3306 -49.4577  255 255 255
-58.24 25.0308 -49.2238  255 255 255
45.773 21.6519 -42.9925  255 255 255
-59.7378 24.1173 -47.3401  255 255 255
-65.5174 23.7875 -49.6473  255 255 255
46.6017 17.0867 -43.9199  255 255 255
-4.13368 18.5845 -52.8516  255 255 255
45.8807 16.7604 -43.728  255 255 255
47.2797 16.4769 -43.0472  255 255 255
47.729 15.419 -42.1052  255 255 255
29.5892 16.973 -53.2814  255 255 255
14.8982 17.0057 -52.575  255 255 255
48.838 14.7714 -40.8138  255 255 255
47.3525 14.1695 -43.7319  255 255 255
47.4548 13.7803 -43.0561  255 255 255
-55.0301 12.6042 -43.509  255 255 255
-44.974 11.0799 -42.3453  255 255 255
-43.5578 10.9655 -41.8782  255 255 255
-38.8326 9.67875 -41.3392  255 255 255
-30.5934 9.1644 -40.6613  255 255 255
-38.7426 9.14181 -40.0635  255 255 255
5.73054 0.341481 22.8154  255 255 255
51.2717 4.06862 -39.7453  255 255 255
47.6405 -1.95709 -15.4365  255 255 255
-25.7983 -5.19102 11.0153  255 255 255
-8.39681 -6.5598 32.0158  255 255 255
-50.0921 -5.61639 -22.4477  255 255 255
2.47798 -9.10915 34.4287  255 255 255
-50.0386 -7.35712 -20.7841  255 255 255
9.50921 -9.88571 31.5262  255 255 255
48.9533 -14.5716 -19.0539  255 255 255
50.7488 -17.88 -15.3375  255 255 255
-57.4488 -17.0987 -9.25251  255 255 255
-58.2386 -17.6765 -8.67252  255 255 255
10.7425 -22.1856 32.0875  255 255 255
15.5065 -25.4015 30.8891  255 255 255
47.027 -37.87 6.75633  255 255 255
50.5653 -38.3826 7.1975  255 255 255
50.0524 -40.0966 9.10753  255 255 255
48.5859 -42.3443 12.1117  255 255 255
-15.6158 -44.881 29.2891  255 255 255
33.9308 -49.7851 21.7486  255 255 255
35.0567 -50.3581 21.8303  255 255 255
30.3608 -52.3735 24.8216  255 255 255
-26.469 -57.0411 34.138  255 255 255
-19.2773 -57.2665 33.7439  255 255 255
-22.5038 -57.688 34.4287  255 255 255
-17.8378 -58.7039 35.5361  255 255 255
-17.5447 -59.0084 35.7844  255 255 255
46.7775 59.3306 -103.177  255 255 255
45.2879 58.7385 -101.774  255 255 255
16.4192 48.7033 -88.2953  255 255 255
20.5354 45.8902 -85.2496  255 255 255
16.3962 36.8575 -75.0923  255 255 255
16.3628 36.9014 -75.1947  255 255 255
24.965 31.4001 -70.0062  255 255 255
-56.3878 27.6127 -48.1029  255 255 255
46.1544 21.8827 -43.103  255 255 255
-5.06829 18.6989 -53.2976  255 255 255
49.9125 15.4059 -34.8818  255 255 255
-73.9923 17.1832 -47.6401  255 255 255
49.679 13.6893 -39.8134  255 255 255
-35.9123 15.387 -47.6582  255 255 255
48.6513 11.9321 -43.6298  255 255 255
-42.4829 12.6891 -43.7858  255 255 255
48.2837 10.9963 -43.4312  255 255 255
46.4126 9.93587 -46.3342  255 255 255
-43.4037 10.1233 -40.8759  255 255 255
-31.904 8.73462 -40.165  255 255 255
51.38 -10.1203 -11.0775  255 255 255
-43.022 -9.37027 -18.92  255 255 255
54.2293 -15.2599 -8.24868  255 255 255
51.8846 -15.4423 -14.4028  255 255 255
41.9198 -26.9359 -4.81358  255 255 255
-17.6692 -23.4736 31.2414  255 255 255
-50.3647 -29.2038 3.96091  255 255 255
40.5329 -32.646 2.11406  255 255 255
6.51397 -27.6331 34.9128  255 255 255
44.1195 -36.6295 6.29268  255 255 255
-56.211 -36.9177 13.1545  255 255 255
37.2306 -48.1125 19.1069  255 255 255
37.2306 -48.1125 19.1069  255 255 255
47.2367 -48.8878 20.0864  255 255 255
37.6116 -48.742 20.3174  255 255 255
-18.013 -55.0081 31.1641  255 255 255
-22.0759 -56.2059 32.735  255 255 255
-20.551 -58.0947 34.7268  255 255 255
18.7699 52.9455 -87.4789  255 255 255
16.2838 43.3116 -83.0835  255 255 255
50.4804 27.8865 -30.5468  255 255 255
-74.4364 16.9067 -47.1586  255 255 255
-29.6158 15.7414 -48.0675  255 255 255
48.4352 10.5454 -42.5471  255 255 255
-40.7932 7.86792 -38.8059  255 255 255
20.2835 -12.3602 19.8737  255 255 255
25.917 -12.656 15.0574  255 255 255
50.3511 -15.5306 -18.5636  255 255 255
-50.066 -30.3036 5.43929  255 255 255
-51.0293 -30.4033 5.52755  255 255 255
-8.47981 -28.3083 36.2024  255 255 255
49.722 -36.8411 6.80399  255 255 255
47.0229 -37.4809 6.90844  255 255 255
51.3327 -42.1774 11.846  255 255 255
48.6789 -43.1646 13.0821  255 255 255
30.7824 -48.8877 20.9221  255 255 255
-25.0762 -56.2377 32.9445  255 255 255
-22.4602 -57.3858 34.1813  255 255 255
-22.7603 -58.0081 35.1362  255 255 255
-2.89036 -59.0316 34.2882  255 255 255
18.6807 50.1299 -89.5508  255 255 255
18.467 48.8564 -88.0602  255 255 255
46.9152 39.8847 -80.6576  255 255 255
43.4739 35.6079 -76.198  255 255 255
-53.6718 31.3757 -52.0524  255 255 255
-55.1796 26.8293 -49.4558  255 255 255
-32.18 10.542 -41.7204  255 255 255
-36.9503 10.5228 -42.0733  255 255 255
-31.3817 8.28255 -40.1359  255 255 255
-35.7499 7.71164 -38.271  255 255 255
-33.1903 7.58525 -38.9107  255 255 255
-1.02685 -30.1849 37.5619  255 255 255
47.6448 -37.146 6.04725  255 255 255
57.7231 -44.2833 14.5406  255 255 255
44.0497 -44.8428 14.6347  255 255 255
2.50039 -42.6935 29.1112  255 255 255
37.7385 -48.5153 19.656  255 255 255
37.3022 -49.4338 21.3137  255 255 255
53.3553 44.126 -88.439  255 255 255
47.9321 42.0165 -82.9574  255 255 255
-39.1454 8.05129 -39.1137  255 255 255
-59.7951 24.9851 -48.8401  255 255 255
-59.7951 24.9851 -48.8401  255 255 255
-4.24393 -58.8016 33.8115  255 255 255
-59.4396 28.1454 -48.4263  255 255 255
-58.1444 26.3812 -46.5615  255 255 255
-73.0477 21.8695 -48.2506  255 255 255
-56.3492 26.3168 -48.2903  255 255 255
13.5027 -35.6811 29.2928  255 255 255
50.623 4.75334 -5.93243  255 255 255
13.8035 -19.0232 29.8754  255 255 255
-28.9984 -51.7515 28.3048  255 255 255
-32.1085 -59.44 36.8383  255 255 255
-4.78607 57.7976 -65.8317  255 255 255
17.9622 -42.2357 25.7702  255 255 255
45.1111 74.574 -89.9826  255 255 255
-36.1386 32.1136 -64.2277  255 255 255
12.8561 65.2378 -72.0467  255 255 255
39.2221 73.4588 -87.2022  255 255 255
18.6645 -16.2095 24.3721  255 255 255
9.6715 -13.7466 32.5896  255 255 255
2.93071 -7.25904 33.424  255 255 255
-68.9399 -45.8001 24.939  255 255 255
-6.93536 -19.6807 35.016  255 255 255
51.5144 67.0028 -99.9524  255 255 255
-49.0458 32.0163 -56.3282  255 255 255
47.1138 74.6982 -90.5202  255 255 255
52.9383 67.1941 -102.077  255 255 255
41.4995 69.0919 -91.5436  255 255 255
-9.8332 -19.2619 33.9697  255 255 255
7.0769 -10.6811 33.4121  255 255 255
28.4803 59.4031 -89.4882  255 255 255
9.70427 58.0079 -77.0787  255 255 255
-57.5571 46.7477 -35.516  255 255 255
9.50255 -14.0633 32.849  255 255 255
45.8839 63.6387 -98.9059  255 255 255
18.8331 37.5222 -76.0226  255 255 255
46.8429 66.3855 -97.4915  255 255 255
32.8774 69.8317 -83.9381  255 255 255
0.686256 -12.7469 35.7786  255 255 255
18.0256 60.6949 -81.9904  255 255 255
-8.07219 -10.5391 34.3613  255 255 255
6.19387 -29.2531 35.981  255 255 255
23.4957 52.5571 -92.0901  255 255 255
23.3687 57.5672 -87.8452  255 255 255
10.6198 64.8602 -72.2395  255 255 255
4.74416 61.2431 -70.8217  255 255 255
16.3779 66.8821 -73.8542  255 255 255
22.8591 56.9486 -88.2349  255 255 255
45.9511 73.5606 -90.426  255 255 255
46.574 74.0854 -90.1987  255 255 255
26.2513 65.699 -81.1217  255 255 255
-3.11448 -20.7317 35.4004  255 255 255
-8.77754 -24.8082 35.9693  255 255 255
40.8532 -31.9666 0.463121  255 255 255
-58.1486 -35.1738 11.1006  255 255 255
43.3845 36.6673 -77.1254  255 255 255
15.7917 61.0659 -76.7918  255 255 255
25.5254 39.2405 -79.2082  255 255 255
46.7746 22.6464 -42.7779  255 255 255
-30.1079 49.715 -53.5742  255 255 255
-22.6553 -7.99836 18.8566  255 255 255
-16.9575 -14.8127 28.9373  255 255 255
-7.47605 55.6722 -64.9346  255 255 255
-14.6075 -27.4688 35.5015  255 255 255
-10.9449 -30.0692 37.6102  255 255 255
-11.3353 -6.77021 30.6751  255 255 255
-110.307 -14.9176 -7.07481  255 255 255
-109.038 -16.9176 -4.89918  255 255 255
-110.715 -15.2746 -6.78293  255 255 255
-107.236 -19.4866 -2.35887  255 255 255
-53.9308 8.8817 -39.3196  255 255 255
-48.838 10.9725 -41.5883  255 255 255
-106.09 -6.79858 -16.6086  255 255 255
-68.435 -2.74057 -25.3368  255 255 255
-109.595 -15.6412 -6.40438  255 255 255
-64.8593 -7.78152 -19.6924  255 255 255
-64.8593 -7.78152 -19.6924  255 255 255
-60.7384 -7.74773 -19.6047  255 255 255
-75.4759 25.2931 -46.6292  255 255 255
-63.37 -13.885 -12.4195  255 255 255
42.1104 -29.5738 -2.169  255 255 255
-11.8182 -7.4894 30.839  255 255 255
-111.697 -14.1904 -7.89304  255 255 255
-119.468 50.1214 -76.8859  255 255 255
25.764 11.1685 -46.4962  255 255 255
30.4679 15.1001 -50.9795  255 255 255
24.7133 35.911 -74.7365  255 255 255
47.0582 68.5744 -95.537  255 255 255
-44.7952 -26.1832 0.443587  255 255 255
-24.0205 16.2603 -49.8449  255 255 255
-56.6009 -21.0037 -5.2399  255 255 255
44.3298 75.7386 -86.9125  255 255 255
-12.5189 -3.87708 27.6488  255 255 255
6.5298 -47.9641 30.4163  255 255 255
-32.9627 -55.6366 32.4491  255 255 255
46.3977 66.8853 -96.7589  255 255 255
-78.1607 -12.3504 -14.7007  255 255 255
44.324 70.4632 -91.8736  255 255 255
-99.0897 -29.2232 8.42846  255 255 255
-75.6349 26.1522 -44.7386  255 255 255
-63.6938 -13.5384 -13.9237  255 255 255
-53.8866 -3.52753 -24.9451  255 255 255
19.2188 64.625 -78.111  255 255 255
32.1947 62.884 -89.3165  255 255 255
17.1262 65.3806 -76.8731  255 255 255
34.3425 66.4219 -93.4807  255 255 255
-33.1249 19.1937 -51.6054  255 255 255
-34.6305 26.2018 -59.6627  255 255 255
23.3618 24.815 -62.202  255 255 255
-33.9226 -49.3847 25.7665  255 255 255
-28.8245 21.327 -56.2352  255 255 255
-19.9122 29.3782 -63.9684  255 255 255
-44.5573 12.1447 -43.6624  255 255 255
-28.6558 20.3972 -53.3469  255 255 255
10.8496 -23.4096 33.2777  255 255 255
-22.6793 26.4887 -60.5857  255 255 255
-30.0582 -53.3317 29.9433  255 255 255
-43.5092 8.41654 -39.5056  255 255 255
-30.7477 5.56417 -36.4952  255 255 255
-40.108 18.1284 -50.0468  255 255 255
8.93378 -9.26383 31.6606  255 255 255
-76.7777 10.1271 -39.4583  255 255 255
54.2671 -14.8824 -8.13995  255 255 255
26.1549 60.9684 -87.0637  255 255 255
18.3406 -18.3063 26.8953  255 255 255
47.6023 10.9779 -7.65433  255 255 255
47.1506 9.72973 -9.71541  255 255 255
-22.6931 -55.197 32.0004  255 255 255
12.7725 -30.2719 34.9046  255 255 255
19.4073 -12.0338 19.4574  255 255 255
-8.466 -45.8453 32.1328  255 255 255
26.2619 11.9686 -47.0836  255 255 255
18.1521 -23.7667 28.7905  255 255 255
1.76569 2.34874 21.0082  255 255 255
21.8658 -17.3297 21.5813  255 255 255
-1.91578 20.8428 -55.0202  255 255 255
4.88494 -12.074 34.5911  255 255 255
-28.0098 -54.0011 30.913  255 255 255
-15.0014 -1.73451 22.9287  255 255 255
-20.3816 18.0789 -50.8436  255 255 255
7.80029 -2.54107 26.5674  255 255 255
54.6676 -16.0068 -7.09912  255 255 255
52.498 -17.3215 -13.7986  255 255 255
8.30648 -5.28284 29.7296  255 255 255
-21.2683 10.1864 -42.7324  255 255 255
59.6643 -27.8702 -3.09774  255 255 255
-3.37562 -42.825 29.6002  255 255 255
9.4429 -39.0231 29.0871  255 255 255
-11.3269 -36.1332 32.1089  255 255 255
-27.3698 -17.3928 25.3578  255 255 255
18.9271 40.8781 -80.5168  255 255 255
25.1523 28.153 -66.2364  255 255 255
17.3773 32.9219 -70.8648  255 255 255
-23.8522 -56.7302 33.8282  255 255 255
39.9892 77.5468 -84.1305  255 255 255
23.0082 64.7026 -79.7378  255 255 255
21.774 64.3214 -79.2332  255 255 255
33.3147 74.6547 -80.1462  255 255 255
-4.40746 19.8361 -54.2329  255 255 255
-66.2775 -1.83714 -26.2505  255 255 255
-29.9832 37.3401 -64.7093  255 255 255
23.1692 37.6336 -75.6774  255 255 255
47.7484 10.4623 -8.86211  255 255 255
-13.8764 -18.2982 31.6388  255 255 255
50.8177 -38.1139 9.29302  255 255 255
-19.2331 10.4449 -41.053  255 255 255
-23.3581 -53.7738 30.4754  255 255 255
8.50714 0.0770189 23.7351  255 255 255
4.90625 -47.1057 30.5726  255 255 255
-2.33418 -32.886 37.4372  255 255 255
0.575417 60.2783 -68.4685  255 255 255
-49.2337 -7.29577 -20.8819  255 255 255
-49.3409 9.95319 -40.4361  255 255 255
-70.9199 2.60116 -31.3392  255 255 255
-69.9648 3.0005 -31.895  255 255 255
-102.413 -11.9665 -11.1603  255 255 255
45.0941 79.0973 -85.2985  255 255 255
-25.7138 17.2116 -49.4625  255 255 255
-37.2505 17.0063 -49.3226  255 255 255
21.0596 -21.5289 25.8904  255 255 255
53.4761 -44.2426 14.3524  255 255 255
58.4754 -43.743 14.4265  255 255 255
-22.4148 -55.5213 32.3364  255 255 255
49.4703 -42.0147 11.5223  255 255 255
23.0186 -23.0289 27.489  255 255 255
15.1621 -9.39589 26.7531  255 255 255
49.5535 -47.8395 18.6665  255 255 255
16.1805 -23.5736 29.6955  255 255 255
-44.9047 -5.70954 -22.6974  255 255 255
-54.0281 15.7188 -46.5448  255 255 255
-38.5619 7.20143 -38.0242  255 255 255
45.7559 -41.9786 11.1742  255 255 255
-33.8622 50.7003 -49.4052  255 255 255
52.17 75.1048 -93.5052  255 255 255
38.8154 71.6491 -86.9633  255 255 255
17.6213 61.0752 -80.4747  255 255 255
18.0538 62.7662 -77.6702  255 255 255
11.0437 59.8316 -75.4623  255 255 255
-7.5125 -13.2578 34.9485  255 255 255
18.2871 16.8285 -52.5608  255 255 255
37.9597 71.2078 -86.0084  255 255 255
12.3955 63.6418 -73.849  255 255 255
45.0927 74.9102 -88.8666  255 255 255
-8.81902 -1.09726 27.3223  255 255 255
-68.9256 -1.61253 -27.8328  255 255 255
-33.7664 8.60997 -39.953  255 255 255
22.1729 20.946 -57.3769  255 255 255
-7.56033 -4.50732 30.9759  255 255 255
-30.5214 -53.5537 30.2878  255 255 255
45.0655 20.1184 -46.4217  255 255 255
22.3713 21.5806 -58.3075  255 255 255
-32.1224 17.0205 -49.3326  255 255 255
15.5725 -16.423 28.0691  255 255 255
-34.7395 -49.8462 26.6445  255 255 255
-30.1708 17.5985 -50.0868  255 255 255
-77.8582 4.32864 -33.1216  255 255 255
-0.0321441 -58.0489 33.5027  255 255 255
-3.4778 21.5016 -55.9434  255 255 255
58.4516 -25.1295 -4.19416  255 255 255
47.2466 -0.0655575 -15.6489  255 255 255
-17.6938 -58.7086 35.5892  255 255 255
59.5516 65.038 -105.445  255 255 255
17.8122 -21.6283 28.4812  255 255 255
-1.74885 -27.4566 36.4301  255 255 255
10.2435 -38.0331 28.7078  255 255 255
-6.36158 -0.127998 23.8052  255 255 255
29.2166 24.3369 -61.8713  255 255 255
11.8514 60.638 -74.4185  255 255 255
-76.4527 -44.9037 24.9796  255 255 255
24.2304 -34.0202 18.3036  255 255 255
35.159 74.5739 -83.3888  255 255 255
-30.0498 21.738 -56.1296  255 255 255
56.8391 64.2119 -105.632  255 255 255
35.655 -44.6874 15.7294  255 255 255
45.5828 77.84 -87.4613  255 255 255
-10.0429 66.1562 -54.8856  255 255 255
41.7156 76.3059 -85.8955  255 255 255
58.363 77.6761 -96.548  255 255 255
44.2646 76.9129 -86.4597  255 255 255
58.1658 77.0018 -97.0174  255 255 255
39.5815 73.5235 -86.0457  255 255 255
10.4219 71.7451 -65.8585  255 255 255
14.9291 65.3997 -75.1966  255 255 255
61.0052 65.3059 -110.459  255 255 255
22.9768 62.746 -83.4164  255 255 255
46.6696 63.4577 -99.5734  255 255 255
52.7564 63.3138 -104.651  255 255 255
37.4883 48.2178 -89.6687  255 255 255
-11.0976 -9.56305 32.3852  255 255 255
-17.45 -58.4069 34.799  255 255 255
-18.0612 -58.1688 35.19  255 255 255
8.21421 -22.2088 33.2084  255 255 255
19.4736 27.7397 -64.5219  255 255 255
-101.206 -13.6795 -9.53838  255 255 255
-78.2499 -13.5609 -12.4204  255 255 255
-9.26482 -23.4124 35.4097  255 255 255
-1.75469 18.9153 -53.0566  255 255 255
16.1978 -28.042 33.629  255 255 255
-15.9608 -26.8777 34.8242  255 255 255
-14.9399 -42.901 25.605  255 255 255
23.1128 -15.1616 19.9703  255 255 255
3.04844 -44.5398 26.7222  255 255 255
4.01822 -45.8988 27.1888  255 255 255
37.4867 -40.7581 11.0234  255 255 255
33.9171 -47.9753 19.2435  255 255 255
44.423 -46.788 18.4684  255 255 255
-5.68406 18.2507 -52.5771  255 255 255
19.4331 65.2263 -78.1965  255 255 255
35.8555 70.3763 -86.0778  255 255 255
8.75421 -25.111 34.6264  255 255 255
43.4049 35.587 -75.8719  255 255 255
-1.92759 1.6748 21.3393  255 255 255
-75.9185 -55.765 38.6287  255 255 255
-67.98 -58.4741 40.4491  255 255 255
-33.1004 24.266 -57.831  255 255 255
-39.1022 14.3252 -46.2567  255 255 255
37.6276 -39.6298 10.0116  255 255 255
-76.3028 -12.4004 -13.8325  255 255 255
-18.6038 -36.9304 26.4176  255 255 255
-25.0488 -56.2046 33.084  255 255 255
-17.536 -24.3699 32.3825  255 255 255
-6.17867 -14.6736 35.4396  255 255 255
-14.3711 -39.9196 27.5061  255 255 255
57.208 -45.7498 16.2062  255 255 255
48.7424 -12.7866 -20.2689  255 255 255
15.7635 22.7757 -58.4985  255 255 255
-3.99131 -24.2116 35.6481  255 255 255
21.7404 -39.9255 22.6601  255 255 255
-27.6471 19.0764 -51.9099  255 255 255
-53.6765 30.5624 -52.391  255 255 255
-2.7367 -30.1845 37.7378  255 255 255
-3.09021 15.0932 -48.8109  255 255 255
46.8545 62.8298 -100.603  255 255 255
44.3205 69.7686 -92.4022  255 255 255
45.9915 -31.7091 0.553124  255 255 255
46.8804 74.6085 -91.696  255 255 255
10.9639 58.5349 -77.3386  255 255 255
46.8728 62.8531 -100.727  255 255 255
52.6229 45.6718 -88.3741  255 255 255
23.0343 20.997 -57.8182  255 255 255
5.026 54.1031 -76.7674  255 255 255
54.058 69.8347 -99.5088  255 255 255
16.1298 31.6282 -69.9903  255 255 255
41.0489 -29.2753 -2.35791  255 255 255
24.0915 36.1253 -74.7958  255 255 255
12.5511 -30.7631 34.5469  255 255 255
-33.3447 2.61635 -33.3614  255 255 255
21.4387 -22.0992 26.6407  255 255 255
12.3857 -29.1767 35.3138  255 255 255
-21.4969 9.43731 -41.0332  255 255 255
53.1235 -16.4817 -12.0002  255 255 255
-61.2481 -12.4497 -14.6891  255 255 255
12.6175 -4.22254 25.0337  255 255 255
-2.0394 -15.0799 36.0643  255 255 255
-86.0157 -48.9411 30.1732  255 255 255
-37.401 8.24005 -38.5608  255 255 255
30.7483 17.3598 -54.0667  255 255 255
29.0176 65.8317 -84.4669  255 255 255
29.7976 15.7802 -51.1299  255 255 255
23.1372 64.9805 -82.1384  255 255 255
16.7136 62.3107 -77.0953  255 255 255
28.0161 65.4336 -84.7715  255 255 255
19.9066 -24.0499 29.2601  255 255 255
3.80038 -29.3859 36.3837  255 255 255
-37.6242 -50.0586 26.7429  255 255 255
-33.1249 13.2651 -45.1094  255 255 255
17.2595 -23.5048 28.8512  255 255 255
-33.148 16.5253 -49.2282  255 255 255
-26.958 19.1384 -51.2122  255 255 255
45.7326 -38.8291 7.74997  255 255 255
44.8454 35.4299 -74.8232  255 255 255
-57.0812 27.0416 -46.8525  255 255 255
25.4288 64.3781 -82.1781  255 255 255
21.8757 63.3087 -80.4114  255 255 255
10.8029 59.4823 -76.6008  255 255 255
52.7782 63.333 -104.75  255 255 255
-31.5058 49.5798 -52.455  255 255 255
-81.1884 18.1628 -43.3396  255 255 255
-51.0897 49.5261 -36.8908  255 255 255
13.4561 65.5305 -74.6778  255 255 255
-21.1472 -13.5091 25.024  255 255 255
48.9345 62.2774 -103.611  255 255 255
23.8329 59.8527 -85.6343  255 255 255
20.9869 25.0516 -61.8359  255 255 255
-33.2701 -49.3122 25.8836  255 255 255
-2.64779 -59.044 34.5707  255 255 255
19.2636 -33.7173 24.5211  255 255 255
-22.7788 -56.5328 33.1287  255 255 255
-18.5054 -24.3297 32.6808  255 255 255
-5.9781 -7.4981 33.4191  255 255 255
-17.6856 -17.8614 29.9156  255 255 255
12.3502 -21.8635 31.5398  255 255 255
-7.53611 1.52883 23.6875  255 255 255
19.0351 -28.28 30.3573  255 255 255
16.8561 38.364 -76.7158  255 255 255
-23.8803 -53.9749 30.9783  255 255 255
-19.0852 27.6485 -62.1018  255 255 255
-42.525 -10.5785 -16.1685  255 255 255
14.9018 22.165 -58.6815  255 255 255
-36.2607 -49.8803 26.4313  255 255 255
22.6808 60.4548 -85.0461  255 255 255
25.0559 23.8488 -60.5208  255 255 255
-29.0944 -9.09423 15.7133  255 255 255
-9.83125 -3.20294 28.7292  255 255 255
20.3153 37.3481 -75.6013  255 255 255
20.7317 -29.394 26.3107  255 255 255
23.0316 -54.2633 26.9949  255 255 255
-19.1331 26.8427 -61.9659  255 255 255
55.9143 -44.0655 13.9096  255 255 255
-10.2031 -21.26 33.4613  255 255 255
-22.8817 -22.2252 30.7153  255 255 255
57.0012 -19.9238 -4.41245  255 255 255
20.8807 -12.3456 19.7746  255 255 255
51.947 -11.1018 -9.96426  255 255 255
-24.4143 -13.6592 20.9963  255 255 255
-61.0368 14.3332 -44.9972  255 255 255
19.1305 -23.4856 28.4997  255 255 255
8.30642 -23.7538 34.1613  255 255 255
24.7145 -19.5693 23.0276  255 255 255
44.4654 -38.9252 7.80682  255 255 255
-38.1809 40.4466 -55.3404  255 255 255
4.76201 -58.3101 32.8978  255 255 255
-80.2628 -40.6072 19.7434  255 255 255
40.5612 71.984 -87.1394  255 255 255
49.8407 8.45712 -6.2452  255 255 255
14.2772 20.4498 -56.8603  255 255 255
10.5897 -28.1897 34.5817  255 255 255
51.9519 -47.3192 18.5635  255 255 255
16.4676 -29.0052 34.838  255 255 255
21.7618 -17.8482 21.6816  255 255 255
-19.8742 26.1619 -60.5791  255 255 255
1.08654 43.5991 -81.4344  255 255 255
-28.7458 18.9197 -52.4958  255 255 255
14.8742 63.0508 -74.914  255 255 255
37.8835 71.1521 -87.4355  255 255 255
36.1602 65.1709 -94.1502  255 255 255
47.667 63.1321 -101.766  255 255 255
55.6891 64.5185 -104.06  255 255 255
26.6912 65.025 -83.0956  255 255 255
13.7526 62.72 -74.0451  255 255 255
9.74767 58.9796 -75.5442  255 255 255
47.667 63.1321 -101.766  255 255 255
14.1894 64.0873 -75.2328  255 255 255
47.6374 76.3313 -89.3311  255 255 255
49.9888 65.0587 -99.9201  255 255 255
17.5021 63.8206 -76.3384  255 255 255
7.01155 60.9651 -75.3185  255 255 255
49.4397 63.8186 -101.38  255 255 255
62.6301 65.693 -110.644  255 255 255
16.6307 63.3353 -75.5216  255 255 255
26.9102 65.327 -78.7413  255 255 255
31.9223 68.0718 -87.3215  255 255 255
61.4532 65.4826 -109.397  255 255 255
62.4449 65.1149 -113.444  255 255 255
32.8774 69.8317 -83.9381  255 255 255
31.9471 68.0704 -87.2846  255 255 255
25.7993 68.3077 -81.3803  255 255 255
27.7716 65.4178 -83.7325  255 255 255
16.7358 66.3063 -75.5655  255 255 255
26.2418 65.2311 -78.0865  255 255 255
11.5472 62.9738 -73.5413  255 255 255
7.01155 60.9651 -75.3185  255 255 255
-27.4011 -56.0091 33.0422  255 255 255
16.7155 16.5448 -52.1701  255 255 255
31.3364 22.6559 -60.0563  255 255 255
16.7155 16.5448 -52.1701  255 255 255
-32.9795 -53.559 30.385  255 255 255
21.0436 25.1635 -62.3751  255 255 255
43.9185 -40.5026 9.97259  255 255 255
-18.0768 -56.2123 32.414  255 255 255
15.8938 22.2526 -58.7868  255 255 255
-29.2933 -58.6088 35.7831  255 255 255
39.2338 -44.704 14.9672  255 255 255
-35.7397 -51.2536 27.7849  255 255 255
24.3106 -54.5359 27.4014  255 255 255
21.6119 22.7469 -59.4822  255 255 255
-19.5784 11.1234 -43.6915  255 255 255
-23.2129 11.8214 -43.9219  255 255 255
-20.7416 11.8335 -44.262  255 255 255
44.3463 -40.5899 10.0356  255 255 255
-4.23668 15.7174 -49.7482  255 255 255
20.5491 20.9745 -57.6232  255 255 255
-31.7686 -57.8506 35.0039  255 255 255
12.6423 -5.68162 26.9245  255 255 255
-10.096 -0.636176 25.9285  255 255 255
49.5131 -14.6412 -19.0913  255 255 255
-26.0356 -55.522 32.5284  255 255 255
34.3502 -50.4242 22.9435  255 255 255
14.6414 -24.3472 31.0479  255 255 255
37.8199 -40.8214 10.9897  255 255 255
-10.0023 -0.380029 25.7794  255 255 255
49.7696 63.5904 -102.439  255 255 255
-4.00973 -30.4139 38.2935  255 255 255
-3.30542 19.4368 -53.2338  255 255 255
21.6653 24.7875 -62.2919  255 255 255
31.0901 16.1469 -52.0137  255 255 255
-11.8852 -21.7659 33.9245  255 255 255
-98.8852 -28.8912 7.82942  255 255 255
6.21416 -45.9934 30.9021  255 255 255
-41.9304 53.3801 -40.7494  255 255 255
30.9448 17.7602 -53.8786  255 255 255
-44.155 -25.901 -0.174235  255 255 255
39.8299 -42.4493 12.6706  255 255 255
-75.9133 6.16735 -35.3519  255 255 255
13.8699 -12.6725 29.4909  255 255 255
-74.8209 8.79873 -38.3038  255 255 255
-33.9315 15.1702 -47.2172  255 255 255
-73.7294 -57.5084 40.5931  255 255 255
-43.2701 13.0717 -44.6936  255 255 255
8.77288 -31.8031 36.201  255 255 255
13.3638 -30.803 33.7509  255 255 255
-77.7482 -52.0279 33.8747  255 255 255
-83.0491 -49.5847 32.135  255 255 255
-40.5837 17.1908 -49.88  255 255 255
17.5954 31.7364 -69.1628  255 255 255
-76.4295 -50.9958 32.3815  255 255 255
-67.618 -53.8856 34.4792  255 255 255
3.93009 -18.7743 35.4303  255 255 255
-24.6942 25.7698 -59.1653  255 255 255
-5.33877 -58.681 34.1094  255 255 255
-35.6417 -49.5201 26.2413  255 255 255
-5.137 19.4846 -53.3278  255 255 255
-9.80629 -27.598 35.4338  255 255 255
-75.2433 -52.314 33.7007  255 255 255
-35.4827 -49.9468 26.7111  255 255 255
-20.909 -59.1369 35.8668  255 255 255
-75.4859 -57.3084 37.8931  255 255 255
-74.8209 8.79873 -38.3038  255 255 255
-35.3694 -51.6781 28.5826  255 255 255
-74.0686 -56.8379 39.921  255 255 255
-23.3587 27.7773 -62.7998  255 255 255
-42.307 8.68091 -39.2856  255 255 255
23.3917 -7.7368 9.58946  255 255 255
-76.1823 -55.7822 38.8041  255 255 255
-78.0162 -11.8137 -14.9311  255 255 255
25.9683 -10.8563 12.7332  255 255 255
-57.6406 -35.9019 11.8491  255 255 255
-54.423 -38.38 14.3183  255 255 255
4.96367 -46.1516 27.1265  255 255 255
23.566 -14.9472 18.0824  255 255 255
-21.5858 -55.3669 31.9974  255 255 255
-27.6574 -56.0496 33.1106  255 255 255
-33.1265 10.3222 -41.6027  255 255 255
51.7135 -19.6099 -11.0484  255 255 255
-46.1702 12.158 -43.5713  255 255 255
49.9888 65.0587 -99.9201  255 255 255
36.0371 63.8202 -93.8162  255 255 255
-36.4512 -58.8153 36.456  255 255 255
-22.0845 11.3268 -43.2571  255 255 255
-79.2731 -13.3999 -12.8183  255 255 255
-28.7953 -54.6539 31.509  255 255 255
-68.3266 17.1178 -47.3457  255 255 255
-82.5609 9.33787 -38.4381  255 255 255
49.7979 -35.9098 4.6028  255 255 255
-28.1136 -58.0963 35.3241  255 255 255
-29.8689 20.3001 -53.3811  255 255 255
-72.0282 -19.5149 -6.24162  255 255 255
-74.2234 -57.3429 40.7188  255 255 255
-73.6073 -57.9971 38.7044  255 255 255
45.5394 -45.3917 16.5219  255 255 255
52.0525 -44.5393 14.4677  255 255 255
-62.4426 -53.269 31.5178  255 255 255
-18.8621 -17.6683 29.5265  255 255 255
-73.4268 -51.6588 32.8602  255 255 255
7.83013 -0.283382 25.3238  255 255 255
57.6935 -45.8073 15.6521  255 255 255
11.1388 -21.9941 31.8585  255 255 255
22.2265 33.3165 -71.3811  255 255 255
39.0655 -34.059 3.52411  255 255 255
45.8454 -41.9249 11.9053  255 255 255
2.69696 53.0211 -75.5944  255 255 255
-40.699 13.627 -44.8982  255 255 255
-31.2636 -49.6959 25.9776  255 255 255
19.7115 -22.0489 26.6161  255 255 255
10.992 -28.832 35.3631  255 255 255
6.26249 -28.9941 35.6236  255 255 255
-26.8284 22.4305 -55.6805  255 255 255
-75.3926 -49.5925 30.5358  255 255 255
5.18008 -46.0061 31.2152  255 255 255
-76.4413 -55.5974 36.3375  255 255 255
-20.4505 -58.2269 34.6663  255 255 255
35.3176 -43.921 14.7873  255 255 255
-53.9577 -37.7545 14.096  255 255 255
-23.264 13.1703 -45.2536  255 255 255
50.2262 39.6754 -79.9406  255 255 255
27.8815 31.0033 -69.1585  255 255 255
-19.1555 -56.2404 32.4865  255 255 255
16.5771 -20.1918 29.1093  255 255 255
31.4441 -50.6855 22.6653  255 255 255
20.752 -29.4187 26.172  255 255 255
38.1974 -35.228 4.27955  255 255 255
8.71922 -1.1523 25.9332  255 255 255
55.1666 -47.0689 18.2779  255 255 255
47.6468 18.8233 -38.6665  255 255 255
48.3607 18.4751 -39.2488  255 255 255
-27.209 -57.9311 34.4877  255 255 255
48.3607 18.4751 -39.2488  255 255 255
-73.7474 7.27562 -35.9477  255 255 255
49.7416 33.0778 -30.2298  255 255 255
-4.19346 -57.7657 33.0336  255 255 255
40.6839 34.4429 -74.1223  255 255 255
-39.2789 10.4356 -42.0251  255 255 255
57.2608 -25.8575 -7.75933  255 255 255
-24.7788 -57.0837 33.9943  255 255 255
16.9814 -37.4808 24.7644  255 255 255
-31.9531 -48.2406 24.4476  255 255 255
-43.8361 -32.5333 6.67082  255 255 255
-24.9645 -12.2912 19.512  255 255 255
-29.266 -44.369 23.2233  255 255 255
55.4216 -16.3248 -5.79811  255 255 255
21.5391 -18.3296 22.3015  255 255 255
-18.965 -8.4775 23.5889  255 255 255
-29.4804 -28.0622 15.1812  255 255 255
16.0474 -15.395 27.1835  255 255 255
-2.9267 -17.7131 36.2001  255 255 255
-24.776 -12.5792 19.4201  255 255 255
-70.7397 -42.1312 20.7396  255 255 255
-2.3278 -23.5992 35.1791  255 255 255
-18.8701 -34.6047 28.9387  255 255 255
-31.1397 8.91181 -40.0287  255 255 255
20.901 59.1396 -83.1176  255 255 255
-28.273 28.1707 -62.5077  255 255 255
31.2036 39.9334 -80.1873  255 255 255
48.0974 35.0121 -75.7437  255 255 255
5.17741 -36.4749 34.0381  255 255 255
-7.09423 -46.0045 32.4407  255 255 255
-33.2429 -55.8242 33.2787  255 255 255
-77.0877 13.9065 -43.6837  255 255 255
-16.6973 -24.5312 32.7004  255 255 255
6.51397 -27.6331 34.9128  255 255 255
-29.7386 8.83591 -40.1886  255 255 255
20.1875 -9.7299 16.9879  255 255 255
27.6761 34.6673 -72.7548  255 255 255
27.1485 33.6019 -74.6478  255 255 255
15.0632 16.7236 -51.6396  255 255 255
-41.2417 -8.76499 -19.5728  255 255 255
52.7717 37.7489 -78.7633  255 255 255
13.5057 58.9223 -78.1621  255 255 255
36.4433 -44.3057 15.6167  255 255 255
1.35981 -59.715 35.5004  255 255 255
47.4249 42.0994 -83.5381  255 255 255
16.6352 43.7706 -82.4694  255 255 255
16.056 33.3883 -70.9001  255 255 255
32.2682 19.5765 -55.9558  255 255 255
-42.3684 -8.87543 -19.4719  255 255 255
41.8266 -34.8455 4.69494  255 255 255
-42.4549 -9.23685 -19.103  255 255 255
48.3266 29.2101 -67.9086  255 255 255
-23.3861 11.2864 -43.2079  255 255 255
37.0134 -47.0145 18.0837  255 255 255
37.5131 47.0731 -89.0623  255 255 255
-13.5792 -25.9946 33.7498  255 255 255
40.0291 -48.3718 18.9456  255 255 255
29.5639 15.1451 -51.7406  255 255 255
25.4506 31.7099 -69.1082  255 255 255
-23.0329 9.24425 -40.8647  255 255 255
-78.6314 -11.9988 -13.1036  255 255 255
38.707 -41.5773 11.5926  255 255 255
49.668 24.5305 -34.4215  255 255 255
14.3007 39.0655 -77.6211  255 255 255
-1.36288 -58.0043 33.3564  255 255 255
-42.1682 -36.1687 11.1115  255 255 255
-16.69 -6.22375 24.9075  255 255 255
-4.77085 -42.1063 30.2395  255 255 255
-32.484 22.3901 -55.2424  255 255 255
-25.6855 -12.6263 19.4859  255 255 255
39.9571 -48.8435 20.6387  255 255 255
-23.8077 -37.0624 20.8973  255 255 255
47.4154 17.5745 -42.4447  255 255 255
46.8745 12.9373 -45.7809  255 255 255
13.7252 -28.0307 33.9008  255 255 255
-34.773 -55.2518 32.6634  255 255 255
-23.9592 -57.4074 34.2732  255 255 255
48.1832 16.4835 -40.7234  255 255 255
-24.3411 -57.2418 34.4005  255 255 255
49.4234 14.2697 -39.392  255 255 255
45.9889 11.1779 -44.4211  255 255 255
51.8834 42.1348 -83.0761  255 255 255
58.6888 -41.8256 11.8911  255 255 255
24.9275 30.0554 -67.7009  255 255 255
-32.0289 -59.6821 37.2937  255 255 255
-96.9718 -31.8091 10.9275  255 255 255
-2.835 42.6765 -79.4214  255 255 255
-68.2417 2.33019 -30.9289  255 255 255
24.4515 60.0984 -86.4655  255 255 255
25.0186 8.94801 -43.7057  255 255 255
51.38 -10.1203 -11.0775  255 255 255
8.15496 -23.4253 33.6261  255 255 255
41.726 -38.5814 9.16681  255 255 255
18.3444 -18.3223 26.9465  255 255 255
49.9544 51.0251 -94.054  255 255 255
-75.8443 3.54542 -32.2702  255 255 255
-65.0004 -7.30968 -19.8514  255 255 255
35.2932 -47.7501 18.9062  255 255 255
31.9754 69.21 -84.1915  255 255 255
-69.4354 7.45394 -36.6935  255 255 255
55.0758 43.0131 -85.4317  255 255 255
1.07394 -59.794 35.005  255 255 255
41.7298 -42.2003 11.8408  255 255 255
-44.7423 -10.134 -17.5461  255 255 255
53.1237 62.3876 -105.826  255 255 255
31.996 -51.2289 23.5698  255 255 255
-1.47929 57.6917 -71.6111  255 255 255
32.5964 34.1842 -72.5462  255 255 255
54.2139 65.8883 -103.645  255 255 255
-47.0523 -7.0972 -21.3222  255 255 255
6.19239 42.2957 -80.3176  255 255 255
34.7991 -39.845 10.128  255 255 255
49.4962 -16.4822 -17.0875  255 255 255
-38.0273 10.104 -41.4154  255 255 255
-18.7384 -54.8753 31.1078  255 255 255
-36.6504 -59.4607 37.8319  255 255 255
56.3118 -44.2109 13.5717  255 255 255
-38.8687 -52.4953 29.5186  255 255 255
22.5645 -39.4026 21.7809  255 255 255
-19.99 18.5356 -51.3954  255 255 255
34.9627 -49.2085 21.0866  255 255 255
-36.4372 9.98846 -41.5566  255 255 255
43.911 46.0858 -88.703  255 255 255
-22.4148 -55.5213 32.3364  255 255 255
18.3544 12.8896 -47.512  255 255 255
30.1321 20.783 -57.7085  255 255 255
-42.3868 12.1356 -43.1053  255 255 255
33.6736 -48.4178 20.016  255 255 255
-19.6917 9.77409 -41.6262  255 255 255
-50.8246 -1.02467 -28.0493  255 255 255
24.6089 27.3892 -64.6862  255 255 255
28.0241 13.891 -49.5542  255 255 255
-2.82671 54.8586 -70.8191  255 255 255
-36.2058 -51.1394 28.5438  255 255 255
55.0347 -42.3025 12.4379  255 255 255
-77.4183 -53.0068 35.4828  255 255 255
52.2508 -41.3543 10.9359  255 255 255
-28.2852 8.97843 -40.5051  255 255 255
53.0928 -17.5267 -12.7838  255 255 255
-24.8523 -53.2714 30.0953  255 255 255
53.2204 -41.9326 11.5462  255 255 255
-35.2775 4.6355 -35.1637  255 255 255
41.592 2.99851 -35.8044  255 255 255
-37.3024 -53.5594 30.8491  255 255 255
-67.3183 -55.9364 37.4798  255 255 255
42.0078 -46.9517 18.0026  255 255 255
54.4071 63.7457 -105.416  255 255 255
30.3608 -52.3735 24.8216  255 255 255
31.7143 22.3351 -59.6941  255 255 255
-63.9069 -2.2577 -25.606  255 255 255
-23.264 13.1703 -45.2536  255 255 255
-61.1141 -3.31106 -25.5138  255 255 255
38.8334 47.5869 -89.4766  255 255 255
51.4541 40.0898 -81.2864  255 255 255
-26.1868 -9.91501 16.6857  255 255 255
-21.1777 -7.97663 18.5929  255 255 255
21.0861 63.0698 -78.8684  255 255 255
-62.6298 -9.7996 -17.5764  255 255 255
-51.0533 8.09894 -37.8728  255 255 255
23.5926 31.3014 -68.9887  255 255 255
-75.9321 1.52575 -29.8079  255 255 255
-124.76 51.9129 -84.3226  255 255 255
39.149 -40.2671 10.3649  255 255 255
-50.7776 -7.89539 -18.9317  255 255 255
-60.6148 -7.27335 -20.7173  255 255 255
32.1748 20.4913 -57.5375  255 255 255
-24.2542 -55.1836 32.159  255 255 255
48.7723 44.4112 -86.537  255 255 255
-40.6135 11.4721 -42.4907  255 255 255
-43.1871 9.57563 -40.6047  255 255 255
52.8043 45.8361 -89.1633  255 255 255
-61.9302 -52.099 32.0708  255 255 255
-29.6975 -53.8301 30.8657  255 255 255
-48.3727 -6.7065 -21.5639  255 255 255
-40.0552 9.52386 -40.3848  255 255 255
-38.1473 10.8054 -42.0651  255 255 255
43.0574 10.7423 -46.5783  255 255 255
23.3677 51.2244 -89.8153  255 255 255
48.0119 -45.4631 15.8755  255 255 255
50.8382 58.423 -101.934  255 255 255
-63.4013 -26.7671 1.15635  255 255 255
-53.158 -40.3577 16.6508  255 255 255
58.6888 -41.8256 11.8911  255 255 255
-55.209 -20.3892 -5.69586  255 255 255
-71.6154 -43.33 22.22  255 255 255
-44.1531 -33.4506 8.63793  255 255 255
52.8149 -44.7484 14.9556  255 255 255
16.3815 31.0624 -68.4888  255 255 255
20.6339 -14.021 21.7604  255 255 255
-76.238 -54.7679 37.5004  255 255 255
-0.337496 49.7116 -78.5022  255 255 255
54.2544 -47.0293 17.7308  255 255 255
34.8405 -44.8415 15.8002  255 255 255
40.3734 -34.3214 3.37242  255 255 255
20.3588 25.0535 -61.5988  255 255 255
-54.2983 -31.0607 6.13266  255 255 255
-0.537869 22.4192 -57.1157  255 255 255
-45.5993 -9.27835 -19.2603  255 255 255
46.253 -35.7517 4.69308  255 255 255
21.4836 46.4052 -86.5376  255 255 255
-70.9019 -52.5717 33.5818  255 255 255
-44.1641 -34.7403 10.1631  255 255 255
-60.1581 -29.6532 4.50496  255 255 255
-0.252795 -32.5865 37.8649  255 255 255
-54.5725 -25.5352 -0.692851  255 255 255
37.8062 -50.6633 23.0174  255 255 255
46.7702 16.0674 -43.5534  255 255 255
53.1995 -43.3391 12.9248  255 255 255
-73.8347 -51.473 32.5659  255 255 255
26.3028 41.601 -80.5682  255 255 255
-71.7581 22.3705 -48.5078  255 255 255
49.3556 -43.9122 13.5717  255 255 255
50.9241 62.1743 -104.394  255 255 255
-45.6237 -31.0553 5.92287  255 255 255
33.893 36.3155 -76.2847  255 255 255
35.2932 -47.7501 18.9062  255 255 255
1.07818 -56.7426 31.4506  255 255 255
-50.8255 -9.59651 -18.2058  255 255 255
42.787 -46.7542 17.6554  255 255 255
27.653 29.8441 -67.9082  255 255 255
11.8948 61.0818 -74.3842  255 255 255
43.3472 -31.652 -0.432979  255 255 255
3.26028 47.7354 -80.5944  255 255 255
42.4611 2.95254 -36.6929  255 255 255
36.6413 -50.9049 22.6968  255 255 255
-53.4577 -39.6954 15.9372  255 255 255
-52.5904 -39.2666 15.5191  255 255 255
-42.7003 -33.3463 8.1941  255 255 255
28.51 15.6065 -51.1243  255 255 255
-84.3489 -8.7885 -17.6987  255 255 255
52.8385 -41.1393 10.9854  255 255 255
40.3179 -48.8167 19.8309  255 255 255
56.9325 62.2631 -106.58  255 255 255
49.5489 45.8707 -88.1627  255 255 255
27.3114 13.9957 -49.9335  255 255 255
6.49914 59.5973 -73.5446  255 255 255
4.91071 56.4808 -74.9803  255 255 255
57.7523 -41.9798 11.9072  255 255 255
-51.3248 -8.58185 -19.4104  255 255 255
-5.40514 16.449 -49.9248  255 255 255
-71.5234 -0.632751 -27.5499  255 255 255
-47.7079 -51.0908 29.0152  255 255 255
38.3459 -45.788 17.0877  255 255 255
11.762 -15.2249 31.7958  255 255 255
17.5333 24.7414 -61.57  255 255 255
-12.2229 -3.06645 27.1101  255 255 255
-45.0315 -25.6866 -0.284832  255 255 255
51.9084 -44.2062 13.949  255 255 255
56.4454 -44.9987 15.5416  255 255 255
42.1451 -45.1298 16.1232  255 255 255
-35.757 -53.0425 30.0717  255 255 255
45.8082 -33.3009 2.10173  255 255 255
-29.2033 13.2105 -45.1957  255 255 255
-79.8111 -42.2475 22.5941  255 255 255
-74.3374 -50.5787 31.8432  255 255 255
48.9385 15.7595 -39.3568  255 255 255
35.2537 -45.6884 16.5676  255 255 255
37.2998 -47.4488 18.4294  255 255 255
37.7586 -50.2393 21.8969  255 255 255
-30.7284 -50.916 27.329  255 255 255
-29.3554 -42.7964 21.6861  255 255 255
42.2972 -41.837 11.8388  255 255 255
47.4154 17.5745 -42.4447  255 255 255
58.6806 -42.5559 12.2363  255 255 255
40.1931 -25.605 -6.29848  255 255 255
-73.0697 -52.0007 33.2571  255 255 255
-2.35579 55.7763 -69.9079  255 255 255
39.9071 -40.0377 10.0706  255 255 255
-35.8818 -50.7553 27.5549  255 255 255
45.2058 20.2208 -47.0201  255 255 255
37.6009 -47.7806 18.5768  255 255 255
41.691 -40.4458 10.4124  255 255 255
4.71778 57.1666 -73.4619  255 255 255
31.3704 20.6739 -57.3279  255 255 255
-19.7625 26.9397 -62.1918  255 255 255
-124.76 51.9129 -84.3226  255 255 255
-50.7797 4.32104 -33.982  255 255 255
-76.5016 -51.3077 32.6288  255 255 255
-41.5444 10.2698 -41.1233  255 255 255
-86.0654 -6.66896 -20.1478  255 255 255
-19.9742 -12.2019 23.6054  255 255 255
-45.5137 31.1441 -59.4866  255 255 255
47.2079 -42.0352 12.2387  255 255 255
30.1924 18.7234 -55.6939  255 255 255
-38.0031 12.2488 -43.6139  255 255 255
45.3555 24.8589 -44.086  255 255 255
-25.3841 -10.4736 16.7948  255 255 255
-47.6507 34.7492 -54.9311  255 255 255
40.8636 -27.6454 -3.91625  255 255 255
39.9555 -48.7891 19.8899  255 255 255
4.10047 57.4108 -73.9661  255 255 255
-52.5904 -39.2666 15.5191  255 255 255
31.7791 66.8043 -85.0279  255 255 255
-24.6942 25.7698 -59.1653  255 255 255
25.9683 -10.8563 12.7332  255 255 255
14.1862 13.7845 -48.2733  255 255 255
47.8638 15.7822 -41.7244  255 255 255
45.5917 -42.8465 12.9234  255 255 255
-5.34116 44.2453 -80.3419  255 255 255
20.8177 47.8084 -87.6003  255 255 255
-44.0214 -23.1706 -2.96699  255 255 255
14.4037 43.5328 -82.1687  255 255 255
43.3471 57.9542 -100.568  255 255 255
20.6512 24.2062 -60.7664  255 255 255
-44.8779 -32.8629 7.40288  255 255 255
-77.6448 -53.8197 36.6468  255 255 255
36.6413 -50.9049 22.6968  255 255 255
50.1571 -36.5779 5.54011  255 255 255
47.6864 12.3124 -43.8934  255 255 255
-29.119 6.87059 -38.1787  255 255 255
24.0867 43.3622 -83.0188  255 255 255
49.4085 -18.6367 -14.9725  255 255 255
16.2097 -56.1999 29.889  255 255 255
47.4002 -41.2445 11.1054  255 255 255
17.6027 13.6124 -48.5552  255 255 255
53.9086 -41.6148 11.2453  255 255 255
-49.426 -1.65741 -27.1443  255 255 255
-33.2701 -49.3122 25.8836  255 255 255
30.9274 33.5415 -72.1711  255 255 255
-62.2971 -51.9507 31.8172  255 255 255
54.0812 -19.0049 -11.5155  255 255 255
19.1534 63.3566 -77.8014  255 255 255
-71.1314 -50.1246 30.4937  255 255 255
-30.9215 -50.9744 27.5618  255 255 255
20.9194 19.5572 -55.7909  255 255 255
53.4779 -46.5809 17.3265  255 255 255
24.0626 7.91568 -41.9055  255 255 255
23.7078 30.8418 -69.1776  255 255 255
39.8551 -42.6814 12.9366  255 255 255
13.8929 -12.3552 29.539  255 255 255
27.1449 9.9273 -44.1197  255 255 255
-48.1619 -51.1604 28.9561  255 255 255
-60.8862 -10.611 -16.124  255 255 255
56.0153 -17.6555 -5.31206  255 255 255
37.9496 48.9984 -90.6955  255 255 255
35.9584 50.0045 -91.5515  255 255 255
15.2271 -17.6687 28.5227  255 255 255
45.009 -39.2486 8.86433  255 255 255
34.7864 -48.2278 19.4521  255 255 255
26.6416 31.6492 -69.6233  255 255 255
47.2747 -44.8267 14.3105  255 255 255
-32.9051 13.9077 -45.8932  255 255 255
22.9594 -36.3072 18.2872  255 255 255
-24.8591 -14.1727 21.364  255 255 255
6.10824 -57.7542 31.8154  255 255 255
-25.8941 14.6249 -46.9482  255 255 255
46.2739 -38.9304 8.14185  255 255 255
41.3168 0.748568 -35.7554  255 255 255
-49.7655 -29.2027 3.838  255 255 255
52.2508 -41.3543 10.9359  255 255 255
-23.1934 11.7912 -43.75  255 255 255
-66.0984 -56.6641 38.1466  255 255 255
48.8129 14.5297 -41.5709  255 255 255
-28.8183 8.11155 -39.7349  255 255 255
50.1403 12.6413 -38.5998  255 255 255
19.9249 23.3331 -60.3048  255 255 255
54.3992 -27.5241 -4.52925  255 255 255
-14.2255 -25.4821 33.2612  255 255 255
1.04704 -59.4991 34.9914  255 255 255
-26.1334 -53.2015 29.91  255 255 255
8.73777 57.9002 -76.1165  255 255 255
34.7857 38.9164 -78.5428  255 255 255
39.2191 -38.3347 8.04309  255 255 255
16.3073 11.3015 -45.4533  255 255 255
3.57121 60.1883 -70.3888  255 255 255
42.1082 -47.6003 18.3385  255 255 255
38.9377 -39.6268 9.49755  255 255 255
-70.6774 -0.72789 -28.3519  255 255 255
-19.9568 -31.8243 28.7255  255 255 255
-4.8679 19.1492 -53.4833  255 255 255
17.559 49.0487 -88.4302  255 255 255
-19.3002 11.3809 -43.3393  255 255 255
-4.13368 18.5845 -52.8516  255 255 255
22.841 34.4475 -72.8971  255 255 255
12.4822 36.3738 -73.9856  255 255 255
-2.17522 -55.2289 31.8738  255 255 255
15.8656 39.5308 -78.1368  255 255 255
6.00678 -29.5198 36.1049  255 255 255
-52.7532 -8.34657 -19.8281  255 255 255
-54.5254 -23.2748 -2.69143  255 255 255
-71.2551 22.0847 -48.4181  255 255 255
49.2424 60.0535 -103.782  255 255 255
23.3331 23.0614 -60.691  255 255 255
53.7354 -43.0575 13.0191  255 255 255
50.854 44.6353 -87.3284  255 255 255
47.4816 12.9546 -44.0871  255 255 255
30.6192 -50.91 22.9818  255 255 255
40.6111 -45.7528 16.5214  255 255 255
34.7045 -49.3093 20.7997  255 255 255
17.1143 24.0327 -60.7315  255 255 255
-33.6586 2.2675 -32.8193  255 255 255
47.347 10.5737 -45.2917  255 255 255
-80.8295 -49.9515 31.9809  255 255 255
39.2353 -43.8811 14.5296  255 255 255
-30.0812 13.0389 -45.5783  255 255 255
43.5882 -46.5773 17.1684  255 255 255
-73.2254 0.8099 -29.0349  255 255 255
42.4423 -39.5029 9.77131  255 255 255
42.0745 -44.9439 15.298  255 255 255
48.0596 -17.6783 -16.3791  255 255 255
-74.2602 -55.7551 37.7992  255 255 255
47.1477 12.8413 -45.0134  255 255 255
36.0019 -46.7196 17.9419  255 255 255
48.1348 12.2958 -42.2277  255 255 255
-46.281 -31.882 6.57204  255 255 255
48.9385 15.7595 -39.3568  255 255 255
49.9338 13.3711 -38.8904  255 255 255
22.721 -16.196 20.2611  255 255 255
40.1144 -47.5428 19  255 255 255
-79.8111 -42.2475 22.5941  255 255 255
27.3778 -16.504 19.1919  255 255 255
38.2903 -40.3888 10.5797  255 255 255
31.0883 -51.6565 23.7091  255 255 255
43.2715 -46.1827 17.3278  255 255 255
38.7805 -29.3681 -2.18136  255 255 255
-7.44921 14.9079 -47.8221  255 255 255
-44.8779 -32.8629 7.40288  255 255 255
-79.5965 -43.6142 23.7221  255 255 255
1.2335 57.0658 -69.0944  255 255 255
1.81235 56.3393 -68.1962  255 255 255
41.2795 72.6991 -88.7731  255 255 255
40.2461 -44.0494 14.5257  255 255 255
-30.1453 -54.8978 31.7905  255 255 255
-47.0565 -9.06225 -18.988  255 255 255
-25.6075 -55.242 32.0469  255 255 255
50.5059 -16.1073 -17.2926  255 255 255
49.0677 50.016 -93.6274  255 255 255
24.5463 44.3445 -84.0469  255 255 255
-50.2489 9.79369 -40.0337  255 255 255
-59.2337 14.839 -45.5347  255 255 255
24.7512 -14.6222 17.7146  255 255 255
1.87275 -29.4238 36.5533  255 255 255
30.0379 13.6004 -49.4471  255 255 255
-22.9274 28.0948 -61.9753  255 255 255
34.1732 -45.3094 16.5842  255 255 255
-73.0289 -35.6754 13.4136  255 255 255
39.3844 -47.8909 19.1071  255 255 255
39.6743 -45.1764 15.9493  255 255 255
55.2814 -43.2081 12.7882  255 255 255
46.5468 35.7487 -34.7934  255 255 255
-30.0812 13.0389 -45.5783  255 255 255
-74.8421 -48.0863 28.3881  255 255 255
13.739 12.227 -46.8462  255 255 255
-43.3045 -8.72609 -19.7055  255 255 255
41.854 28.0945 -66.6424  255 255 255
-44.8616 -28.1108 2.67959  255 255 255
25.2637 9.46965 -44.3233  255 255 255
50.3327 5.24256 -5.75385  255 255 255
-20.9114 -56.342 32.9809  255 255 255
-29.2033 13.2105 -45.1957  255 255 255
-102.312 -22.0889 0.560802  255 255 255
-50.7948 -28.2871 2.72529  255 255 255
-25.6569 12.8156 -45.4351  255 255 255
39.96 -25.329 -6.54168  255 255 255
-32.4686 27.3164 -61.0144  255 255 255
35.1286 -49.4669 21.0468  255 255 255
2.53395 54.9563 -74.0242  255 255 255
-77.3246 -51.5076 32.8411  255 255 255
16.4676 -29.0052 34.838  255 255 255
-29.295 17.4487 -49.5024  255 255 255
-51.5716 1.11574 -30.2248  255 255 255
50.2924 13.1352 -38.4291  255 255 255
55.163 44.6383 -86.4355  255 255 255
19.1487 62.0985 -80.3524  255 255 255
-32.4311 -46.7898 22.7577  255 255 255
43.7145 40.8073 -81.2002  255 255 255
13.9911 15.2198 -50.1736  255 255 255
40.4707 -27.6887 -4.17612  255 255 255
49.857 3.74422 -39.9962  255 255 255
48.6203 -43.9183 13.2026  255 255 255
-37.4193 7.80584 -39.3199  255 255 255
52.3782 44.7672 -87.6722  255 255 255
-35.8857 -58.8496 36.7827  255 255 255
-42.1977 -24.8254 -1.74028  255 255 255
-109.794 -14.8416 -7.16081  255 255 255
-39.9631 12.2479 -43.4195  255 255 255
-3.08635 53.9395 -71.645  255 255 255
-50.2794 -7.61065 -20.2825  255 255 255
-35.0933 12.1908 -43.6648  255 255 255
-29.6598 22.5635 -56.2129  255 255 255
39.192 -42.7814 13.5502  255 255 255
-22.0024 -56.4916 33.1116  255 255 255
40.3179 -48.8167 19.8309  255 255 255
-34.4244 -56.7551 34.1431  255 255 255
-3.54717 57.2144 -69.4408  255 255 255
-58.555 18.1792 -48.7286  255 255 255
-36.4763 -50.1663 27.0598  255 255 255
-41.9243 9.33959 -40.141  255 255 255
20.7822 -54.4294 27.6759  255 255 255
-29.8283 12.6043 -44.6043  255 255 255
39.4411 48.0086 -89.4359  255 255 255
55.1072 -15.5182 -6.45706  255 255 255
-48.1619 -51.1604 28.9561  255 255 255
16.3815 31.0624 -68.4888  255 255 255
-29.1053 -53.8742 30.5427  255 255 255
-73.5154 -51.3281 32.443  255 255 255
-29.9337 5.6262 -36.3568  255 255 255
-76.615 -47.0231 27.2222  255 255 255
-56.7424 -36.4607 12.5131  255 255 255
-46.0321 -44.3408 20.7137  255 255 255
53.3887 -42.9852 12.5945  255 255 255
36.1129 -46.3543 17.3866  255 255 255
20.6488 -40.0613 23.1439  255 255 255
51.0219 -39.9431 9.78179  255 255 255
37.7541 -46.6258 18.1705  255 255 255
41.5164 -44.9769 15.6383  255 255 255
35.5741 -46.9096 18.0176  255 255 255
54.2284 -44.4585 15.1274  255 255 255
35.8194 -48.8196 20.1469  255 255 255
-75.8854 -51.8953 33.3262  255 255 255
-2.96419 39.0374 -75.9003  255 255 255
35.8915 -41.9607 12.3897  255 255 255
-24.8871 -55.0309 31.5905  255 255 255
56.6749 60.6672 -105.153  255 255 255
-61.5415 22.6968 -44.2991  255 255 255
50.8376 6.21881 -40.8356  255 255 255
35.5172 -48.8373 19.4718  255 255 255
49.0929 51.215 -94.21  255 255 255
-2.7878 -59.8097 35.1851  255 255 255
0.0106831 54.4104 -74.4776  255 255 255
47.3238 39.8479 -81.1535  255 255 255
-67.5515 -1.75892 -26.3044  255 255 255
-49.9837 -30.8605 5.7704  255 255 255
57.1876 -43.0143 12.9878  255 255 255
24.1271 -19.2359 22.8109  255 255 255
-54.5957 -5.9751 -21.7253  255 255 255
48.1817 10.4521 -40.3641  255 255 255
16.0291 -15.3926 27.4079  255 255 255
55.6593 -42.9238 14.8138  255 255 255
-25.3557 -58.9409 36.3443  255 255 255
-55.1122 28.2547 -48.7626  255 255 255
-45.0174 -58.3382 37.423  255 255 255
-42.0765 -13.9877 -13.6271  255 255 255
-32.028 11.4621 -42.2885  255 255 255
-27.4931 18.4135 -50.9842  255 255 255
39.1787 -44.6263 15.1222  255 255 255
-30.3747 13.6441 -45.6457  255 255 255
43.5215 -30.4483 -0.996131  255 255 255
43.3472 -31.652 -0.432979  255 255 255
-25.4809 -13.926 21.1219  255 255 255
19.373 61.4693 -81.8019  255 255 255
52.4415 -43.1532 13.0341  255 255 255
-20.2209 -12.4871 23.8504  255 255 255
-33.2087 8.6382 -39.722  255 255 255
23.3028 21.5504 -57.9327  255 255 255
47.4054 -37.9061 7.04202  255 255 255
51.5744 -43.7919 13.8805  255 255 255
-42.1279 16.3905 -48.4786  255 255 255
30.7725 69.8078 -83.7215  255 255 255
-85.2858 -49.0541 32.0269  255 255 255
26.7682 51.1913 -91.9346  255 255 255
-18.0169 -59.843 36.871  255 255 255
-25.0813 -14.2908 21.6889  255 255 255
43.1566 37.1729 -77.1463  255 255 255
35.8975 -47.713 19.109  255 255 255
55.3626 -43.5141 13.0801  255 255 255
-50.0856 -30.7389 6.37721  255 255 255
28.0241 13.891 -49.5542  255 255 255
29.2666 14.3868 -50.4738  255 255 255
-42.1977 -24.8254 -1.74028  255 255 255
-61.7269 -27.7294 2.55647  255 255 255
-56.6408 -36.8656 13.0502  255 255 255
-34.0377 -54.3556 31.7518  255 255 255
58.7897 -42.5376 12.9615  255 255 255
58.9997 60.5871 -106.406  255 255 255
-23.8946 13.1124 -45.4932  255 255 255
16.535 -20.162 29.4753  255 255 255
58.0748 -45.6823 16.5031  255 255 255
-26.8085 47.3689 -55.5674  255 255 255
41.5817 -47.1992 17.9749  255 255 255
-18.1367 -47.5108 26.7389  255 255 255
-83.0578 -11.4572 -14.9864  255 255 255
32.1448 40.1066 -80.0095  255 255 255
-55.2856 26.5426 -49.5765  255 255 255
-6.33041 13.9205 -47.2084  255 255 255
-78.2289 3.16603 -31.5412  255 255 255
55.7647 -40.5889 10.2248  255 255 255
-30.9341 -50.6445 27.301  255 255 255
21.0596 -21.5289 25.8904  255 255 255
-75.471 -52.2493 33.9052  255 255 255
-30.8155 31.0821 -65.2467  255 255 255
17.4965 15.8288 -51.6159  255 255 255
36.3511 -47.315 18.3168  255 255 255
-51.0177 29.3104 -57.1997  255 255 255
-43.6004 -34.1517 8.68235  255 255 255
-33.5779 1.81963 -31.8447  255 255 255
-54.2346 30.8322 -52.95  255 255 255
-53.158 -40.3577 16.6508  255 255 255
-55.7495 29.433 -51.1007  255 255 255
52.4941 -43.4018 13.6713  255 255 255
-68.6672 -3.04833 -24.9533  255 255 255
-62.3353 -13.1724 -13.7993  255 255 255
-53.8618 27.7244 -51.858  255 255 255
16.3073 11.3015 -45.4533  255 255 255
-15.5469 -24.1085 32.6238  255 255 255
-14.0922 25.6588 -60.2417  255 255 255
-4.38288 16.9105 -50.6332  255 255 255
-28.889 28.5522 -62.4863  255 255 255
-33.6298 -54.4101 31.8394  255 255 255
-36.4763 -50.1663 27.0598  255 255 255
37.4404 -48.9166 20.4832  255 255 255
-2.50622 41.5709 -78.9847  255 255 255
-76.0627 -51.6332 33.1936  255 255 255
-42.1529 -14.2746 -1.06868  255 255 255
26.9293 26.0084 -63.5339  255 255 255
-31.6064 30.7422 -64.8753  255 255 255
-74.357 2.27698 -31.1021  255 255 255
-72.7047 -57.5164 40.426  255 255 255
51.1549 -14.9759 -14.9281  255 255 255
16.5378 15.7888 -50.6974  255 255 255
53.7632 -42.7146 12.9757  255 255 255
7.62437 -5.1175 30.1466  255 255 255
-69.1597 3.51674 -31.8816  255 255 255
-37.6258 10.529 -41.7412  255 255 255
34.8147 -49.6676 21.1379  255 255 255
-19.1993 -54.5804 30.5678  255 255 255
51.031 -13.4801 -14.1977  255 255 255
28.2023 12.6312 -48.2434  255 255 255
50.9013 -44.1592 13.8816  255 255 255
28.51 15.6065 -51.1243  255 255 255
20.0796 29.2022 -65.7727  255 255 255
-34.0831 7.17902 -37.4592  255 255 255
-23.3993 -54.2492 30.6679  255 255 255
-28.8288 30.8054 -65.4187  255 255 255
-53.2746 -40.0089 16.0369  255 255 255
27.8925 16.6102 -52.5743  255 255 255
20.6137 21.8997 -58.5877  255 255 255
-30.5239 -47.3039 23.6113  255 255 255
-77.4584 -49.1027 30.2184  255 255 255
-82.1232 -49.5426 31.6992  255 255 255
45.6764 66.1882 -97.0504  255 255 255
53.1324 -20.9404 -11.5476  255 255 255
24.2988 -14.8191 18.0155  255 255 255
43.6412 -45.1975 15.5846  255 255 255
-32.9043 -49.7906 26.3441  255 255 255
-28.6698 18.0069 -50.9068  255 255 255
35.6541 -47.1156 18.3655  255 255 255
41.7615 28.2079 -67.1659  255 255 255
-32.8263 29.9148 -63.918  255 255 255
-85.7847 -37.7253 16.7025  255 255 255
50.8376 6.21881 -40.8356  255 255 255
57.6091 -26.584 -6.14228  255 255 255
43.5709 42.7286 -83.0351  255 255 255
-28.8889 29.292 -63.3901  255 255 255
-28.3743 -43.0194 22.1111  255 255 255
-49.2044 -8.20324 -20.1217  255 255 255
22.8111 29.6785 -67.5629  255 255 255
-31.4385 -52.3057 29.0719  255 255 255
18.1735 34.9215 -72.639  255 255 255
-34.9396 1.90327 -32.1091  255 255 255
-23.9038 13.5081 -45.3417  255 255 255
33.7368 75.8164 -81.4876  255 255 255
17.5173 15.3945 -50.1582  255 255 255
30.5289 65.6976 -86.3335  255 255 255
-36.7846 -50.9895 27.8784  255 255 255
5.81818 -58.1025 33.0515  255 255 255
-15.9608 -26.8777 34.8242  255 255 255
-49.523 -3.01298 -25.9862  255 255 255
0.802523 46.8061 -79.1557  255 255 255
38.1449 -34.5478 3.43159  255 255 255
49.0919 55.2314 -99.5442  255 255 255
0.332028 41.0708 -79.1702  255 255 255
-55.1122 28.2547 -48.7626  255 255 255
42.6483 -47.4338 18.0754  255 255 255
50.1403 12.6413 -38.5998  255 255 255
-44.1531 -33.4506 8.63793  255 255 255
-30.0262 18.5186 -51.2205  255 255 255
53.7559 -45.1806 15.7877  255 255 255
-45.5993 -9.27835 -19.2603  255 255 255
-5.37642 20.7592 -55.4669  255 255 255
6.26535 56.7675 -74.8483  255 255 255
-74.0143 23.0593 -49.1069  255 255 255
48.4117 17.0413 -39.7661  255 255 255
50.2652 14.071 -37.8351  255 255 255
36.0371 63.8202 -93.8162  255 255 255
-103.76 15.708 -45.1973  255 255 255
25.5363 29.3692 -67.1326  255 255 255
44.2331 -44.588 15.0189  255 255 255
-47.1284 10.4378 -41.1692  255 255 255
-68.9005 0.132815 -28.1748  255 255 255
50.9013 -44.1592 13.8816  255 255 255
24.6352 8.30167 -42.6461  255 255 255
22.3299 21.5013 -57.9367  255 255 255
-60.4908 24.4447 -46.9347  255 255 255
-84.4665 -11.641 -14.5922  255 255 255
48.3266 29.2101 -67.9086  255 255 255
47.7398 -38.217 7.13633  255 255 255
-35.5658 14.5611 -46.6848  255 255 255
-53.7375 26.9917 -49.4419  255 255 255
25.9046 38.1904 -76.4944  255 255 255
55.0758 43.0131 -85.4317  255 255 255
-50.1652 -9.9858 -17.7474  255 255 255
17.0752 23.9663 -60.175  255 255 255
37.5501 -49.9832 21.8205  255 255 255
-25.7106 -55.7705 32.769  255 255 255
-26.8072 -55.7827 32.8265  255 255 255
-45.2167 -52.216 30.2707  255 255 255
-70.4629 36.1195 -35.5014  255 255 255
36.3201 -43.6968 14.2106  255 255 255
-47.2069 -50.7362 28.6256  255 255 255
-73.8827 -56.972 39.7654  255 255 255
-26.7055 17.9296 -50.8979  255 255 255
16.2097 -56.1999 29.889  255 255 255
34.7226 -46.4879 17.6326  255 255 255
38.7127 -49.552 21.0506  255 255 255
-78.2827 2.45914 -30.5808  255 255 255
47.8298 12.434 -6.54651  255 255 255
17.8656 20.0813 -56.2291  255 255 255
-3.28561 54.5176 -71.096  255 255 255
-44.9778 -10.7573 -16.5284  255 255 255
4.7521 54.7688 -76.3772  255 255 255
-74.2602 -55.7551 37.7992  255 255 255
35.7909 43.3206 -83.5813  255 255 255
-18.6052 19.0833 -52.3712  255 255 255
35.3614 -50.0335 21.5342  255 255 255
41.9198 -26.9359 -4.81358  255 255 255
28.5459 27.8357 -64.3987  255 255 255
17.8036 14.4598 -49.7524  255 255 255
50.7979 38.8132 -79.3221  255 255 255
-30.9215 -50.9744 27.5618  255 255 255
-34.522 -48.4229 25.2437  255 255 255
25.6769 -16.1896 19.084  255 255 255
15.3167 23.838 -60.1853  255 255 255
48.0956 14.6674 -42.5933  255 255 255
-18.4996 2.44776 1.6457  255 255 255
52.3446 -43.6233 14.2474  255 255 255
56.0855 55.1381 -98.7124  255 255 255
-19.9026 17.8337 -51.1014  255 255 255
-53.1579 -4.84878 -23.2052  255 255 255
-63.3782 18.4694 -49.4879  255 255 255
-9.25512 -3.38204 29.3105  255 255 255
17.4965 15.8288 -51.6159  255 255 255
36.2393 -40.1155 10.4901  255 255 255
7.25279 57.5063 -75.1464  255 255 255
32.6743 72.1966 -83.9289  255 255 255
47.0996 14.4892 -44.1386  255 255 255
48.3865 11.083 -42.3124  255 255 255
-18.671 19.6998 -52.5424  255 255 255
39.1787 -44.6263 15.1222  255 255 255
-43.8677 -34.2247 9.32241  255 255 255
-46.0321 -44.3408 20.7137  255 255 255
-114.116 -11.6286 -10.7169  255 255 255
54.747 -44.6031 15.2771  255 255 255
51.0499 6.64659 -40.292  255 255 255
30.593 -49.4365 20.7825  255 255 255
-85.5636 -6.08662 -20.4915  255 255 255
32.1015 -52.3165 24.4224  255 255 255
23.2284 67.0244 -80.2984  255 255 255
-77.3697 -47.0262 27.0793  255 255 255
-30.9694 15.7907 -47.9968  255 255 255
4.53228 -48.2627 29.6031  255 255 255
-38.1494 -39.4236 14.8003  255 255 255
44.3473 38.3964 -78.8874  255 255 255
48.4185 -17.405 -16.2195  255 255 255
33.0774 -48.4463 19.7794  255 255 255
-2.7367 -30.1845 37.7378  255 255 255
-76.835 -51.0356 32.3533  255 255 255
-104.114 -8.76956 -15.505  255 255 255
-47.1284 10.4378 -41.1692  255 255 255
-65.1735 -56.7452 38.498  255 255 255
-42.11 -35.7968 10.8179  255 255 255
-43.3927 -25.3724 -0.842607  255 255 255
17.9485 -47.909 23.8754  255 255 255
-32.3463 7.47149 -39.0451  255 255 255
36.8096 -40.0041 10.2744  255 255 255
-33.6586 2.2675 -32.8193  255 255 255
7.52147 -57.5134 31.8261  255 255 255
-75.4853 23.2302 -48.5869  255 255 255
42.1039 11.1553 -47.1718  255 255 255
45.035 46.8271 -86.9744  255 255 255
13.517 15.1192 -50.6902  255 255 255
-67.0715 -54.3385 35.2625  255 255 255
0.414818 42.0465 -79.6975  255 255 255
15.1678 19.4586 -55.7476  255 255 255
-76.437 -52.7184 34.4391  255 255 255
49.2819 15.5331 -35.5586  255 255 255
-5.25834 17.4434 -50.9206  255 255 255
51.9678 47.1892 -89.4521  255 255 255
-33.601 -57.9428 35.255  255 255 255
53.435 -46.3928 17.0394  255 255 255
-75.6529 24.5914 -47.2845  255 255 255
21.8857 -53.6763 26.644  255 255 255
24.2526 -20.2721 23.7671  255 255 255
42.526 -24.6616 -7.50059  255 255 255
-33.0611 -54.0422 31.2757  255 255 255
-26.7048 -58.0054 34.9869  255 255 255
-22.1023 -54.7282 30.6907  255 255 255
54.719 -43.0594 12.6004  255 255 255
5.11207 -58.262 31.6531  255 255 255
49.8478 -44.4188 14.5845  255 255 255
41.7916 -50.5157 22.1363  255 255 255
-24.1647 -56.7274 33.5555  255 255 255
-24.6314 -55.8399 32.6909  255 255 255
-2.00009 37.6921 -74.596  255 255 255
-2.00009 37.6921 -74.596  255 255 255
53.4128 -47.5584 18.5591  255 255 255
39.0098 -41.5145 11.9655  255 255 255
-37.2758 -47.8627 24.362  255 255 255
-33.8762 2.7551 -32.9899  255 255 255
6.93054 -57.1949 31.7006  255 255 255
41.7863 74.1658 -88.3336  255 255 255
35.7584 -46.6458 17.6778  255 255 255
1.04527 -59.4066 34.3936  255 255 255
-35.0643 -49.1731 25.8314  255 255 255
36.7932 -46.0985 17.1457  255 255 255
34.7022 -48.752 19.8832  255 255 255
-26.3958 11.5343 -43.9712  255 255 255
37.3244 -46.4395 17.1509  255 255 255
72.5745 85.2887 -99.592  255 255 255
-71.2272 55.1692 -15.709  255 255 255
-71.2272 55.1692 -15.709  255 255 255
-25.572 64.0174 -43.9331  255 255 255
50.3997 80.1329 -87.9171  255 255 255
61.31 82.1105 -93.5256  255 255 255
-57.6678 57.5416 -24.3105  255 255 255
39.5041 78.2576 -83.664  255 255 255
-26.8668 63.6279 -43.4123  255 255 255
-80.1992 52.8426 -9.83963  255 255 255
64.9185 82.5495 -95.673  255 255 255
-74.472 53.988 -13.7772  255 255 255
-67.9686 55.457 -18.4618  255 255 255
-31.6137 62.3565 -40.6083  255 255 255
61.1568 81.8481 -94.3422  255 255 255
-26.4967 63.2823 -43.958  255 255 255
-26.4967 63.2823 -43.958  255 255 255
54.4523 48.8803 -8.69476  255 255 255
54.4523 48.8803 -8.69476  255 255 255
-40.5496 60.2623 -35.5859  255 255 255
-28.0683 62.796 -43.5747  255 255 255
-72.6569 53.9865 -15.8262  255 255 255
-51.3157 57.8453 -28.6712  255 255 255
-51.3157 57.8453 -28.6712  255 255 255
-43.0779 59.2347 -33.3633  255 255 255
48.0011 78.2783 -87.5462  255 255 255
61.9615 81.1754 -95.3792  255 255 255
52.628 49.4546 -11.5163  255 255 255
9.79055 70.288 -66.9021  255 255 255
33.9924 74.8939 -79.7359  255 255 255
48.3593 78.122 -88.2632  255 255 255
16.1727 71.1104 -69.9478  255 255 255
-67.4125 54.4891 -19.4213  255 255 255
47.877 77.5781 -88.2544  255 255 255
52.6281 49.0048 -11.7692  255 255 255
59.7328 80.0221 -94.9875  255 255 255
50.8074 50.158 -15.3372  255 255 255
50.8005 50.1582 -15.3292  255 255 255
-56.1416 56.4476 -26.9047  255 255 255
53.8393 48.0554 -9.86214  255 255 255
-57.3627 56.0664 -25.974  255 255 255
-27.6928 61.7793 -44.5699  255 255 255
-67.9902 53.8533 -18.8151  255 255 255
-68.0527 53.9768 -19.1733  255 255 255
-56.9866 56.0927 -26.3683  255 255 255
-3.72373 66.522 -58.8925  255 255 255
48.5785 51.5977 -19.7089  255 255 255
-69.4224 53.9966 -19.4807  255 255 255
-58.3547 55.5279 -25.3376  255 255 255
-52.2161 56.7075 -29.3573  255 255 255
-52.1825 56.722 -29.4039  255 255 255
55.6349 46.3656 -6.44326  255 255 255
61.1862 79.3526 -95.7977  255 255 255
-68.0173 53.6448 -19.4992  255 255 255
67.5175 80.8706 -99.9215  255 255 255
-31.1383 60.7248 -42.7511  255 255 255
-0.3208 66.9066 -61.4672  255 255 255
35.909 74.3716 -82.4954  255 255 255
35.909 74.3716 -82.4954  255 255 255
57.8145 78.6775 -94.1409  255 255 255
-70.6371 53.1866 -17.9709  255 255 255
52.4001 48.5731 -12.6941  255 255 255
3.59411 67.0515 -62.9989  255 255 255
23.2621 71.5171 -75.0377  255 255 255
-69.3585 53.7027 -20.3111  255 255 255
52.3439 48.486 -13.3369  255 255 255
52.3439 48.486 -13.3369  255 255 255
10.4907 68.4925 -67.6456  255 255 255
-62.2541 54.3468 -23.6854  255 255 255
-57.1522 55.6271 -27.7161  255 255 255
-57.0913 55.3329 -26.8652  255 255 255
-49.7835 56.9038 -32.1061  255 255 255
-40.3869 58.4353 -37.3216  255 255 255
39.3396 74.5727 -84.7143  255 255 255
55.2183 46.0394 -7.36767  255 255 255
-58.3613 55.1536 -26.7156  255 255 255
-58.3581 55.1048 -26.6212  255 255 255
-3.06202 65.6922 -60.2202  255 255 255
66.6169 79.8389 -99.7406  255 255 255
-50.932 56.4329 -31.239  255 255 255
10.9506 68.4868 -68.8086  255 255 255
-35.1374 59.2402 -40.9473  255 255 255
-4.08879 65.2449 -59.4863  255 255 255
-71.1112 52.395 -18.3121  255 255 255
61.8945 78.5856 -97.4851  255 255 255
53.981 46.7501 -9.79019  255 255 255
-59.7402 54.4414 -25.558  255 255 255
-50.3363 56.1253 -32.0805  255 255 255
44.8962 74.7339 -88.2081  255 255 255
-73.7171 52.15 -18.2943  255 255 255
-49.7302 55.9839 -31.9537  255 255 255
50.7894 48.6395 -16.8418  255 255 255
-77.0961 50.6885 -14.4442  255 255 255
-50.5754 55.4755 -31.8232  255 255 255
-65.0938 52.2736 -21.0568  255 255 255
53.0671 46.7201 -12.3762  255 255 255
-52.404 54.9679 -30.598  255 255 255
-51.4976 55.3371 -31.7332  255 255 255
54.6965 45.3416 -8.54674  255 255 255
-65.6784 52.0179 -20.7196  255 255 255
-62.8467 53.0258 -24.2023  255 255 255
35.3537 72.1744 -83.867  255 255 255
-41.6533 56.9203 -37.6177  255 255 255
-41.6146 56.793 -37.3237  255 255 255
54.9692 45.2242 -9.13754  255 255 255
54.9288 75.6982 -94.6933  255 255 255
40.7962 72.6094 -87.3116  255 255 255
44.172 73.4189 -89.5718  255 255 255
-55.916 53.8013 -29.0933  255 255 255
45.8308 73.3981 -89.977  255 255 255
-90.0733 51.9676 -19.8145  255 255 255
-82.797 49.0775 -12.3417  255 255 255
-82.6197 48.8316 -11.6953  255 255 255
-67.2768 52.0559 -22.8962  255 255 255
39.2189 72.0602 -86.4692  255 255 255
64.0601 76.9057 -100.183  255 255 255
54.4066 45.0777 -10.0014  255 255 255
-62.5376 52.6847 -25.3467  255 255 255
-40.3473 56.5028 -39.145  255 255 255
-51.029 54.0984 -31.4665  255 255 255
26.9812 69.04 -78.5927  255 255 255
-31.6354 57.6601 -43.9628  255 255 255
55.8748 43.7563 -7.35042  255 255 255
-53.1035 53.9731 -31.8015  255 255 255
-8.53505 62.0111 -59.0529  255 255 255
55.1765 44.1806 -9.07704  255 255 255
-75.05 49.7486 -17.106  255 255 255
-59.3665 52.509 -27.1332  255 255 255
-67.1174 51.2586 -22.7147  255 255 255
53.0781 73.9833 -95.0651  255 255 255
19.459 67.3798 -76.0317  255 255 255
49.9028 36.0612 13.5515  255 255 255
-51.2119 53.9175 -33.0323  255 255 255
-40.4602 55.7437 -39.4542  255 255 255
-82.1915 48.3466 -13.1424  255 255 255
-77.2517 49.0907 -15.9048  255 255 255
-73.7087 49.4103 -17.2599  255 255 255
-28.9755 57.9657 -47.329  255 255 255
-28.9755 57.9657 -47.329  255 255 255
53.4704 73.7178 -95.1732  255 255 255
12.0164 65.5308 -71.7318  255 255 255
18.0954 66.9277 -75.8564  255 255 255
-39.5565 55.6631 -40.2576  255 255 255
10.6689 65.2648 -71.3261  255 255 255
-115.343 64.7947 -57.5936  255 255 255
-13.8343 60.4395 -56.5129  255 255 255
53.889 73.6039 -95.9165  255 255 255
-52.3897 53.4429 -32.7531  255 255 255
-52.423 53.4549 -32.7547  255 255 255
-41.4396 55.3475 -39.6062  255 255 255
64.685 75.6381 -102.521  255 255 255
-53.8506 52.8944 -31.559  255 255 255
-25.7499 57.9042 -49.5175  255 255 255
-25.7584 57.8839 -49.4759  255 255 255
-25.7499 57.9042 -49.5175  255 255 255
-75.323 48.8893 -17.6588  255 255 255
55.628 43.0989 -8.91765  255 255 255
56.3396 42.3933 -7.09323  255 255 255
52.6998 33.4454 18.7062  255 255 255
-65.5429 50.5943 -24.689  255 255 255
-41.7439 54.2532 -38.3719  255 255 255
0.970542 62.4325 -65.5466  255 255 255
54.5435 72.8805 -97.1539  255 255 255
-76.9115 48.5977 -17.6208  255 255 255
55.8004 42.6128 -8.7354  255 255 255
-40.7754 54.6971 -40.5343  255 255 255
56.1894 42.208 -7.70928  255 255 255
52.6381 33.0904 18.8774  255 255 255
-52.3619 52.5054 -33.044  255 255 255
-52.3535 52.5529 -33.1157  255 255 255
-8.17992 60.5034 -60.6645  255 255 255
49.8675 34.5862 13.7953  255 255 255
-8.54676 60.1858 -60.9625  255 255 255
-74.6257 48.3621 -19.526  255 255 255
-61.9648 50.5504 -28.4052  255 255 255
-51.6645 52.1688 -34.2109  255 255 255
-10.2608 59.5012 -59.8663  255 255 255
-10.9473 59.3366 -59.6802  255 255 255
-0.807433 61.2065 -65.6331  255 255 255
-1.40377 60.7585 -64.4667  255 255 255
-1.85749 60.8208 -64.8829  255 255 255
-33.7518 54.9343 -45.3928  255 255 255
-33.7518 54.9343 -45.3928  255 255 255
-77.517 47.4783 -17.9017  255 255 255
-10.598 59.1837 -60.1421  255 255 255
-0.935592 60.892 -65.9114  255 255 255
-52.6503 51.3208 -33.0609  255 255 255
-1.80975 60.5108 -65.2389  255 255 255
49.3006 34.4313 12.1372  255 255 255
-25.8931 56.2135 -50.8766  255 255 255
-54.6017 51.2036 -33.0306  255 255 255
-4.80805 59.9006 -63.6429  255 255 255
-1.33412 60.4113 -65.8988  255 255 255
55.4784 40.9064 -7.97681  255 255 255
52.9448 42.8002 -14.7103  255 255 255
-2.78379 59.7709 -65.7501  255 255 255
3.90934 60.9554 -69.6734  255 255 255
68.8452 73.1845 -107.281  255 255 255
-62.7906 49.275 -28.3183  255 255 255
-3.31171 59.4355 -65.0704  255 255 255
53.0252 31.764 18.1701  255 255 255
-37.2154 53.3706 -44.6097  255 255 255
1.46966 60.2594 -68.3118  255 255 255
-17.6247 56.4449 -55.781  255 255 255
53.1004 42.4426 -14.8404  255 255 255
-8.34333 58.3796 -62.5302  255 255 255
-113.991 60.879 -57.9736  255 255 255
-25.4343 55.1196 -51.6678  255 255 255
-18.904 56.3468 -55.9723  255 255 255
-21.1918 55.5578 -53.9459  255 255 255
-15.5393 56.8564 -58.3633  255 255 255
-2.74765 59.168 -66.3275  255 255 255
50.2294 33.0789 12.8441  255 255 255
52.8322 31.514 17.5877  255 255 255
49.2326 44.2813 -22.6426  255 255 255
53.9311 30.7444 19.4851  255 255 255
-21.4991 55.4951 -54.9791  255 255 255
-3.62277 58.4113 -65.3432  255 255 255
55.7097 40.018 -9.83094  255 255 255
55.7097 40.018 -9.83094  255 255 255
-114.648 60.2033 -58.83  255 255 255
-40.9355 51.8871 -42.9819  255 255 255
-54.8346 49.1808 -34.3601  255 255 255
-54.7656 49.0545 -34.0288  255 255 255
-38.7635 51.5002 -43.7983  255 255 255
-38.7635 51.5002 -43.7983  255 255 255
56.1162 28.7125 23.8509  255 255 255
-58.0714 48.3922 -32.1326  255 255 255
-57.9973 48.331 -31.9699  255 255 255
-27.4633 53.441 -51.6396  255 255 255
-61.8102 47.807 -30.3228  255 255 255
51.4342 31.2824 15.103  255 255 255
51.649 31.5762 13.9434  255 255 255
-77.8222 45.1103 -19.7879  255 255 255
-77.8222 45.1103 -19.7879  255 255 255
-52.6369 49.2155 -36.4558  255 255 255
56.2523 28.3918 23.8821  255 255 255
52.9872 30.2186 17.9374  255 255 255
-23.4678 53.8168 -54.8927  255 255 255
-18.4297 54.6537 -58.0961  255 255 255
55.2441 39.6751 -12.3743  255 255 255
53.3801 29.9564 18.189  255 255 255
48.3617 43.4611 -25.2221  255 255 255
-32.9165 51.9561 -49.1023  255 255 255
43.8631 65.5736 -95.3371  255 255 255
-64.5974 46.641 -28.8548  255 255 255
-64.5974 46.641 -28.8548  255 255 255
-15.9089 54.7333 -59.8511  255 255 255
50.1236 31.7744 11.6786  255 255 255
51.6684 30.9015 14.5857  255 255 255
51.6684 30.9015 14.5857  255 255 255
-21.5887 53.6972 -56.4275  255 255 255
-21.5954 53.7339 -56.5218  255 255 255
52.5973 29.9924 17.1319  255 255 255
-27.0087 52.7666 -53.1445  255 255 255
-20.7642 53.8083 -57.0709  255 255 255
-20.7828 53.8293 -57.1254  255 255 255
-15.4179 54.8304 -60.598  255 255 255
-65.7502 46.3816 -28.3054  255 255 255
49.8953 42.1602 -22.4157  255 255 255
50.0272 42.2645 -22.7228  255 255 255
-9.74707 55.4014 -63.8967  255 255 255
-89.4588 45.7902 -23.7561  255 255 255
-89.4588 45.7902 -23.7561  255 255 255
-25.2727 52.484 -53.9689  255 255 255
53.4024 29.2188 18.4276  255 255 255
50.4177 65.9173 -100.377  255 255 255
-17.2024 53.9083 -59.8187  255 255 255
-23.2255 52.5368 -54.8306  255 255 255
-19.7028 53.3352 -57.9409  255 255 255
52.6968 29.5557 17.1835  255 255 255
-75.5616 44.3851 -22.3336  255 255 255
-21.0484 53.2495 -57.6524  255 255 255
46.0316 64.8542 -97.7256  255 255 255
57.9476 26.5518 26.4252  255 255 255
10.4784 58.4533 -77.2788  255 255 255
-26.4486 51.9802 -54.3585  255 255 255
42.7508 63.971 -96.1789  255 255 255
-77.6325 43.5304 -21.4406  255 255 255
-55.8601 46.7365 -35.3893  255 255 255
-23.2874 52.1357 -56.737  255 255 255
-62.5687 45.6536 -31.2967  255 255 255
11.1103 57.2239 -75.4452  255 255 255
53.4558 28.9599 16.7191  255 255 255
57.4024 26.4725 24.7563  255 255 255
-74.6898 43.7034 -23.5142  255 255 255
-17.5911 52.803 -60.6385  255 255 255
-17.5905 52.787 -60.5827  255 255 255
-53.6394 46.8516 -37.4283  255 255 255
45.9023 63.6786 -99.0523  255 255 255
-45.28 47.9496 -42.473  255 255 255
51.5315 29.6123 13.3147  255 255 255
-64.4454 45.0964 -31.1156  255 255 255
-58.8219 45.6712 -34.3116  255 255 255
-58.5606 45.296 -32.9993  255 255 255
-76.5757 42.9297 -22.5574  255 255 255
41.8579 62.4033 -96.8181  255 255 255
52.2842 28.9609 14.8525  255 255 255
-33.1971 49.603 -51.1463  255 255 255
53.0453 28.5515 16.0971  255 255 255
-45.7678 47.3162 -42.3448  255 255 255
52.4449 38.6401 -18.0402  255 255 255
-65.6986 44.3196 -30.2296  255 255 255
-65.6986 44.3196 -30.2296  255 255 255
-45.3066 47.4155 -43.4805  255 255 255
-47.4505 47.0291 -42.2311  255 255 255
53.1046 28.3684 15.7456  255 255 255
58.919 24.7903 27.4958  255 255 255
19.8689 58.0039 -84.9908  255 255 255
45.6354 62.0167 -99.1569  255 255 255
-65.6909 44.1087 -31.2553  255 255 255
-13.4736 52.1025 -64.3089  255 255 255
49.8394 29.7321 9.69967  255 255 255
59.4207 24.2978 27.8759  255 255 255
47.5072 62.0146 -102.017  255 255 255
53.0724 27.658 15.7966  255 255 255
19.7944 57.2729 -85.1924  255 255 255
49.1506 29.8032 8.08183  255 255 255
-79.078 41.253 -22.5028  255 255 255
-53.0506 45.0739 -39.4384  255 255 255
-53.0506 45.0739 -39.4384  255 255 255
-48.7408 45.9231 -42.86  255 255 255
52.0943 27.9704 13.5628  255 255 255
-21.2679 48.9328 -56.7474  255 255 255
50.5874 28.6664 10.8252  255 255 255
52.7903 27.3711 15.1938  255 255 255
-65.9683 43.0067 -31.4401  255 255 255
50.0906 38.5747 -23.9873  255 255 255
50.7045 28.3853 11.3789  255 255 255
-65.5794 42.7742 -31.4594  255 255 255
51.5242 37.589 -21.6727  255 255 255
-7.7702 51.6431 -69.3873  255 255 255
50.1802 38.1685 -23.9707  255 255 255
-51.5673 44.6319 -40.9826  255 255 255
-46.3944 45.4086 -44.6288  255 255 255
-46.3944 45.4086 -44.6288  255 255 255
-52.5955 44.2806 -40.5476  255 255 255
20.5496 55.5923 -85.7737  255 255 255
-37.6072 46.4584 -50.4909  255 255 255
-19.9546 47.4092 -55.8829  255 255 255
-42.1276 45.6316 -47.7535  255 255 255
-52.8422 43.8169 -40.5468  255 255 255
27.7456 56.6558 -91.5625  255 255 255
55.4513 24.9929 19.8216  255 255 255
55.4513 24.9929 19.8216  255 255 255
-77.1083 40.5195 -26.2155  255 255 255
-31.2481 46.901 -55.3406  255 255 255
-62.1873 41.7962 -33.6006  255 255 255
42.2448 58.4656 -100.59  255 255 255
-41.4743 45.2039 -48.7113  255 255 255
-60.5566 42.2819 -35.8907  255 255 255
52.0195 35.7674 -20.0222  255 255 255
-32.031 46.1169 -55.2721  255 255 255
52.2734 35.5823 -20.9286  255 255 255
-79.4487 39.3801 -24.1388  255 255 255
50.6618 36.4745 -24.1399  255 255 255
6.20397 51.6613 -79.558  255 255 255
48.7521 27.8969 6.2607  255 255 255
49.096 27.9334 6.07342  255 255 255
-40.8161 44.3275 -49.4176  255 255 255
-58.1314 41.6524 -37.7649  255 255 255
-58.1314 41.6524 -37.7649  255 255 255
-100.883 45.4088 -45.3464  255 255 255
-39.5707 44.3261 -50.3486  255 255 255
-39.5707 44.3261 -50.3486  255 255 255
-8.33112 48.9538 -70.2997  255 255 255
-57.8389 41.7368 -39.0479  255 255 255
-43.8884 43.5955 -48.1444  255 255 255
-52.3397 42.1975 -43.0751  255 255 255
-52.3324 42.2146 -43.1127  255 255 255
-58.812 41.1683 -38.6047  255 255 255
-58.812 41.1683 -38.6047  255 255 255
-58.7252 41.0655 -38.2719  255 255 255
-44.7619 43.0517 -48.031  255 255 255
19.6304 52.8624 -88.8452  255 255 255
47.957 36.9118 -30.3597  255 255 255
56.8727 23.0383 21.3091  255 255 255
-70.9608 39.3807 -31.1946  255 255 255
6.62761 50.4731 -80.7538  255 255 255
-64.6619 40.1238 -35.7937  255 255 255
-55.5266 40.9142 -40.7606  255 255 255
55.8864 23.2017 19.2982  255 255 255
48.6124 36.0487 -29.2967  255 255 255
-48.3801 41.9282 -46.2366  255 255 255
54.5355 23.7858 16.5227  255 255 255
54.5355 23.7858 16.5227  255 255 255
-52.5284 41.2711 -43.5538  255 255 255
54.8172 23.6666 16.5804  255 255 255
54.5415 23.5513 17.0574  255 255 255
-68.8204 38.9246 -32.8469  255 255 255
-41.2294 42.5103 -51.1065  255 255 255
-53.1908 40.7771 -43.4  255 255 255
-53.1923 40.8038 -43.3864  255 255 255
-69.3622 38.3972 -32.4751  255 255 255
-54.11 40.4467 -42.8489  255 255 255
54.1869 23.3864 15.6679  255 255 255
52.3867 24.2064 12.259  255 255 255
54.7918 22.9602 16.9204  255 255 255
52.6687 33.1504 -22.788  255 255 255
-66.0817 38.5448 -35.3561  255 255 255
50.9484 24.7413 9.42284  255 255 255
51.8449 24.2511 11.488  255 255 255
52.4217 23.9727 12.5472  255 255 255
-50.3894 40.1433 -45.2344  255 255 255
-63.3323 38.6841 -37.6767  255 255 255
54.0524 22.9795 15.3761  255 255 255
-49.8292 39.6331 -44.1007  255 255 255
-52.7475 39.4942 -43.2688  255 255 255
-7.81759 45.8087 -73.2138  255 255 255
51.4114 32.6822 -23.5669  255 255 255
-48.4878 40.1761 -47.5356  255 255 255
-39.7837 41.3901 -53.2099  255 255 255
-39.7807 41.3038 -53.0146  255 255 255
-87.4581 36.5022 -26.7822  255 255 255
-58.9907 38.7212 -40.6382  255 255 255
-59.5687 38.6087 -40.3123  255 255 255
-52.5081 39.5347 -44.7178  255 255 255
-52.5582 39.6238 -45.1477  255 255 255
-78.4234 36.1637 -28.3324  255 255 255
50.9025 23.9524 8.81344  255 255 255
-56.7111 38.6471 -42.5403  255 255 255
-56.7315 38.661 -42.4833  255 255 255
-56.7315 38.661 -42.4833  255 255 255
-51.191 39.1764 -45.5975  255 255 255
-49.3919 39.4134 -46.8609  255 255 255
-48.0249 39.6777 -48.0234  255 255 255
50.2833 24.2301 7.29977  255 255 255
-75.0837 36.5103 -31.5481  255 255 255
-72.2809 36.7406 -32.975  255 255 255
-52.9989 38.7346 -44.2831  255 255 255
-53.1322 38.9049 -44.995  255 255 255
-68.0509 36.9016 -35.2491  255 255 255
-67.6674 36.9919 -35.838  255 255 255
-67.6675 36.9916 -35.8349  255 255 255
54.4367 31.0563 -20.8514  255 255 255
-47.3425 39.3739 -49.0594  255 255 255
-48.0878 39.2204 -48.5962  255 255 255
-9.44564 44.4332 -73.855  255 255 255
-9.47856 44.4897 -74.0738  255 255 255
55.1355 21.5226 16.5195  255 255 255
-54.2551 38.1363 -44.7099  255 255 255
-53.6549 38.1497 -45.2098  255 255 255
-31.7029 40.9985 -59.7466  255 255 255
-72.626 35.8446 -33.1887  255 255 255
-57.3809 37.5234 -42.7158  255 255 255
-57.3875 37.536 -42.8053  255 255 255
50.3478 23.5333 7.00968  255 255 255
-49.9506 38.3196 -48.1374  255 255 255
-77.1763 34.9124 -29.4831  255 255 255
52.8269 30.5763 -22.3357  255 255 255
-40.0375 39.654 -54.7797  255 255 255
-40.0688 39.633 -54.7363  255 255 255
-8.90377 43.9112 -74.8966  255 255 255
-8.91833 43.9363 -74.9646  255 255 255
-53.5496 37.8943 -45.9416  255 255 255
-59.7913 36.9128 -41.7607  255 255 255
53.7363 21.5213 13.2839  255 255 255
54.4391 21.0829 15.0056  255 255 255
-49.2702 37.7592 -48.2958  255 255 255
-8.99987 43.348 -75.5422  255 255 255
53.3557 29.8385 -21.6362  255 255 255
50.6567 22.8887 7.17501  255 255 255
55.0176 20.7075 15.977  255 255 255
53.7698 29.2866 -20.994  255 255 255
-73.2571 34.566 -33.1597  255 255 255
-84.3304 33.1135 -26.0299  255 255 255
-41.604 38.0705 -53.7377  255 255 255
55.3204 20.1122 16.3537  255 255 255
-42.9671 38.3836 -55.0436  255 255 255
54.1311 20.5638 14.2506  255 255 255
54.1773 20.5907 14.1781  255 255 255
-61.337 35.6863 -41.5568  255 255 255
-58.5547 36.0442 -43.3596  255 255 255
54.1009 28.6213 -20.8291  255 255 255
52.8375 20.824 11.6523  255 255 255
-40.7935 37.3994 -56.0156  255 255 255
-13.213 41.0568 -74.6236  255 255 255
58.7326 17.9263 22.536  255 255 255
-82.8965 32.4846 -27.7799  255 255 255
54.137 28.0862 -21.5935  255 255 255
53.3391 20.275 12.1132  255 255 255
49.6304 21.9515 4.61595  255 255 255
49.667 21.9674 4.51869  255 255 255
53.8068 20.001 13.0142  255 255 255
-54.3451 35.3208 -47.3278  255 255 255
-64.4656 34.0261 -40.4852  255 255 255
57.9927 17.9796 20.4854  255 255 255
-66.735 33.7338 -39.332  255 255 255
54.685 27.2446 -20.2983  255 255 255
48.7716 29.8625 -32.4874  255 255 255
53.8876 19.4988 12.9693  255 255 255
-53.7247 34.7836 -47.5551  255 255 255
-52.3136 35.175 -49.3934  255 255 255
-11.6828 40.1467 -76.3484  255 255 255
-63.1794 33.7233 -41.9778  255 255 255
53.4985 27.3755 -23.0099  255 255 255
-64.2068 33.5078 -40.9756  255 255 255
-34.8385 37.0638 -61.4118  255 255 255
-62.8693 33.5876 -42.1666  255 255 255
-55.2455 34.2692 -46.8248  255 255 255
-40.4787 36.0293 -58.1857  255 255 255
-40.4768 36.0306 -58.2147  255 255 255
50.9424 20.3554 6.3039  255 255 255
51.1772 20.3286 6.51712  255 255 255
50.7325 20.3362 5.95893  255 255 255
50.8142 20.374 5.88306  255 255 255
-56.1634 33.5985 -46.7169  255 255 255
-51.9561 34.203 -50.0204  255 255 255
-37.5594 36.016 -60.0571  255 255 255
-29.9598 36.7526 -64.9285  255 255 255
49.3485 20.6249 3.52524  255 255 255
-29.4369 36.4674 -65.9795  255 255 255
52.9269 26.4459 -24.8281  255 255 255
-81.6285 30.6377 -31.3214  255 255 255
53.3002 18.6004 10.4372  255 255 255
55.5034 17.6056 14.9416  255 255 255
-81.8391 30.3901 -31.2936  255 255 255
50.9352 19.6056 5.6059  255 255 255
50.7265 19.5035 5.85281  255 255 255
15.5524 37.0776 -74.8917  255 255 255
-77.9426 30.0367 -31.5085  255 255 255
-34.3143 35.3802 -63.3505  255 255 255
24.1878 37.2221 -76.4048  255 255 255
50.4309 19.2487 5.28123  255 255 255
59.1306 15.7696 21.7752  255 255 255
17.9293 36.6264 -75.4179  255 255 255
-37.1443 34.436 -61.4554  255 255 255
-149.845 39.8984 -68.0949  255 255 255
49.5149 19.312 3.78816  255 255 255
48.7262 20.2472 -0.767459  255 255 255
51.9268 18.8788 5.56826  255 255 255
51.497 18.6749 6.49451  255 255 255
-84.1243 29.2387 -30.8041  255 255 255
45.5946 28.5363 -41.1316  255 255 255
50.0665 18.8992 4.46231  255 255 255
56.0263 16.9435 13.8884  255 255 255
-36.5067 33.8491 -61.5653  255 255 255
51.9702 18.2552 7.15952  255 255 255
-74.668 29.8876 -37.2351  255 255 255
-57.6412 31.4614 -47.9612  255 255 255
51.5533 18.3274 6.54699  255 255 255
55.4397 16.6151 14.509  255 255 255
-63.8721 30.7128 -43.8889  255 255 255
-80.446 28.9957 -33.7787  255 255 255
-77.7728 28.7113 -33.2409  255 255 255
-66.1381 30.3112 -43.2396  255 255 255
-54.2269 31.4204 -51.1379  255 255 255
-54.1181 31.2994 -50.6803  255 255 255
-54.2269 31.4204 -51.1379  255 255 255
-64.1023 30.3849 -44.7538  255 255 255
-77.9365 28.9706 -35.7505  255 255 255
-62.7216 30.3882 -45.5941  255 255 255
55.8671 15.9647 15.0594  255 255 255
58.7653 14.826 20.8503  255 255 255
-73.4137 29.9853 -42.372  255 255 255
-73.831 29.8172 -42.5792  255 255 255
17.683 33.4961 -71.622  255 255 255
51.7282 17.3861 6.5967  255 255 255
-56.1368 30.6955 -50.7648  255 255 255
50.8748 17.5696 4.84491  255 255 255
50.8717 17.5761 4.8356  255 255 255
-73.9805 29.4254 -42.3309  255 255 255
49.9121 24.9597 -32.3828  255 255 255
-80.4273 27.9858 -34.7445  255 255 255
-85.0139 27.4027 -31.3225  255 255 255
-80.0779 27.8283 -34.9582  255 255 255
57.9146 14.5054 18.5522  255 255 255
61.3837 13.1278 25.289  255 255 255
-77.962 27.8472 -36.5986  255 255 255
-73.717 28.9375 -43.1001  255 255 255
-8.63278 32.0876 -68.2404  255 255 255
54.216 22.7725 -23.7599  255 255 255
50.7734 17.0593 4.01983  255 255 255
-78.6854 27.315 -35.9118  255 255 255
-78.7474 27.3653 -36.1495  255 255 255
-0.755645 30.8657 -67.3593  255 255 255
47.7453 17.8254 -2.18475  255 255 255
-41.1081 30.5993 -62.4476  255 255 255
-60.9718 28.1699 -47.0546  255 255 255
-43.2575 29.9409 -60.8159  255 255 255
-43.2391 29.932 -60.8223  255 255 255
38.999 30.2943 -69.4489  255 255 255
-66.6974 27.3991 -44.0433  255 255 255
50.9173 16.1196 4.01507  255 255 255
41.4172 29.8249 -68.5936  255 255 255
-85.0426 25.8339 -33.2623  255 255 255
47.807 24.0069 -38.557  255 255 255
-43.2798 29.5844 -61.4637  255 255 255
49.8782 16.2508 0.807569  255 255 255
-82.1048 25.6243 -35.6789  255 255 255
-44.8491 29.1379 -62.1824  255 255 255
47.7197 16.6691 -2.81792  255 255 255
49.8813 15.774 1.93554  255 255 255
49.8917 15.7805 1.91747  255 255 255
59.0477 12.4641 19.9541  255 255 255
-73.4744 27.009 -46.793  255 255 255
49.0636 15.836 -0.0179749  255 255 255
53.9941 14.1153 9.64524  255 255 255
52.6698 14.4239 7.03899  255 255 255
-79.6372 25.1881 -38.1246  255 255 255
55.6286 13.2347 12.1793  255 255 255
-60.5429 29.945 -72.0509  255 255 255
-53.4692 23.94 -40.9514  255 255 255
43.3586 27.1789 -65.2484  255 255 255
-33.2197 27.1294 -59.9552  255 255 255
47.86 15.9467 -3.72476  255 255 255
53.4607 13.7843 8.00852  255 255 255
53.386 13.7595 8.1004  255 255 255
58.8378 11.7326 18.5375  255 255 255
0.990078 26.5179 -62.4709  255 255 255
-2.15866 26.5313 -62.329  255 255 255
-8.29303 26.4392 -61.8283  255 255 255
49.1 21.4624 -37.0743  255 255 255
53.7418 13.3005 8.5428  255 255 255
-80.8851 23.8633 -36.8514  255 255 255
-3.10156 26.1195 -61.6823  255 255 255
52.9528 13.7754 5.27193  255 255 255
52.6681 13.6459 5.87796  255 255 255
-83.6318 23.6037 -35.4806  255 255 255
-0.236965 25.5345 -61.3206  255 255 255
-90.9991 24.3491 -42.5307  255 255 255
-80.305 23.2898 -39.2741  255 255 255
-79.8257 23.0209 -37.9895  255 255 255
54.6201 12.1711 8.67754  255 255 255
-42.6224 24.4122 -57.5393  255 255 255
51.9217 12.6468 4.26295  255 255 255
51.9217 12.6468 4.26295  255 255 255
34.9033 23.6818 -61.6531  255 255 255
53.8429 12.0095 7.56678  255 255 255
-65.8805 23.4679 -49.2887  255 255 255
-83.2425 22.0129 -37.4972  255 255 255
-83.057 21.9159 -37.0218  255 255 255
35.8383 23.4057 -60.9811  255 255 255
52.6716 12.1718 5.63083  255 255 255
-14.3563 23.0946 -57.2662  255 255 255
-40.0814 23.3588 -56.1206  255 255 255
50.576 12.671 1.34207  255 255 255
29.4332 22.6863 -60.1265  255 255 255
-79.3931 21.5087 -41.894  255 255 255
51.3527 11.8416 2.26769  255 255 255
53.9078 11.0917 6.3391  255 255 255
15.2022 21.4901 -57.8638  255 255 255
50.5405 11.9546 0.477737  255 255 255
52.6487 11.2116 4.85519  255 255 255
-20.7258 21.5457 -55.4815  255 255 255
55.2176 10.3161 10.0385  255 255 255
-114.058 23.7701 -52.4731  255 255 255
-65.326 21.7988 -51.8692  255 255 255
-40.4409 21.1486 -52.5659  255 255 255
31.4836 20.808 -57.9186  255 255 255
49.2905 12.0082 -2.47925  255 255 255
50.5903 11.5593 0.417516  255 255 255
51.3513 11.2993 1.80621  255 255 255
-65.1526 21.6071 -52.6881  255 255 255
-17.0493 20.5621 -54.436  255 255 255
63.2658 7.17186 26.6044  255 255 255
49.578 11.5026 -1.73162  255 255 255
49.9588 11.4373 -1.2202  255 255 255
-42.1505 20.5241 -52.7873  255 255 255
-40.2692 20.2004 -51.6985  255 255 255
63.0929 7.11891 25.6275  255 255 255
62.8008 7.11182 24.895  255 255 255
-85.6182 19.3634 -37.9273  255 255 255
58.7426 8.40561 16.287  255 255 255
58.6779 8.35834 16.3109  255 255 255
62.8187 7.0905 24.5271  255 255 255
50.5608 10.8296 -0.274648  255 255 255
63.8165 6.58735 27.0096  255 255 255
49.3426 11.1351 -3.04818  255 255 255
52.5455 10.116 3.62871  255 255 255
52.423 10.0667 3.2154  255 255 255
46.9377 11.6309 -7.96533  255 255 255
53.2531 9.55162 5.01675  255 255 255
-18.6084 18.5911 -52.1024  255 255 255
52.4621 9.6673 3.3322  255 255 255
-6.4733 18.2271 -52.3934  255 255 255
53.65 9.19793 5.48537  255 255 255
63.1231 6.1148 25.3587  255 255 255
-14.9166 17.899 -51.5326  255 255 255
52.5381 9.36874 2.62943  255 255 255
63.6559 5.88734 26.5165  255 255 255
63.763 5.90164 26.3622  255 255 255
-111.485 20.4721 -50.3375  255 255 255
-111.485 20.4721 -50.3375  255 255 255
-78.7277 18.3816 -45.1268  255 255 255
-42.6016 17.7695 -49.1028  255 255 255
-20.9791 17.3862 -50.572  255 255 255
47.3037 10.5212 -9.08759  255 255 255
54.1659 8.29251 6.08092  255 255 255
54.1294 8.28764 6.10191  255 255 255
50.9761 9.11252 -0.360261  255 255 255
52.8733 13.6045 -32.7273  255 255 255
52.4467 8.60795 2.31918  255 255 255
-13.8204 16.3689 -50.197  255 255 255
52.3475 8.333 1.97843  255 255 255
52.3202 8.33081 2.00581  255 255 255
52.3515 8.34227 1.98183  255 255 255
-12.9791 15.7531 -49.2604  255 255 255
-79.5891 16.5332 -42.8412  255 255 255
-28.2103 15.6297 -48.1912  255 255 255
-13.9376 15.3714 -48.8621  255 255 255
-13.9232 15.3458 -48.8158  255 255 255
53.9763 7.43457 5.15094  255 255 255
61.419 5.57572 18.6767  255 255 255
58.4419 6.05065 14.3814  255 255 255
51.8173 7.76123 0.680816  255 255 255
56.4705 6.54454 9.84513  255 255 255
52.2405 7.55535 1.4297  255 255 255
-16.9731 14.482 -47.2453  255 255 255
57.7777 5.81151 12.6869  255 255 255
51.0119 7.2468 -1.64399  255 255 255
51.1932 7.27707 -2.0116  255 255 255
56.9109 5.61075 10.6458  255 255 255
-8.16285 13.3307 -46.8736  255 255 255
-45.5285 13.7328 -45.6611  255 255 255
-9.15331 13.0806 -46.5441  255 255 255
55.4798 5.69011 7.58094  255 255 255
-41.0167 13.241 -45.2557  255 255 255
50.1816 6.8692 -3.73687  255 255 255
55.78 5.41737 7.3928  255 255 255
55.7662 5.40982 7.42525  255 255 255
53.7513 5.75505 3.40221  255 255 255
51.7993 6.27854 -0.735899  255 255 255
-34.6354 12.6212 -44.3548  255 255 255
52.605 5.88158 1.02167  255 255 255
-15.3363 12.0066 -45.0134  255 255 255
-10.6989 11.873 -45.1545  255 255 255
-73.5443 13.1351 -43.1352  255 255 255
-15.2056 11.5607 -44.2001  255 255 255
47.9289 6.66311 -8.61458  255 255 255
-55.258 12.2246 -42.6855  255 255 255
-18.5518 11.5673 -44.4763  255 255 255
-18.0618 11.543 -44.2556  255 255 255
46.6684 6.80676 -11.9098  255 255 255
51.2988 5.51858 -3.03943  255 255 255
50.5217 5.34651 -4.00315  255 255 255
52.2508 5.08217 -1.44898  255 255 255
-20.8635 10.5243 -42.7968  255 255 255
51.73 4.7114 -1.45094  255 255 255
63.8118 1.8975 22.4228  255 255 255
52.5325 4.16461 0.176099  255 255 255
57.5302 2.93316 10.4338  255 255 255
-26.2262 9.33815 -41.6213  255 255 255
-32.0808 9.37619 -41.4609  255 255 255
51.6592 4.05544 -2.03166  255 255 255
5.95715 1.43644 23.5002  255 255 255
63.2009 1.25673 21.9802  255 255 255
-46.8487 9.20991 -40.0362  255 255 255
57.1791 2.52913 9.95601  255 255 255
-3.41031 1.59563 21.9109  255 255 255
59.1472 2.06593 11.7253  255 255 255
52.8656 2.97825 -0.264033  255 255 255
57.5757 1.76491 9.49594  255 255 255
-31.0352 7.47196 -38.8293  255 255 255
57.4448 1.65914 9.15901  255 255 255
-121.089 9.4321 -35.3317  255 255 255
52.9119 2.49569 -0.270783  255 255 255
58.8781 1.28535 12.1725  255 255 255
56.5938 1.67256 7.24462  255 255 255
51.9927 2.5267 -2.82834  255 255 255
51.9431 2.51311 -2.69869  255 255 255
58.1076 1.21487 10.4509  255 255 255
-120.039 8.75186 -33.4713  255 255 255
63.1513 0.0283735 20.2183  255 255 255
58.1804 0.889536 10.4114  255 255 255
48.9768 2.60857 -9.08039  255 255 255
-75.1354 7.23239 -35.8908  255 255 255
50.3291 2.22631 -6.42309  255 255 255
54.0984 1.55466 1.2377  255 255 255
64.2877 -0.499599 21.8087  255 255 255
54.2459 1.34241 2.0417  255 255 255
56.7568 0.899697 7.04941  255 255 255
54.5637 1.10109 2.79438  255 255 255
53.6934 1.08498 0.859707  255 255 255
58.7408 0.115223 11.4718  255 255 255
54.907 0.799618 2.97568  255 255 255
54.6612 0.830904 2.60716  255 255 255
54.6441 0.826905 2.62418  255 255 255
57.8887 0.0858804 9.17834  255 255 255
58.536 -0.0112356 10.6507  255 255 255
63.7112 -1.08636 20.9554  255 255 255
65.2422 -1.44748 25.2272  255 255 255
51.5182 1.14343 -4.58814  255 255 255
59.1946 -0.40996 13.5129  255 255 255
54.8208 0.414125 2.51816  255 255 255
55.1707 0.332437 3.67999  255 255 255
56.4815 -0.00618973 6.42141  255 255 255
54.9248 0.407265 1.1505  255 255 255
58.0863 -0.324576 9.42761  255 255 255
59.307 -0.538915 11.9022  255 255 255
64.7012 -1.63662 23.9167  255 255 255
-26.7133 4.18717 -35.2814  255 255 255
-26.71 4.15572 -34.994  255 255 255
55.6101 -0.090961 3.99257  255 255 255
7.09932 -1.59771 25.5311  255 255 255
59.6686 -0.894965 12.8339  255 255 255
0.436125 -1.62584 26.8684  255 255 255
58.2405 -0.681113 9.41438  255 255 255
51.1014 0.607912 -6.15527  255 255 255
54.3478 0.049807 0.91099  255 255 255
64.4662 -1.87881 22.975  255 255 255
0.0419051 -1.73789 27.3063  255 255 255
62.8974 -1.67316 19.725  255 255 255
62.8929 -1.66696 19.7108  255 255 255
47.3812 0.982801 -13.1427  255 255 255
-70.0784 4.31508 -33.0191  255 255 255
64.2029 -2.17995 21.9543  255 255 255
-70.4925 4.15047 -33.4269  255 255 255
55.9953 -0.913445 4.52028  255 255 255
64.9621 -2.51565 23.9242  255 255 255
-15.3225 -1.68128 22.2579  255 255 255
-12.5236 -1.9796 25.8334  255 255 255
57.4973 -1.24664 7.39613  255 255 255
48.2621 0.156314 -12.6264  255 255 255
62.0624 -2.25975 18.073  255 255 255
57.6305 -1.54233 7.45595  255 255 255
57.643 -1.54754 7.43532  255 255 255
57.75 -1.61188 7.79386  255 255 255
-9.99808 -2.51097 28.1775  255 255 255
61.9851 -2.47943 17.9585  255 255 255
48.2371 -0.119848 -12.929  255 255 255
58.5658 -1.90737 9.42619  255 255 255
-70.1645 3.00593 -30.9182  255 255 255
60.7898 -2.32467 14.317  255 255 255
58.3325 -1.95197 8.63236  255 255 255
59.2884 -2.11372 10.9515  255 255 255
59.5105 -2.08551 10.52  255 255 255
60.921 -2.58651 15.8663  255 255 255
-12.058 -2.75022 26.9802  255 255 255
58.1073 -2.07894 7.21588  255 255 255
58.1073 -2.07894 7.21588  255 255 255
61.0603 -2.59022 14.6401  255 255 255
65.0319 -3.32272 23.6832  255 255 255
65.0319 -3.32272 23.6832  255 255 255
-67.9044 2.6635 -31.5066  255 255 255
-16.3295 -2.39391 21.8011  255 255 255
-16.3241 -2.40371 21.8555  255 255 255
57.1918 -2.0069 5.74792  255 255 255
63.833 -3.05379 19.6025  255 255 255
59.7345 -2.47283 11.7748  255 255 255
58.0029 -2.23896 7.97372  255 255 255
-74.852 2.50252 -30.2211  255 255 255
62.41 -3.15558 17.8379  255 255 255
-40.7754 1.60991 -31.2733  255 255 255
-11.0611 -3.31433 28.1865  255 255 255
-11.0611 -3.31433 28.1865  255 255 255
62.2985 -3.20731 16.6339  255 255 255
64.8352 -3.76236 22.4915  255 255 255
53.8642 -2.10868 -1.05579  255 255 255
61.3289 -3.24916 14.8188  255 255 255
57.6753 -2.7618 6.74367  255 255 255
50.2359 -1.74611 -9.352  255 255 255
54.987 -2.50088 1.31822  255 255 255
63.4263 -3.79236 18.9083  255 255 255
63.7346 -3.90328 19.8952  255 255 255
63.7289 -3.88952 19.861  255 255 255
55.0309 -2.66519 0.777227  255 255 255
55.0309 -2.66519 0.777227  255 255 255
55.5699 -2.76898 2.31907  255 255 255
59.5453 -3.43717 10.8191  255 255 255
54.8054 -2.77411 0.5244  255 255 255
8.6715 -4.3354 29.4121  255 255 255
57.2746 -3.27437 5.36326  255 255 255
63.3984 -4.19518 18.9943  255 255 255
61.749 -3.9843 15.1727  255 255 255
-19.6259 -2.98531 12.7671  255 255 255
58.1481 -3.49306 7.53791  255 255 255
65.616 -4.8151 24.1108  255 255 255
58.669 -3.87774 8.64781  255 255 255
54.8463 -3.33069 -0.121783  255 255 255
61.9352 -4.32987 15.8781  255 255 255
59.9863 -4.11477 11.3017  255 255 255
61.5773 -4.29796 14.5806  255 255 255
61.5773 -4.29796 14.5806  255 255 255
64.2726 -4.76621 20.7815  255 255 255
-45.2714 -0.5814 -29.0005  255 255 255
58.418 -4.18439 8.04608  255 255 255
63.0649 -4.81433 17.503  255 255 255
-23.4496 -3.32885 8.85944  255 255 255
-23.452 -3.32532 8.88381  255 255 255
55.9933 -3.91384 2.29625  255 255 255
61.6006 -4.73825 14.6918  255 255 255
61.6006 -4.73825 14.6918  255 255 255
55.0348 -3.91764 0.0815969  255 255 255
54.5928 -3.91625 -1.29628  255 255 255
59.5887 -4.53779 10.0185  255 255 255
63.5434 -5.10755 18.9937  255 255 255
61.4017 -4.88799 14.1271  255 255 255
59.3151 -4.58746 9.3257  255 255 255
-48.5111 -1.32184 -27.6309  255 255 255
-8.63221 -5.30574 30.9071  255 255 255
-8.63221 -5.30574 30.9071  255 255 255
54.5254 -4.32154 -1.27285  255 255 255
-23.7728 -3.99118 9.63541  255 255 255
64.7699 -5.65103 21.2489  255 255 255
55.1367 -4.81452 -0.267822  255 255 255
65.9215 -6.1069 23.8947  255 255 255
-17.3195 -5.21935 24.0473  255 255 255
60.0138 -5.42766 10.0436  255 255 255
59.7119 -5.43582 9.44601  255 255 255
61.3482 -5.65673 13.2058  255 255 255
64.416 -6.20175 20.2848  255 255 255
42.8536 -3.63741 -31.6323  255 255 255
60.1696 -5.72133 10.5366  255 255 255
55.2369 -5.24942 -0.362148  255 255 255
61.4466 -6.00656 13.272  255 255 255
62.6278 -6.28426 15.3485  255 255 255
65.0326 -6.63787 21.5084  255 255 255
49.0868 -4.86211 -13.5607  255 255 255
55.6081 -5.5782 0.149045  255 255 255
55.5945 -5.57902 0.17739  255 255 255
-10.8823 -6.29847 30.6523  255 255 255
-10.8834 -6.31422 30.6655  255 255 255
-14.428 -6.15257 28.0791  255 255 255
52.5077 -5.44043 -6.69208  255 255 255
60.2516 -6.24672 10.4352  255 255 255
60.245 -6.24829 10.4563  255 255 255
60.3868 -6.3809 9.25209  255 255 255
-6.79621 -6.75826 32.7144  255 255 255
56.7577 -6.09382 2.74954  255 255 255
48.8999 -5.36422 -15.5898  255 255 255
-70.6794 -3.05508 -24.7457  255 255 255
-8.08379 -6.749 32.3359  255 255 255
52.9136 -5.821 -6.49999  255 255 255
61.1323 -6.80426 11.8865  255 255 255
6.39069 -7.14336 32.0925  255 255 255
56.8948 -6.42494 2.72647  255 255 255
64.0999 -7.18366 18.8184  255 255 255
-24.1478 -5.9057 11.785  255 255 255
-7.04713 -7.04539 32.9436  255 255 255
-6.54076 -7.12754 33.056  255 255 255
58.9599 -6.85635 7.1384  255 255 255
60.6509 -7.01994 10.2649  255 255 255
60.4485 -7.0151 10.6293  255 255 255
-6.97293 -7.28134 33.1093  255 255 255
60.3767 -7.12228 10.1826  255 255 255
60.3767 -7.12228 10.1826  255 255 255
60.9781 -7.30886 11.7718  255 255 255
-1.66092 -7.61178 33.8204  255 255 255
-16.3144 -7.13537 26.9585  255 255 255
-8.28248 -7.49699 32.7073  255 255 255
63.7211 -7.77889 17.5225  255 255 255
-20.9355 -6.76426 17.3815  255 255 255
53.9913 -6.8721 -4.17835  255 255 255
62.301 -7.76957 14.15  255 255 255
-8.67932 -7.62541 32.5138  255 255 255
61.1501 -7.73581 11.854  255 255 255
61.1059 -7.7662 11.9185  255 255 255
47.5446 -6.60385 -19.0118  255 255 255
61.9245 -7.91658 12.9259  255 255 255
5.71305 -8.06228 32.9386  255 255 255
-59.9591 -5.02141 -23.44  255 255 255
-59.9591 -5.02141 -23.44  255 255 255
64.9903 -8.3508 20.0814  255 255 255
-42.3703 -5.4384 -23.4804  255 255 255
52.3753 -7.349 -8.49598  255 255 255
58.3745 -7.82363 4.93905  255 255 255
61.3106 -8.24064 12.0059  255 255 255
61.6219 -8.24192 12.3069  255 255 255
63.6341 -8.49447 16.8058  255 255 255
47.3988 -7.27348 -19.8804  255 255 255
-0.96809 -8.42542 34.5677  255 255 255
47.0984 -7.3809 -20.1202  255 255 255
57.227 -8.13755 2.77481  255 255 255
-47.002 -5.97644 -22.263  255 255 255
57.6526 -8.24571 3.11403  255 255 255
-43.2718 -6.08465 -21.9778  255 255 255
-43.2718 -6.08465 -21.9778  255 255 255
66.0706 -9.04677 22.5186  255 255 255
58.6889 -8.51433 5.3206  255 255 255
66.4327 -9.11924 22.9479  255 255 255
-1.90956 -8.72345 34.5739  255 255 255
56.7462 -8.54367 0.669284  255 255 255
5.07175 -8.87189 33.5588  255 255 255
58.5672 -8.7469 5.12924  255 255 255
65.5681 -9.28951 21.0482  255 255 255
-68.8212 -6.18939 -20.7565  255 255 255
-3.70689 -8.96219 34.5896  255 255 255
57.3693 -8.95023 2.13062  255 255 255
48.5794 -8.38466 -17.6767  255 255 255
49.481 -8.57846 -15.0185  255 255 255
62.7472 -9.38492 13.0984  255 255 255
62.4669 -9.40952 13.6494  255 255 255
58.5731 -9.16027 3.84769  255 255 255
58.5618 -9.15948 3.87094  255 255 255
45.9261 -8.45048 -24.3472  255 255 255
-26.0305 -8.3633 14.4982  255 255 255
63.1151 -9.63094 13.101  255 255 255
56.7583 -9.37168 0.362388  255 255 255
56.7643 -9.36103 0.338148  255 255 255
56.7745 -9.36303 0.340203  255 255 255
59.5015 -9.55309 6.78473  255 255 255
-5.4355 -9.49407 34.374  255 255 255
57.8048 -9.61296 2.49884  255 255 255
58.6159 -9.70656 4.41187  255 255 255
58.5663 -9.72554 4.48564  255 255 255
58.5978 -9.70679 4.4536  255 255 255
-41.6728 -7.83082 -20.5922  255 255 255
62.9227 -10.1784 14.5789  255 255 255
59.288 -10.004 5.4379  255 255 255
63.5495 -10.2229 15.7224  255 255 255
63.5495 -10.2229 15.7224  255 255 255
63.0986 -10.2758 15.2538  255 255 255
59.9691 -10.2514 7.12129  255 255 255
63.5373 -10.6663 15.3538  255 255 255
59.8142 -10.4806 3.75854  255 255 255
59.4894 -10.5497 4.52413  255 255 255
57.7699 -10.5422 1.5765  255 255 255
57.7199 -10.5482 1.66163  255 255 255
59.9748 -10.7051 7.2093  255 255 255
-17.2847 -10.0153 27.1442  255 255 255
-6.82862 -10.2681 34.3912  255 255 255
60.274 -10.7507 7.29811  255 255 255
60.2352 -10.7495 7.36671  255 255 255
63.5443 -10.9222 15.2833  255 255 255
48.1774 -10.3526 -20.4428  255 255 255
-68.7621 -8.6281 -18.4241  255 255 255
-68.7698 -8.63233 -18.4481  255 255 255
-5.13499 -10.4161 34.8725  255 255 255
-5.13316 -10.4162 34.8544  255 255 255
46.9685 -10.3637 -23.6867  255 255 255
59.2836 -10.8854 5.29908  255 255 255
59.3011 -10.8886 5.27432  255 255 255
-18.2808 -10.222 26.0185  255 255 255
48.8847 -10.6351 -17.9618  255 255 255
56.4513 -10.9689 -0.797758  255 255 255
60.4962 -11.0543 7.62935  255 255 255
-15.35 -10.4987 29.4661  255 255 255
56.5938 -11.1164 -1.56224  255 255 255
-2.74139 -10.8191 35.3625  255 255 255
52.3269 -11.0917 -10.9721  255 255 255
-3.32277 -10.8445 35.3374  255 255 255
64.0502 -11.55 15.9449  255 255 255
64.0502 -11.55 15.9449  255 255 255
48.208 -11.0252 -20.1291  255 255 255
56.4744 -11.2136 -2.22222  255 255 255
61.9472 -11.4822 10.7913  255 255 255
63.9515 -11.6136 15.4234  255 255 255
61.0477 -11.5148 8.56699  255 255 255
66.7496 -11.7291 22.1173  255 255 255
57.5655 -11.4572 0.496967  255 255 255
-11.4824 -10.8623 32.5232  255 255 255
59.4706 -11.5628 5.07075  255 255 255
59.4163 -11.569 5.15825  255 255 255
59.9009 -11.5928 6.07656  255 255 255
-2.17463 -11.0432 35.4329  255 255 255
56.3508 -11.6092 -2.3812  255 255 255
61.4671 -11.7507 9.60783  255 255 255
61.9009 -11.8072 10.931  255 255 255
62.0189 -11.7659 10.8124  255 255 255
60.3898 -11.7631 6.96147  255 255 255
56.4557 -11.6675 -2.01027  255 255 255
57.6051 -11.7482 0.639543  255 255 255
61.5261 -11.9852 10.0236  255 255 255
-18.9964 -10.9797 25.0475  255 255 255
47.7108 -11.6396 -21.5508  255 255 255
-10.3245 -11.2423 33.2762  255 255 255
1.72099 -11.4816 35.346  255 255 255
1.72099 -11.4816 35.346  255 255 255
48.5649 -11.9423 -20.7492  255 255 255
-56.0814 -10.4258 -16.8736  255 255 255
-56.0814 -10.4258 -16.8736  255 255 255
60.7424 -12.3351 8.05467  255 255 255
60.7692 -12.3233 7.98686  255 255 255
61.3896 -12.306 7.59248  255 255 255
59.5014 -12.3922 4.24239  255 255 255
-50.0965 -10.7725 -16.5889  255 255 255
-21.5724 -11.3398 22.599  255 255 255
-16.3433 -11.4565 28.7684  255 255 255
59.2191 -12.5122 4.17732  255 255 255
59.1916 -12.4813 4.16698  255 255 255
64.9499 -12.5357 17.4937  255 255 255
-5.39759 -11.6564 35.2106  255 255 255
57.2753 -12.7042 -1.12507  255 255 255
-3.94681 -11.9837 35.5032  255 255 255
59.1421 -12.8147 3.11374  255 255 255
59.5174 -12.8142 4.05766  255 255 255
64.5735 -12.9066 16.0441  255 255 255
56.4851 -12.8458 -2.63334  255 255 255
-21.0224 -11.8408 23.3254  255 255 255
60.6152 -13.0707 6.43852  255 255 255
61.5527 -13.0355 8.88648  255 255 255
0.937219 -12.2487 35.6197  255 255 255
61.0963 -13.1122 8.0014  255 255 255
59.0635 -13.2344 2.86793  255 255 255
59.0635 -13.2344 2.86793  255 255 255
-7.05526 -12.2737 35.0004  255 255 255
-81.8001 -11.2171 -14.5181  255 255 255
-14.2976 -12.2734 30.9002  255 255 255
13.8646 -12.6736 29.5221  255 255 255
65.4579 -13.4197 18.0384  255 255 255
65.4324 -13.4224 18.0876  255 255 255
57.7766 -13.4781 -0.484605  255 255 255
57.7508 -13.4743 -0.4374  255 255 255
65.2597 -13.4736 17.8843  255 255 255
-48.8969 -11.9882 -15.7699  255 255 255
-48.8969 -11.9882 -15.7699  255 255 255
3.14528 -12.5774 35.3677  255 255 255
60.7869 -13.4744 7.61564  255 255 255
63.0891 -13.5282 12.4168  255 255 255
60.8181 -13.5381 6.90156  255 255 255
61.6258 -13.5723 8.87421  255 255 255
-7.19976 -12.5106 34.849  255 255 255
56.2748 -13.5922 -3.92764  255 255 255
-48.8775 -12.1666 -14.2259  255 255 255
-54.3584 -12.1689 -14.7613  255 255 255
-54.3584 -12.1689 -14.7613  255 255 255
-50.0423 -12.2933 -15.0935  255 255 255
-48.3682 -12.2816 -14.7685  255 255 255
49.8907 -13.7959 -18.784  255 255 255
59.871 -13.7794 4.24674  255 255 255
61.9037 -13.8545 8.96066  255 255 255
-2.09498 -12.9138 35.8472  255 255 255
7.08243 -13.0978 34.0561  255 255 255
24.9159 -13.5369 16.2525  255 255 255
24.9159 -13.5369 16.2525  255 255 255
55.9799 -14.218 -4.57761  255 255 255
50.6906 -14.2665 -16.0821  255 255 255
66.0055 -14.1603 18.9416  255 255 255
66.0274 -14.1578 18.9561  255 255 255
65.898 -14.2401 18.6353  255 255 255
59.9326 -14.3459 3.82862  255 255 255
59.0971 -14.3672 1.92192  255 255 255
58.294 -14.4934 0.294887  255 255 255
60.7576 -14.6586 5.83164  255 255 255
60.6855 -14.6829 5.90536  255 255 255
61.7281 -14.686 8.38194  255 255 255
-52.6854 -13.4085 -13.7652  255 255 255
58.3615 -14.9373 -0.960445  255 255 255
60.6904 -15.1924 5.56289  255 255 255
56.9343 -15.4191 -3.82151  255 255 255
61.4199 -15.378 6.74421  255 255 255
60.7047 -15.5114 5.67304  255 255 255
59.1839 -15.6011 1.31104  255 255 255
59.1964 -15.5997 1.28612  255 255 255
60.6269 -15.5392 5.25207  255 255 255
60.6269 -15.5392 5.25207  255 255 255
2.40621 -14.208 35.6869  255 255 255
-9.16324 -14.0818 34.4683  255 255 255
12.9245 -14.5694 30.7743  255 255 255
56.9455 -16.0205 -2.84866  255 255 255
66.156 -15.7722 18.2048  255 255 255
25.5167 -15.2329 18.1418  255 255 255
-17.3979 -14.4312 28.1795  255 255 255
-4.39238 -14.4315 35.8807  255 255 255
-4.3607 -14.4576 35.8477  255 255 255
57.2402 -16.1793 -3.83672  255 255 255
-4.06407 -14.5421 35.8919  255 255 255
60.6981 -16.2508 5.87145  255 255 255
60.7994 -16.3078 4.92184  255 255 255
60.7994 -16.3078 4.92184  255 255 255
67.3438 -16.0598 20.6629  255 255 255
-55.9137 -15.0085 -11.7577  255 255 255
-7.99199 -14.6168 34.8534  255 255 255
59.9901 -16.7457 2.60429  255 255 255
-54.733 -15.6819 -11.0028  255 255 255
61.4786 -17.2555 5.58893  255 255 255
-8.36803 -15.4011 34.8407  255 255 255
-7.77775 -15.4132 35.0683  255 255 255
6.21035 -15.6095 34.8519  255 255 255
60.0037 -17.441 2.47974  255 255 255
57.9823 -17.6128 -2.65745  255 255 255
59.7013 -17.4962 1.46371  255 255 255
59.7785 -17.4835 1.39733  255 255 255
-21.3288 -15.5113 27.2172  255 255 255
60.7837 -17.6707 3.61114  255 255 255
60.7703 -17.6746 3.63315  255 255 255
63.4727 -17.5093 10.7878  255 255 255
-21.1547 -15.7419 27.4976  255 255 255
58.4832 -17.9372 -1.84139  255 255 255
63.6496 -17.5851 11.1914  255 255 255
-13.8372 -15.7455 31.7755  255 255 255
5.28221 -15.922 34.9766  255 255 255
60.1852 -17.8734 2.13781  255 255 255
61.4487 -17.8235 5.35662  255 255 255
63.356 -17.7498 9.74689  255 255 255
63.3956 -17.7467 9.7248  255 255 255
63.9944 -17.6914 11.4754  255 255 255
60.3463 -18.0727 2.67106  255 255 255
55.6462 -18.4446 -7.4244  255 255 255
66.3095 -17.7198 17.6902  255 255 255
66.3095 -17.7198 17.6902  255 255 255
-21.2256 -16.0371 27.5323  255 255 255
6.71615 -16.2143 34.514  255 255 255
10.5288 -16.3953 31.4737  255 255 255
61.1444 -18.2505 4.34744  255 255 255
63.8276 -17.9714 11.4787  255 255 255
6.82954 -16.3611 34.5359  255 255 255
62.6067 -18.2068 7.46362  255 255 255
60.7084 -18.4234 2.95004  255 255 255
-21.0312 -16.3244 27.9022  255 255 255
58.2934 -18.7563 -2.16349  255 255 255
58.397 -18.9549 -2.66333  255 255 255
62.8314 -18.6589 6.69401  255 255 255
-28.6105 -16.6721 24.4435  255 255 255
67.723 -18.3792 20.6085  255 255 255
11.7746 -17.0394 31.7235  255 255 255
6.91421 -16.9113 34.4609  255 255 255
60.1379 -19.1326 0.693726  255 255 255
66.1697 -18.626 16.5314  255 255 255
67.4349 -18.5178 19.6451  255 255 255
-3.69376 -16.7629 36.0231  255 255 255
7.04283 -17.0823 34.414  255 255 255
66.0591 -18.9374 16.0076  255 255 255
6.87496 -17.1314 34.4857  255 255 255
6.87496 -17.1314 34.4857  255 255 255
-27.4038 -17.1477 25.2893  255 255 255
3.28116 -17.2259 35.6665  255 255 255
59.7692 -19.7426 -0.154246  255 255 255
-48.4035 -18.4783 -8.27511  255 255 255
66.1776 -19.2485 15.7872  255 255 255
-11.8587 -17.1492 33.0116  255 255 255
54.8623 -20.5939 -12.1065  255 255 255
54.7999 -20.5863 -12.0485  255 255 255
61.113 -19.9953 2.84794  255 255 255
-3.46657 -17.436 36.0347  255 255 255
59.0929 -20.3237 -2.5946  255 255 255
-20.2072 -17.5507 29.2755  255 255 255
-15.1144 -17.574 30.7946  255 255 255
18.7516 -18.3308 26.9334  255 255 255
66.2666 -19.8208 15.5972  255 255 255
65.652 -19.7757 16.7138  255 255 255
-28.7898 -17.8748 24.6908  255 255 255
58.9626 -20.6751 -2.26293  255 255 255
59.1963 -20.6597 -2.60756  255 255 255
16.0952 -18.5231 27.5436  255 255 255
-53.6831 -19.3367 -6.87116  255 255 255
-51.7216 -19.3795 -7.21253  255 255 255
64.8526 -20.305 11.7826  255 255 255
17.356 -18.7513 27.5418  255 255 255
1.07378 -18.0967 35.9331  255 255 255
60.2806 -20.9855 1.28399  255 255 255
67.1605 -20.283 18.9654  255 255 255
-27.0163 -18.3179 26.4899  255 255 255
64.5569 -20.7403 10.8312  255 255 255
-13.2154 -18.3848 32.1742  255 255 255
-13.2289 -18.3919 32.1954  255 255 255
61.0542 -21.2596 2.09046  255 255 255
61.0497 -21.2575 2.14312  255 255 255
-27.1761 -18.5464 26.1672  255 255 255
60.4651 -21.4338 0.612963  255 255 255
-13.7598 -18.5409 31.6938  255 255 255
61.3012 -21.5879 1.45278  255 255 255
61.2199 -21.5745 1.60728  255 255 255
61.159 -21.5482 1.73743  255 255 255
60.8306 -21.9208 1.31046  255 255 255
-12.4567 -18.9031 32.5261  255 255 255
-12.9142 -19.1954 32.194  255 255 255
59.1434 -22.6898 -3.82682  255 255 255
11.7254 -19.7096 30.6389  255 255 255
63.8688 -22.0597 9.23671  255 255 255
3.52017 -19.4247 35.2389  255 255 255
23.6323 -20.548 24.4748  255 255 255
-26.0551 -19.5989 27.8296  255 255 255
60.3952 -22.9259 -0.45084  255 255 255
-4.85844 -19.4523 35.6727  255 255 255
-57.6409 -21.5692 -4.3221  255 255 255
61.4074 -23.0674 1.0749  255 255 255
-26.9716 -20.1133 25.4915  255 255 255
64.2118 -22.9808 8.92097  255 255 255
62.9946 -23.2942 5.28008  255 255 255
-8.8265 -20.1015 34.3322  255 255 255
-8.86461 -20.0664 34.3585  255 255 255
8.72535 -20.4067 34.1505  255 255 255
57.5418 -24.2779 -7.09417  255 255 255
-19.0157 -20.3007 30.9277  255 255 255
-7.29688 -20.3097 34.8022  255 255 255
-56.5049 -22.6286 -3.26083  255 255 255
-56.5049 -22.6286 -3.26083  255 255 255
-24.7184 -20.6847 29.0304  255 255 255
58.6103 -24.7668 -5.85643  255 255 255
-3.6608 -20.5868 35.4734  255 255 255
2.58341 -20.6774 35.164  255 255 255
60.4877 -24.4971 -0.987692  255 255 255
0.694722 -20.883 35.4089  255 255 255
-17.145 -20.919 32.3387  255 255 255
20.1063 -21.9499 26.3994  255 255 255
-14.1114 -20.9773 33.2366  255 255 255
-14.1068 -20.9904 33.2494  255 255 255
66.3742 -23.9186 14.4163  255 255 255
-16.9106 -21.0562 32.4925  255 255 255
0.332359 -21.1886 35.3126  255 255 255
59.0213 -25.5802 -5.93557  255 255 255
58.8892 -25.5459 -5.21003  255 255 255
-23.6219 -21.3602 29.6957  255 255 255
-26.4741 -21.7516 25.2909  255 255 255
20.1352 -22.3387 26.9701  255 255 255
60.437 -25.5475 -1.89826  255 255 255
23.7394 -22.5881 26.6603  255 255 255
67.1024 -24.7402 14.2496  255 255 255
-24.161 -21.8631 30.4359  255 255 255
13.3927 -22.3651 31.9251  255 255 255
-1.08934 -21.8364 35.2371  255 255 255
-15.74 -21.8588 33.1536  255 255 255
-15.7402 -21.8638 33.1674  255 255 255
6.93599 -22.1813 33.4118  255 255 255
-11.0731 -21.9742 34.1923  255 255 255
-14.4763 -21.9879 34.2472  255 255 255
61.1074 -26.5918 -1.34385  255 255 255
62.6358 -26.4797 2.49715  255 255 255
63.0225 -26.4955 2.11649  255 255 255
2.48891 -22.4709 34.6164  255 255 255
-15.7882 -22.3846 32.967  255 255 255
16.1201 -23.1778 29.7595  255 255 255
67.4816 -25.5749 16.3898  255 255 255
65.6798 -24.8576 24.0328  255 255 255
-6.29263 -22.6087 34.512  255 255 255
-22.2909 -22.828 31.0087  255 255 255
-13.1836 -22.7283 34.8787  255 255 255
-13.1836 -22.7283 34.8787  255 255 255
21.7969 -23.979 28.6387  255 255 255
-21.4234 -23.1008 31.4912  255 255 255
-21.1966 -23.1835 31.2668  255 255 255
5.71741 -23.3729 33.9821  255 255 255
63.6656 -27.4355 4.03211  255 255 255
-43.1803 -26.1578 0.0206042  255 255 255
66.6977 -26.956 11.9036  255 255 255
-54.6296 -26.2381 0.872512  255 255 255
-24.2253 -23.4572 31.9197  255 255 255
62.3935 -28.1142 1.96622  255 255 255
21.7967 -24.6117 29.0925  255 255 255
-0.176993 -23.6633 34.8713  255 255 255
66.0456 -26.3691 22.849  255 255 255
66.0852 -26.2085 23.2158  255 255 255
64.4542 -28.1729 5.84455  255 255 255
-18.2392 -23.9146 32.0375  255 255 255
-6.19326 -23.7171 35.6184  255 255 255
63.9025 -28.6629 3.78996  255 255 255
19.555 -25.0371 29.9935  255 255 255
-21.8333 -24.3055 32.8402  255 255 255
-12.3238 -24.1617 35.1406  255 255 255
-12.3162 -24.1608 35.1233  255 255 255
61.5092 -29.5925 -2.43112  255 255 255
67.1892 -27.9956 14.1011  255 255 255
63.3705 -29.3482 2.275  255 255 255
2.71637 -24.5299 35.6301  255 255 255
-13.9698 -24.5669 33.7473  255 255 255
67.4448 -28.5318 12.3053  255 255 255
-20.3083 -24.7007 33.2024  255 255 255
-2.84425 -24.6845 36.3902  255 255 255
67.4336 -28.894 12.1244  255 255 255
42.0147 -29.8873 -2.15399  255 255 255
-43.3701 -28.082 2.47997  255 255 255
-44.6699 -28.3895 2.20264  255 255 255
-20.5375 -25.1449 33.5824  255 255 255
63.6099 -30.0612 4.62284  255 255 255
64.4011 -30.2134 3.4132  255 255 255
-21.5445 -25.611 31.925  255 255 255
-21.2602 -25.6006 32.2806  255 255 255
-8.98837 -25.3617 35.6746  255 255 255
62.8917 -31.1338 -0.252214  255 255 255
66.2225 -29.9768 10.3045  255 255 255
69.4194 -29.2729 16.8052  255 255 255
69.7595 -29.3365 16.796  255 255 255
68.444 -29.3563 16.7115  255 255 255
-5.83426 -25.5181 36.6128  255 255 255
68.3635 -29.8642 13.2505  255 255 255
-18.4063 -25.7028 34.2976  255 255 255
-8.91511 -25.7469 35.5163  255 255 255
67.0728 -30.3865 9.88864  255 255 255
65.3708 -31.1359 5.16186  255 255 255
63.4172 -31.8317 0.203952  255 255 255
-9.70804 -26.0818 35.142  255 255 255
63.3153 -32.1015 0.46934  255 255 255
4.15679 -26.414 36.1153  255 255 255
4.32366 -26.5745 36.0503  255 255 255
68.4732 -30.7825 14.6253  255 255 255
68.4732 -30.7825 14.6253  255 255 255
69.4839 -31.0385 15.1428  255 255 255
63.8328 -32.9042 0.789236  255 255 255
14.0661 -27.5914 33.734  255 255 255
69.4593 -31.3558 15.3396  255 255 255
17.3192 -27.778 33.177  255 255 255
69.4371 -31.3931 14.9567  255 255 255
-26.3807 -28.7195 22.4597  255 255 255
-2.10297 -27.2396 36.066  255 255 255
66.4529 -32.5857 7.09856  255 255 255
-6.23296 -27.3239 35.682  255 255 255
66.4651 -32.7033 7.54662  255 255 255
70.0332 -32.0581 15.2167  255 255 255
67.387 -32.9897 9.83239  255 255 255
17.0037 -28.4503 34.2493  255 255 255
68.085 -33.0086 10.772  255 255 255
69.9644 -32.4569 14.9745  255 255 255
69.8227 -32.4282 15.2025  255 255 255
15.6023 -28.8068 34.4539  255 255 255
-0.677363 -28.3363 35.6812  255 255 255
67.7625 -33.5356 10.0187  255 255 255
-11.2486 -28.2785 36.6479  255 255 255
8.77402 -28.8876 35.4275  255 255 255
68.7557 -33.6379 12.2267  255 255 255
14.4894 -29.1714 34.6769  255 255 255
10.3241 -29.041 35.2176  255 255 255
-11.1722 -28.6684 36.5345  255 255 255
65.5486 -35.0368 5.67352  255 255 255
13.8765 -29.679 34.7985  255 255 255
65.5471 -35.3725 5.43079  255 255 255
67.8886 -34.3997 12.4337  255 255 255
-23.3999 -30.5101 26.0589  255 255 255
-23.3943 -30.4845 26.0899  255 255 255
-10.7256 -28.9607 37.1646  255 255 255
-5.56459 -29.1111 36.8557  255 255 255
14.4775 -29.9127 34.0214  255 255 255
-11.2324 -29.0325 37.2999  255 255 255
-46.1842 -33.3577 7.15278  255 255 255
-52.3221 -33.2383 8.64637  255 255 255
-10.6905 -29.1652 37.4129  255 255 255
66.6664 -35.9015 5.73675  255 255 255
70.2822 -34.6331 14.4719  255 255 255
66.5746 -36.075 5.43639  255 255 255
-13.0315 -29.4705 36.9757  255 255 255
10.817 -30.1006 36.3736  255 255 255
66.6243 -36.3326 5.28507  255 255 255
69.3598 -35.5068 11.8438  255 255 255
4.76466 -30.035 36.9598  255 255 255
-13.6327 -29.8567 36.4384  255 255 255
9.81159 -30.163 36.7622  255 255 255
-46.6889 -34.2591 9.0967  255 255 255
-46.6889 -34.2591 9.0967  255 255 255
69.4783 -35.7941 12.7  255 255 255
-4.9738 -30.1106 38.0173  255 255 255
-4.9738 -30.1106 38.0173  255 255 255
-12.9083 -30.3768 36.3168  255 255 255
66.701 -37.472 4.91857  255 255 255
3.43657 -30.5915 37.7437  255 255 255
-2.99994 -30.6275 38.3444  255 255 255
-45.925 -35.0912 10.3215  255 255 255
-0.625123 -30.8493 38.5485  255 255 255
5.83958 -31.0776 37.9927  255 255 255
2.2235 -31.2473 38.6258  255 255 255
-1.37323 -31.256 38.9333  255 255 255
2.34977 -31.4761 38.5277  255 255 255
-23.9605 -33.8005 23.1809  255 255 255
11.3827 -32.6906 33.559  255 255 255
2.76123 -31.769 38.2245  255 255 255
-12.3072 -32.1591 34.9752  255 255 255
10.8561 -32.7096 34.081  255 255 255
15.5009 -33.6152 29.8904  255 255 255
-0.9734 -32.1554 38.2652  255 255 255
-13.5616 -32.8394 33.8333  255 255 255
2.12977 -32.4148 37.6476  255 255 255
-9.73602 -33.0579 35.3553  255 255 255
-22.315 -35.0413 23.6942  255 255 255
0.142404 -33.4657 36.8415  255 255 255
5.82199 -33.8669 36.3191  255 255 255
0.216507 -34.2086 36.3255  255 255 255
43.9797 -40.5269 9.87315  255 255 255
47.3849 -40.6225 9.93343  255 255 255
44.4058 -40.615 9.94007  255 255 255
42.0197 -40.9423 10.6164  255 255 255
5.3788 -35.2626 34.8252  255 255 255
-10.8493 -35.9524 32.3252  255 255 255
-69.3197 -39.147 16.9324  255 255 255
10.7914 -37.2962 29.6098  255 255 255
3.99698 -36.543 33.8611  255 255 255
9.94548 -39.2131 29.1049  255 255 255
63.2481 -44.0679 13.8511  255 255 255
9.38408 -39.6068 28.7587  255 255 255
-1.83039 -39.0678 32.2055  255 255 255
61.1057 -44.7024 14.8766  255 255 255
-16.1148 -39.7682 28.5706  255 255 255
-13.7897 -40.0299 28.141  255 255 255
-14.0317 -40.1949 28.0241  255 255 255
1.09959 -40.0472 31.6155  255 255 255
51.7045 -45.2338 15.7626  255 255 255
50.0065 -46.9164 18.5667  255 255 255
60.3901 -47.9163 18.4972  255 255 255
60.3901 -47.9163 18.4972  255 255 255
-5.45083 -43.5838 30.4581  255 255 255
54.784 -49.2334 20.3781  255 255 255
-17.8618 -46.1191 27.3623  255 255 255
29.7585 -49.58 21.0746  255 255 255
-37.3417 -47.9304 24.0717  255 255 255
-34.8869 -47.9441 24.4765  255 255 255
17.1775 -48.5655 25.0155  255 255 255
-5.62274 -47.2436 31.8586  255 255 255
64.9827 -51.6649 23.4828  255 255 255
54.7884 -51.5248 23.3768  255 255 255
30.0656 -51.186 23.0318  255 255 255
56.9376 -51.7991 23.754  255 255 255
58.3499 -51.9019 23.5446  255 255 255
-12.3865 -49.2486 27.7333  255 255 255
29.3265 -51.5342 23.4634  255 255 255
29.3265 -51.5342 23.4634  255 255 255
-30.7791 -49.8132 25.9685  255 255 255
61.8073 -53.1958 25.0992  255 255 255
26.0106 -52.4424 24.82  255 255 255
25.6102 -52.59 24.959  255 255 255
26.0343 -53.2848 25.882  255 255 255
25.5325 -53.3025 26.3615  255 255 255
25.6557 -53.4736 25.944  255 255 255
-27.4615 -52.1678 28.6356  255 255 255
-29.4612 -52.3458 28.9316  255 255 255
56.4355 -55.0344 27.3784  255 255 255
28.9456 -54.267 27.4365  255 255 255
-38.4339 -53.2542 29.8278  255 255 255
-23.8204 -53.3562 29.7587  255 255 255
-37.1052 -53.2768 30.3117  255 255 255
50.5258 -55.5637 28.6967  255 255 255
-33.2919 -53.5476 30.3537  255 255 255
-25.4931 -53.8865 30.2835  255 255 255
23.48 -55.6503 28.6727  255 255 255
50.5527 -56.4187 28.9314  255 255 255
-28.7757 -54.3003 30.9444  255 255 255
23.2205 -55.9661 29.0612  255 255 255
-35.6231 -54.4352 31.2345  255 255 255
48.124 -57.0194 28.7245  255 255 255
-22.9737 -54.7698 31.3484  255 255 255
23.6571 -56.2144 30.2658  255 255 255
31.1094 -57.1006 30.2863  255 255 255
-39.237 -55.2514 32.6381  255 255 255
-27.9928 -55.4986 32.2198  255 255 255
-15.5348 -55.9263 32.1138  255 255 255
32.4097 -57.8455 30.5008  255 255 255
51.1102 -58.3222 31.5442  255 255 255
-28.7833 -56.3426 33.7338  255 255 255
56.6787 -58.8656 32.194  255 255 255
-23.7971 -56.672 33.2934  255 255 255
-49.9837 -56.6166 34.4256  255 255 255
-20.0927 -56.9177 33.2765  255 255 255
17.6134 -58.1309 31.9828  255 255 255
-22.7435 -57.0715 33.7596  255 255 255
-3.68227 -57.7619 33.0168  255 255 255
-19.0566 -57.4283 33.8182  255 255 255
46.0419 -59.7909 32.2319  255 255 255
-7.52139 -57.9061 33.644  255 255 255
17.1003 -58.8241 32.7854  255 255 255
-29.0592 -57.5974 34.3681  255 255 255
15.6526 -58.6389 33.277  255 255 255
-13.7043 -57.8289 33.9196  255 255 255
-7.55633 -58.0972 33.8111  255 255 255
-0.653675 -58.3536 33.6253  255 255 255
-32.8279 -57.5479 35.2392  255 255 255
0.427781 -58.4839 33.4906  255 255 255
-18.4947 -57.8626 34.5083  255 255 255
-3.50235 -58.2092 34.1279  255 255 255
14.4674 -59.0266 33.0844  255 255 255
6.97159 -58.7932 33.4691  255 255 255
-10.4527 -58.2095 34.2647  255 255 255
40.9865 -59.9624 33.8357  255 255 255
35.1241 -59.9443 33.6318  255 255 255
-9.12097 -58.5987 34.6224  255 255 255
-9.11448 -58.6159 34.5792  255 255 255
2.97925 -58.9802 34.8909  255 255 255
23.2509 -59.7551 34.3209  255 255 255
21.3339 -59.6834 34.3984  255 255 255
-9.86109 -58.807 34.9128  255 255 255
-2.04597 -59.1249 34.5044  255 255 255
7.09128 -59.2997 34.5869  255 255 255
7.17169 -59.4872 34.2162  255 255 255
7.17169 -59.4872 34.2162  255 255 255
-14.1593 -58.7839 35.1201  255 255 255
40.3442 -60.7899 33.7492  255 255 255
-1.06541 -59.4112 34.3565  255 255 255
48.5337 -60.7408 34.5467  255 255 255
-14.3764 -58.9791 35.3453  255 255 255
-3.07522 -59.4677 34.848  255 255 255
-14.2193 -59.0286 35.6603  255 255 255
-14.223 -59.1028 35.4747  255 255 255
18.2029 -60.4857 35.4746  255 255 255
-7.22179 -59.763 36.4951  255 255 255
19.7819 -60.9619 35.2896  255 255 255
-7.52007 -60.079 36.2839  255 255 255
41.6933 -62.0263 35.1021  255 255 255
41.6933 -62.0263 35.1021  255 255 255
-78.2948 53.6443 -10.9632  255 255 255
25.8154 75.0002 -74.2195  255 255 255
-72.4289 54.944 -15.2358  255 255 255
-73.0068 54.4437 -14.7552  255 255 255
48.1291 79.3823 -86.7669  255 255 255
-52.7422 58.4312 -27.7168  255 255 255
-52.7561 58.4767 -27.8397  255 255 255
-35.6932 61.7155 -38.1345  255 255 255
62.4267 82.2505 -94.7541  255 255 255
62.5294 82.332 -94.9152  255 255 255
-54.6369 57.9005 -26.2802  255 255 255
-67.3693 55.4885 -18.7184  255 255 255
-68.8068 55.151 -17.8937  255 255 255
-68.6848 54.9425 -17.3086  255 255 255
-0.590827 68.7283 -59.3622  255 255 255
-0.590827 68.7283 -59.3622  255 255 255
28.4713 74.9394 -76.5647  255 255 255
-50.5826 58.5278 -29.4831  255 255 255
-42.7349 59.9651 -34.0735  255 255 255
-76.7368 53.0656 -12.2537  255 255 255
-36.1444 60.9949 -38.378  255 255 255
-36.1023 60.9478 -38.4348  255 255 255
30.3686 74.6866 -77.6996  255 255 255
-64.4077 55.4062 -21.2218  255 255 255
31.0588 74.5584 -78.4952  255 255 255
-70.9566 53.9235 -17.1036  255 255 255
52.0236 78.6987 -90.0536  255 255 255
58.3764 80.0057 -93.7891  255 255 255
61.8022 80.6231 -95.4899  255 255 255
48.8857 77.7809 -88.5123  255 255 255
-41.0993 59.2851 -36.2048  255 255 255
52.4142 48.9346 -12.0831  255 255 255
-31.464 61.0358 -42.026  255 255 255
29.5867 73.365 -77.7166  255 255 255
27.329 73.0932 -77.2681  255 255 255
-65.2866 54.447 -21.1606  255 255 255
59.9788 79.4356 -95.2892  255 255 255
-65.6862 54.376 -21.3061  255 255 255
6.43491 68.3158 -65.0055  255 255 255
-25.4586 61.4722 -45.8752  255 255 255
48.0977 51.231 -20.3448  255 255 255
27.7615 72.3574 -78.0172  255 255 255
26.8374 72.1116 -77.8121  255 255 255
54.9804 46.2265 -7.94742  255 255 255
29.3692 72.1895 -78.8857  255 255 255
23.0817 70.9244 -75.658  255 255 255
27.5659 71.5694 -77.4154  255 255 255
52.1655 48.1439 -13.3423  255 255 255
59.8029 78.2563 -96.4648  255 255 255
-66.2407 53.2732 -21.2876  255 255 255
-65.0019 53.528 -22.2792  255 255 255
29.9206 72.0452 -79.8263  255 255 255
-64.3123 53.6792 -22.9215  255 255 255
-7.30731 64.4279 -57.9539  255 255 255
37.0877 73.4522 -84.1577  255 255 255
-63.9683 53.5681 -23.0734  255 255 255
38.4976 73.3447 -83.9161  255 255 255
38.8769 73.7002 -85.2066  255 255 255
47.8775 50.6295 -21.4531  255 255 255
62.0185 78.2732 -98.2706  255 255 255
68.2826 79.227 -101.046  255 255 255
-65.307 52.7137 -21.2534  255 255 255
-82.22 49.9345 -11.4686  255 255 255
-82.22 49.9345 -11.4686  255 255 255
-7.07483 63.8206 -57.6476  255 255 255
23.0082 70.038 -75.7634  255 255 255
39.4622 73.4139 -85.7501  255 255 255
67.4247 79.0812 -101.383  255 255 255
19.2121 69.3032 -74.2209  255 255 255
52.9735 47.1537 -13.1586  255 255 255
-131.75 76.4118 -80.1482  255 255 255
-52.8143 55.1459 -30.431  255 255 255
-52.7036 54.9224 -29.8114  255 255 255
50.3524 36.0146 17.6007  255 255 255
50.3367 36.0003 17.6152  255 255 255
51.3041 47.805 -15.5481  255 255 255
-4.45075 64.0527 -59.8889  255 255 255
-4.43182 64.039 -59.9092  255 255 255
50.0251 48.3699 -18.3032  255 255 255
50.0378 36.2939 15.2341  255 255 255
50.4224 36.5269 14.663  255 255 255
50.6155 35.841 16.3719  255 255 255
-80.3418 49.4225 -13.3114  255 255 255
67.1491 77.1264 -102.382  255 255 255
65.3752 76.5643 -101.33  255 255 255
11.6387 66.1605 -71.4333  255 255 255
50.9504 35.1794 16.4048  255 255 255
50.9652 35.173 16.3902  255 255 255
11.1589 65.7604 -71.4848  255 255 255
31.8605 61.94 -60.7799  255 255 255
-65.9463 50.996 -23.4055  255 255 255
66.9429 76.1739 -103.045  255 255 255
-15.6667 60.0698 -55.369  255 255 255
-66.0272 50.7286 -23.907  255 255 255
55.3604 43.2833 -9.21449  255 255 255
-82.3066 47.6451 -13.0272  255 255 255
53.1024 32.3691 21.6253  255 255 255
-77.3667 48.2759 -16.7032  255 255 255
63.3448 75.4995 -105.271  255 255 255
-49.7052 52.7406 -35.1034  255 255 255
48.611 71.0254 -94.6388  255 255 255
54.4399 72.3443 -98.5524  255 255 255
-11.3988 59.2056 -59.6556  255 255 255
-11.4039 59.2133 -59.6434  255 255 255
-39.2628 54.1 -42.1834  255 255 255
-35.3352 54.7053 -44.8497  255 255 255
-35.3608 54.7071 -44.8121  255 255 255
50.895 33.427 15.3274  255 255 255
-14.361 58.0535 -57.9205  255 255 255
-14.361 58.0535 -57.9205  255 255 255
-51.0915 51.6345 -35.38  255 255 255
-51.0915 51.6345 -35.38  255 255 255
-74.975 47.5202 -19.8913  255 255 255
-74.3113 47.7111 -20.7166  255 255 255
50.6307 33.2401 14.644  255 255 255
47.1977 69.3523 -95.1002  255 255 255
47.1474 69.2982 -94.9117  255 255 255
-74.5769 47.3352 -20.2995  255 255 255
-115.234 61.8045 -58.7818  255 255 255
-9.47081 58.4235 -61.0948  255 255 255
53.4707 31.2696 19.2327  255 255 255
-107.763 57.2644 -48.8584  255 255 255
53.2651 42.0482 -14.8208  255 255 255
45.0476 67.6015 -94.6232  255 255 255
-113.399 59.8526 -57.5543  255 255 255
52.6019 31.2245 17.1029  255 255 255
55.9254 28.6939 23.8979  255 255 255
-84.1036 44.292 -15.2326  255 255 255
-17.0061 55.4793 -58.4735  255 255 255
-17.0061 55.4793 -58.4735  255 255 255
56.6372 28.163 25.3782  255 255 255
50.434 43.0613 -20.7721  255 255 255
50.1375 43.0559 -21.7165  255 255 255
-51.4801 49.3364 -36.8748  255 255 255
-42.1191 50.8085 -43.0866  255 255 255
-36.0701 51.7596 -46.5554  255 255 255
-63.1285 47.232 -29.5281  255 255 255
-57.2404 48.2861 -33.5971  255 255 255
51.4869 30.9921 14.8953  255 255 255
51.2531 30.891 14.6726  255 255 255
53.3853 29.52 18.1407  255 255 255
55.9529 28.1124 22.6313  255 255 255
-18.4373 53.8954 -58.8337  255 255 255
-18.4463 53.8604 -58.7519  255 255 255
-9.21888 55.0764 -63.7224  255 255 255
-9.21888 55.0764 -63.7224  255 255 255
-101.307 51.3656 -41.4079  255 255 255
-78.1336 44.0187 -20.666  255 255 255
-50.1189 48.1148 -39.0391  255 255 255
48.4032 42.2266 -25.5631  255 255 255
29.7754 61.2267 -89.5058  255 255 255
49.9146 30.6532 11.119  255 255 255
-18.0924 52.7577 -60.0423  255 255 255
52.9345 28.7565 16.4224  255 255 255
52.9345 28.7565 16.4224  255 255 255
56.7875 26.7331 23.5191  255 255 255
52.2235 39.037 -18.1093  255 255 255
22.4882 59.474 -85.7758  255 255 255
19.9096 58.7696 -84.3407  255 255 255
-37.3617 48.7068 -48.2446  255 255 255
59.2285 24.597 28.7875  255 255 255
-11.1761 52.6277 -64.9143  255 255 255
59.8792 23.9013 29.9511  255 255 255
-9.32478 52.7793 -66.3692  255 255 255
59.7641 24.0179 29.383  255 255 255
48.6506 62.4771 -102.347  255 255 255
48.7632 62.5949 -102.597  255 255 255
59.9548 23.5722 29.9879  255 255 255
60.0024 23.597 29.9067  255 255 255
52.8346 37.9192 -18.8893  255 255 255
52.8798 27.7118 15.5106  255 255 255
59.9653 23.4171 28.8844  255 255 255
23.9095 57.1853 -88.2984  255 255 255
60.7607 22.6727 30.8529  255 255 255
-42.9809 45.5401 -46.2542  255 255 255
-29.6114 47.6676 -55.5565  255 255 255
50.3056 28.2049 10.0032  255 255 255
-66.9598 41.8286 -31.2365  255 255 255
50.1267 28.0065 9.53163  255 255 255
50.4624 27.78 10.0504  255 255 255
55.7337 24.8707 20.3309  255 255 255
60.2716 22.2212 28.6226  255 255 255
60.5989 21.9978 29.4198  255 255 255
55.7677 24.5672 20.0552  255 255 255
55.7677 24.5672 20.0552  255 255 255
-103.927 47.5126 -49.4904  255 255 255
-49.6495 43.3511 -42.8024  255 255 255
53.2479 25.796 14.7308  255 255 255
-28.1217 46.6131 -57.8539  255 255 255
18.879 54.0232 -87.8133  255 255 255
56.301 23.9015 20.537  255 255 255
-27.9247 46.2099 -58.1829  255 255 255
-38.0114 44.6885 -51.6241  255 255 255
53.157 25.4523 14.5287  255 255 255
53.6112 25.0967 15.4879  255 255 255
-39.261 44.1345 -50.8849  255 255 255
-59.847 41.2417 -38.5898  255 255 255
-64.2112 40.3758 -35.2801  255 255 255
-64.1991 40.3945 -35.2897  255 255 255
-48.8481 42.4909 -45.3525  255 255 255
61.591 20.4303 30.2133  255 255 255
50.8395 25.8035 9.81243  255 255 255
54.0842 23.9387 16.2129  255 255 255
48.6785 35.6224 -29.2022  255 255 255
49.9692 34.9053 -26.6292  255 255 255
51.9026 33.3909 -22.4529  255 255 255
-58.2291 39.8362 -40.2521  255 255 255
58.464 21.1226 23.6165  255 255 255
-135.953 54.6953 -86.8817  255 255 255
52.567 33.1794 -23.3873  255 255 255
52.567 33.1794 -23.3873  255 255 255
-96.6994 40.9968 -40.7561  255 255 255
47.3377 34.9209 -32.6973  255 255 255
48.6129 25.3858 4.391  255 255 255
-49.0893 39.9815 -47.3043  255 255 255
-49.0578 39.9711 -47.3223  255 255 255
-9.13495 45.4224 -73.2609  255 255 255
-52.8762 39.2925 -44.7574  255 255 255
49.3162 24.8252 5.60098  255 255 255
-65.1227 37.5995 -36.9198  255 255 255
-65.0731 37.5586 -36.8249  255 255 255
-64.3195 37.5103 -36.646  255 255 255
-49.7272 39.2567 -47.1238  255 255 255
51.8407 31.5983 -24.005  255 255 255
-80.911 34.9038 -27.0917  255 255 255
48.6324 24.5155 3.75764  255 255 255
51.4421 23.2375 9.27879  255 255 255
-79.9006 34.6712 -28.23  255 255 255
-26.7808 41.3567 -63.199  255 255 255
51.4835 22.7524 9.48921  255 255 255
-75.5378 35.3535 -31.9215  255 255 255
-79.9403 34.2377 -28.4007  255 255 255
-80.0107 34.2811 -28.5892  255 255 255
-76.2886 34.8152 -31.7141  255 255 255
-74.9388 34.2667 -32.4505  255 255 255
53.3162 29.2887 -22.2162  255 255 255
61.1377 17.3588 27.5319  255 255 255
61.0394 17.3182 27.6144  255 255 255
50.4454 22.1962 6.63505  255 255 255
54.3458 28.4513 -20.24  255 255 255
-33.3436 38.7817 -60.3718  255 255 255
-80.208 33.2002 -29.5289  255 255 255
-28.8249 39.444 -63.6191  255 255 255
50.4511 30.2204 -28.8026  255 255 255
53.8564 28.4537 -21.2647  255 255 255
54.5274 28.0653 -20.1689  255 255 255
-64.5655 33.2315 -34.6405  255 255 255
-64.8287 32.853 -34.1924  255 255 255
54.5236 27.6302 -20.3497  255 255 255
-40.52 37.1004 -56.078  255 255 255
-40.5513 37.1491 -56.2811  255 255 255
-130.317 44.894 -76.413  255 255 255
-34.6505 37.7278 -61.194  255 255 255
-12.0591 40.4527 -75.7961  255 255 255
58.3874 17.4 21.7856  255 255 255
-12.7749 39.7132 -75.888  255 255 255
-83.1416 31.2038 -29.2564  255 255 255
53.2207 19.2894 11.3612  255 255 255
53.2413 19.2937 11.3304  255 255 255
53.2309 19.2969 11.3344  255 255 255
-63.5629 33.0601 -42.0945  255 255 255
-50.5752 34.9342 -53.386  255 255 255
-61.5312 32.946 -43.8647  255 255 255
16.0999 38.4281 -76.8136  255 255 255
-66.6849 32.346 -41.2165  255 255 255
-9.75712 38.0761 -74.8871  255 255 255
58.7477 16.4438 21.608  255 255 255
53.9191 18.471 12.1833  255 255 255
57.1349 17.1629 18.031  255 255 255
59.5331 15.9346 22.9006  255 255 255
59.4676 15.901 22.9947  255 255 255
50.5566 19.7886 4.17417  255 255 255
50.4464 19.7216 4.45187  255 255 255
58.7841 16.0351 21.2589  255 255 255
57.0432 16.7041 18.1495  255 255 255
50.1547 19.6302 4.25103  255 255 255
-33.6577 34.427 -64.4649  255 255 255
-8.13602 35.502 -71.9279  255 255 255
-58.0463 31.7175 -47.7603  255 255 255
49.6001 19.26 2.57585  255 255 255
54.1234 17.2577 12.1895  255 255 255
-77.6643 29.6896 -35.3829  255 255 255
60.3376 14.6823 23.9401  255 255 255
60.2639 14.657 23.9872  255 255 255
52.8045 17.7321 8.95302  255 255 255
60.6515 14.4029 24.7287  255 255 255
60.6515 14.4029 24.7287  255 255 255
47.74 19.4932 -0.879394  255 255 255
60.133 14.5622 22.9444  255 255 255
-74.9174 30.0194 -40.8842  255 255 255
52.4203 17.4719 8.21464  255 255 255
-74.6398 30.0514 -41.4931  255 255 255
-56.1956 31.0184 -50.2727  255 255 255
-47.2959 32.0053 -56.4985  255 255 255
-34.9043 33.3188 -64.7663  255 255 255
57.512 15.1747 18.0997  255 255 255
57.5295 15.1849 18.067  255 255 255
-75.0255 29.6598 -41.4611  255 255 255
48.2608 18.4867 -0.190643  255 255 255
-79.4625 28.008 -35.2848  255 255 255
-84.7371 27.2851 -31.6002  255 255 255
-66.2369 28.9667 -44.281  255 255 255
61.6731 12.8427 26.0167  255 255 255
55.6061 15.194 13.7835  255 255 255
55.6646 15.2044 13.7811  255 255 255
-41.6881 30.9511 -61.5395  255 255 255
-2.01175 31.2516 -67.2526  255 255 255
52.8837 16.1779 7.79969  255 255 255
50.6423 16.5009 3.68247  255 255 255
-39.385 30.2893 -62.2082  255 255 255
-85.3445 25.0668 -31.6631  255 255 255
40.7515 28.8864 -67.7098  255 255 255
46.4924 23.8979 -42.1752  255 255 255
50.2232 15.5191 2.35036  255 255 255
53.1071 14.5605 7.62256  255 255 255
-63.0131 26.399 -46.921  255 255 255
-73.3792 26.3896 -45.0619  255 255 255
-0.280995 27.7735 -63.9838  255 255 255
58.8575 12.1409 19.1124  255 255 255
58.8214 12.1775 19.1613  255 255 255
63.1437 10.4543 27.7585  255 255 255
59.9106 11.9519 18.86  255 255 255
47.2238 22.4772 -40.8945  255 255 255
47.2084 22.5551 -40.8897  255 255 255
-80.4895 24.5446 -37.1899  255 255 255
-44.3462 27.3314 -60.6845  255 255 255
-79.6401 24.2888 -37.4035  255 255 255
59.4276 11.4315 19.8525  255 255 255
59.1719 11.3752 19.5707  255 255 255
-75.3612 25.2245 -46.2297  255 255 255
59.6553 11.1006 19.7363  255 255 255
26.624 25.931 -65.105  255 255 255
-67.5126 24.6666 -46.9171  255 255 255
49.7908 20.5927 -35.8545  255 255 255
-84.5054 23.1409 -35.5361  255 255 255
53.4597 12.855 7.63567  255 255 255
-81.3935 23.1706 -38.7686  255 255 255
48.6803 14.0963 -1.95884  255 255 255
49.1961 14.0293 -1.99945  255 255 255
49.2142 13.984 -1.95607  255 255 255
53.8184 12.2601 7.859  255 255 255
53.7379 12.2095 8.08084  255 255 255
49.0113 13.6756 -2.21142  255 255 255
59.1548 10.1786 18.3689  255 255 255
-1.088 22.828 -58.1182  255 255 255
54.6271 11.3647 9.00289  255 255 255
-38.3228 22.9858 -55.5832  255 255 255
61.1101 8.93522 21.9012  255 255 255
-35.9671 22.4463 -54.5895  255 255 255
59.0038 9.44977 17.9263  255 255 255
62.7627 7.91249 26.0496  255 255 255
62.9944 7.83628 26.5223  255 255 255
53.9029 10.7427 6.81645  255 255 255
63.0326 7.60859 26.3739  255 255 255
51.491 11.3966 2.5035  255 255 255
-18.2738 20.7616 -54.4899  255 255 255
58.9286 8.85593 17.3823  255 255 255
29.0589 20.1893 -57.3312  255 255 255
-85.2494 19.6238 -37.2807  255 255 255
59.1587 8.45049 16.6675  255 255 255
-15.063 19.9917 -53.6787  255 255 255
-82.7398 19.4291 -38.165  255 255 255
-20.2177 19.8779 -53.1616  255 255 255
-6.44641 19.551 -52.6931  255 255 255
50.5511 10.6556 1.28915  255 255 255
-43.7724 19.773 -50.8045  255 255 255
52.8173 15.4146 -31.9124  255 255 255
52.2434 10.111 2.93485  255 255 255
33.8658 18.5981 -56.1768  255 255 255
52.2606 9.68688 3.08326  255 255 255
-18.4323 18.054 -51.3466  255 255 255
64.0375 5.82664 27.0582  255 255 255
-70.091 18.9401 -49.9486  255 255 255
-22.3016 16.8096 -49.1052  255 255 255
-19.1601 16.9024 -50.2889  255 255 255
-13.5122 16.778 -50.2657  255 255 255
-15.2491 16.7286 -50.3185  255 255 255
60.9529 6.1719 20.1566  255 255 255
51.9805 13.4619 -33.0484  255 255 255
54.0887 8.0681 5.78253  255 255 255
57.4709 7.08972 12.9825  255 255 255
57.5251 7.09579 12.9451  255 255 255
56.6976 7.07977 11.1902  255 255 255
56.7005 7.07478 11.1913  255 255 255
-60.7492 16.968 -48.2095  255 255 255
-79.3317 17.2688 -46.3336  255 255 255
48.4364 8.77651 -6.05698  255 255 255
-13.7759 14.3533 -47.6181  255 255 255
51.0357 7.63172 -1.23576  255 255 255
52.0492 7.42306 0.48952  255 255 255
-16.5707 14.2235 -47.5398  255 255 255
-57.3849 13.9886 -44.8022  255 255 255
52.37 6.58201 0.0413198  255 255 255
-18.6817 12.94 -45.4565  255 255 255
55.5163 5.2627 7.03606  255 255 255
-34.3232 12.3308 -44.8036  255 255 255
63.5805 2.81555 23.8477  255 255 255
58.2337 3.97447 13.032  255 255 255
-15.0053 11.218 -44.0717  255 255 255
58.5029 3.57956 12.9796  255 255 255
-15.8672 10.5526 -42.7105  255 255 255
-4.8096 2.59366 22.8872  255 255 255
-1.86464 2.36344 21.6303  255 255 255
-72.1614 10.7876 -40.4492  255 255 255
52.1618 4.17561 -0.894144  255 255 255
52.575 3.86738 -0.199817  255 255 255
50.5228 4.2616 -5.07439  255 255 255
-10.0154 1.83564 21.4416  255 255 255
51.3305 3.62327 -3.05512  255 255 255
56.2262 2.39479 6.82798  255 255 255
56.264 2.40251 6.72949  255 255 255
51.5257 3.24013 -3.15003  255 255 255
59.041 1.65929 11.9211  255 255 255
-54.6616 8.22165 -37.9333  255 255 255
62.9046 0.573257 21.2278  255 255 255
53.5392 2.55907 1.22827  255 255 255
47.8157 3.76995 -11.3642  255 255 255
53.0688 2.63417 0.186119  255 255 255
-25.1425 7.15642 -39.7363  255 255 255
57.6889 1.18863 9.49179  255 255 255
57.7386 0.867015 9.14083  255 255 255
57.1018 0.87235 7.7249  255 255 255
64.7461 -0.774209 24.4028  255 255 255
57.4283 0.807745 7.88235  255 255 255
57.2764 0.760868 8.18836  255 255 255
58.302 0.525209 10.5554  255 255 255
57.8088 0.42803 9.20634  255 255 255
57.8088 0.42803 9.20634  255 255 255
60.8758 -0.0993282 13.9914  255 255 255
60.8831 -0.120995 14.0015  255 255 255
62.863 -0.683141 20.0418  255 255 255
62.863 -0.683141 20.0418  255 255 255
64.5179 -1.08573 23.7434  255 255 255
63.0706 -0.952314 19.3952  255 255 255
62.6962 -0.999106 20.0135  255 255 255
-17.9726 1.22532 3.03557  255 255 255
54.2961 0.33318 1.33561  255 255 255
57.6568 -0.410857 8.40645  255 255 255
62.6481 -1.43108 19.6209  255 255 255
-39.5974 4.10582 -34.0002  255 255 255
63.1857 -1.66779 20.5254  255 255 255
55.6579 -0.361582 4.76093  255 255 255
-18.9582 0.395948 3.98057  255 255 255
62.6518 -1.69486 19.3727  255 255 255
55.6297 -0.450057 3.97683  255 255 255
55.6297 -0.450057 3.97683  255 255 255
0.150477 -1.9444 27.4137  255 255 255
59.6959 -1.19522 12.6393  255 255 255
58.6271 -1.08044 10.1578  255 255 255
63.5913 -2.00643 20.8947  255 255 255
61.9649 -1.78552 17.9923  255 255 255
61.885 -1.77747 17.3406  255 255 255
62.8517 -2.03051 19.3824  255 255 255
62.8516 -2.01549 19.3697  255 255 255
59.9846 -1.54551 13.0049  255 255 255
-105.506 4.88455 -30.7927  255 255 255
59.2557 -1.57072 11.2198  255 255 255
59.2557 -1.57072 11.2198  255 255 255
46.7935 0.561841 -16.2597  255 255 255
62.9638 -2.4106 19.502  255 255 255
60.3965 -2.02066 13.5902  255 255 255
-20.2924 -0.553389 5.38874  255 255 255
56.1547 -1.38741 4.38404  255 255 255
62.5472 -2.5887 18.618  255 255 255
63.3191 -2.81024 18.9168  255 255 255
52.113 -1.13618 -4.47827  255 255 255
62.5542 -2.94692 18.33  255 255 255
59.6415 -2.44809 11.2777  255 255 255
59.526 -2.51622 11.4686  255 255 255
61.2494 -2.78555 11.5607  255 255 255
59.0818 -2.6113 10.1047  255 255 255
59.127 -2.61524 10.0672  255 255 255
-44.7372 1.43635 -31.1975  255 255 255
61.4542 -3.11591 15.1751  255 255 255
62.198 -3.36634 17.7591  255 255 255
59.8312 -3.03401 11.4502  255 255 255
-23.0078 -1.86092 7.00226  255 255 255
62.1862 -3.52442 16.829  255 255 255
54.1401 -2.40544 -0.97871  255 255 255
61.9045 -3.66694 15.773  255 255 255
61.8185 -3.69675 15.903  255 255 255
61.983 -3.82875 17.0373  255 255 255
60.6179 -3.59935 12.8003  255 255 255
60.6147 -3.60044 12.8064  255 255 255
63.1938 -4.0325 18.866  255 255 255
63.1938 -4.0325 18.866  255 255 255
-71.0414 0.689391 -26.5655  255 255 255
-22.7675 -2.62333 7.85395  255 255 255
54.3678 -3.02507 -0.699964  255 255 255
42.0757 -0.968369 -34.4364  255 255 255
54.6291 -3.2058 -0.346388  255 255 255
65.3544 -4.83426 23.4785  255 255 255
60.1912 -4.18615 11.5971  255 255 255
-47.4131 -0.389977 -28.49  255 255 255
54.5397 -3.46291 -0.670357  255 255 255
-10.9179 -4.61745 29.2656  255 255 255
51.3833 -3.10737 -7.89289  255 255 255
63.0605 -4.81068 18.3238  255 255 255
62.4555 -4.87119 16.7642  255 255 255
54.8693 -4.0517 -0.431037  255 255 255
63.1897 -5.22706 18.0648  255 255 255
63.1694 -5.21487 18.0863  255 255 255
-5.56787 -5.42047 32.106  255 255 255
65.3073 -5.55891 22.1019  255 255 255
55.155 -4.33915 0.102283  255 255 255
61.2586 -5.29183 13.3474  255 255 255
54.92 -4.72355 -0.785248  255 255 255
62.5522 -5.83603 15.949  255 255 255
49.7701 -4.48479 -12.6357  255 255 255
-19.6076 -4.97716 15.1015  255 255 255
62.4954 -5.9954 15.6063  255 255 255
-67.2707 -2.16036 -26.1243  255 255 255
47.2511 -4.83622 -17.8699  255 255 255
64.7529 -6.68531 20.7553  255 255 255
-19.7851 -5.51978 15.84  255 255 255
59.3093 -6.26331 8.0939  255 255 255
60.3753 -6.36575 10.808  255 255 255
62.387 -6.89613 14.741  255 255 255
62.316 -6.9133 14.843  255 255 255
5.82709 -7.13871 32.3456  255 255 255
48.0558 -5.89697 -17.2609  255 255 255
55.3465 -6.69681 -0.945848  255 255 255
59.4835 -7.18207 7.70224  255 255 255
64.6818 -8.00253 20.022  255 255 255
57.7102 -7.43283 3.78931  255 255 255
58.9294 -7.54381 6.46319  255 255 255
66.4037 -8.29914 22.9793  255 255 255
-24.6891 -6.80277 13.2549  255 255 255
2.11673 -7.97486 33.9892  255 255 255
60.7227 -7.81974 10.2723  255 255 255
60.7264 -7.82735 10.2839  255 255 255
-17.1574 -7.5889 26.0323  255 255 255
62.6834 -8.07043 13.5332  255 255 255
66.3224 -8.72132 22.8067  255 255 255
-3.66538 -8.32953 34.2883  255 255 255
58.8585 -8.22674 5.33451  255 255 255
-2.20034 -8.39189 34.331  255 255 255
1.83192 -8.61605 34.4224  255 255 255
56.872 -8.42841 1.09248  255 255 255
-46.8226 -6.30363 -23.2984  255 255 255
-70.3674 -5.92555 -22.258  255 255 255
62.8819 -9.01067 14.9191  255 255 255
-14.2885 -8.58367 29.5688  255 255 255
-1.96998 -9.01522 34.7516  255 255 255
-1.97766 -9.01426 34.8401  255 255 255
-8.07064 -9.12102 33.5454  255 255 255
9.26288 -9.37224 31.6616  255 255 255
46.3735 -8.6299 -22.4538  255 255 255
-56.4383 -7.52053 -20.5369  255 255 255
61.6323 -9.89653 11.0808  255 255 255
4.09738 -9.88122 34.3568  255 255 255
48.6559 -9.44254 -18.2438  255 255 255
2.74011 -9.97323 34.5567  255 255 255
46.7152 -9.91399 -23.7678  255 255 255
56.8289 -10.4945 -0.514792  255 255 255
59.4911 -10.661 6.45042  255 255 255
24.1253 -10.3899 12.8397  255 255 255
60.1641 -10.7358 8.23987  255 255 255
58.5277 -10.7578 3.24818  255 255 255
58.7085 -10.7793 3.71552  255 255 255
47.5978 -10.3882 -24.092  255 255 255
47.0654 -10.4406 -22.3617  255 255 255
56.965 -10.9506 -0.436348  255 255 255
59.4803 -11.0356 5.59341  255 255 255
-27.7435 -9.98355 16.8291  255 255 255
59.0016 -11.0316 4.13374  255 255 255
66.2251 -11.3683 20.8813  255 255 255
-13.348 -10.4505 31.1437  255 255 255
-69.2779 -8.95706 -18.3594  255 255 255
58.5795 -11.3303 2.17581  255 255 255
59.0728 -11.4923 4.03131  255 255 255
59.3279 -11.4591 4.69895  255 255 255
64.5102 -11.825 16.7509  255 255 255
66.804 -11.9843 21.8946  255 255 255
58.7402 -11.7616 2.93302  255 255 255
59.7751 -11.8205 5.52771  255 255 255
47.5399 -11.4738 -22.9251  255 255 255
61.1659 -11.8466 8.55996  255 255 255
66.2553 -12.0353 20.8368  255 255 255
57.1281 -11.8474 -0.778773  255 255 255
59.5142 -11.8779 4.81789  255 255 255
64.3526 -12.0329 16.5643  255 255 255
64.3526 -12.0329 16.5643  255 255 255
60.6367 -12.318 7.28331  255 255 255
62.3818 -12.4718 11.7523  255 255 255
-25.9757 -11.3094 18.2525  255 255 255
56.9887 -12.5114 -1.30601  255 255 255
57.0305 -12.5085 -1.41131  255 255 255
59.1619 -12.5319 3.48877  255 255 255
66.6833 -12.7692 21.0434  255 255 255
51.0124 -12.5708 -14.5727  255 255 255
-49.2506 -11.1854 -16.3934  255 255 255
-8.31277 -11.8694 34.4161  255 255 255
60.4567 -12.9222 5.75191  255 255 255
-52.0177 -11.3816 -16.0314  255 255 255
60.0326 -12.9878 4.38285  255 255 255
-54.5986 -11.4982 -15.7366  255 255 255
60.7355 -13.1312 6.86273  255 255 255
60.7271 -13.1292 6.8652  255 255 255
-52.3904 -11.5266 -15.6199  255 255 255
-3.56986 -12.2262 35.5955  255 255 255
63.6507 -13.2275 13.6008  255 255 255
56.0772 -13.4937 -4.14403  255 255 255
-52.2498 -11.9652 -15.2582  255 255 255
-52.2636 -11.957 -15.233  255 255 255
49.2826 -13.5633 -20.3704  255 255 255
58.1877 -13.7758 0.123355  255 255 255
60.7998 -13.9163 7.00498  255 255 255
65.8823 -13.9458 18.619  255 255 255
-18.9337 -12.6848 25.7086  255 255 255
58.4225 -14.125 0.590775  255 255 255
-19.5939 -12.918 24.4722  255 255 255
-48.415 -12.9388 -14.2133  255 255 255
-49.1718 -13.1469 -13.9429  255 255 255
-52.5783 -13.1313 -13.8024  255 255 255
66.2813 -14.506 19.4462  255 255 255
66.3351 -14.4938 19.4022  255 255 255
53.5588 -14.7983 -10.4504  255 255 255
66.1716 -14.5572 18.9943  255 255 255
64.5053 -14.697 15.3769  255 255 255
-20.226 -13.3515 24.9675  255 255 255
58.4906 -14.8231 0.318538  255 255 255
58.3715 -14.8632 0.520821  255 255 255
66.9696 -14.8362 20.4152  255 255 255
1.21187 -13.7671 35.8738  255 255 255
51.6861 -15.3712 -14.962  255 255 255
19.3417 -14.4359 22.3611  255 255 255
60.0493 -15.327 3.73122  255 255 255
-63.3687 -13.8936 -12.378  255 255 255
58.1589 -15.5718 -0.597711  255 255 255
-4.01039 -14.1237 35.7865  255 255 255
58.9172 -15.8796 0.597173  255 255 255
-27.6954 -14.1696 21.6408  255 255 255
-55.469 -14.5391 -12.7983  255 255 255
-21.5852 -14.3067 26.081  255 255 255
58.0509 -16.1891 -1.07271  255 255 255
10.4978 -15.015 32.3954  255 255 255
58.5709 -16.5757 -0.779292  255 255 255
-55.0102 -15.2283 -11.4433  255 255 255
-17.3407 -14.8412 28.3096  255 255 255
-17.3262 -14.856 28.2685  255 255 255
66.5826 -16.4896 18.6694  255 255 255
-6.78929 -15.2503 35.2809  255 255 255
55.4187 -17.4887 -9.42937  255 255 255
-20.229 -15.3525 27.2555  255 255 255
7.23597 -15.8251 34.2344  255 255 255
60.0034 -17.656 1.98821  255 255 255
-3.23755 -15.6334 36.0971  255 255 255
60.5863 -17.7332 3.29067  255 255 255
59.696 -17.8829 1.59137  255 255 255
58.2662 -18.0598 -2.3037  255 255 255
58.2379 -18.0601 -2.2474  255 255 255
61.2504 -17.9331 4.46338  255 255 255
67.0892 -17.6591 19.1834  255 255 255
66.6132 -17.7484 18.4602  255 255 255
66.8785 -17.8522 18.625  255 255 255
66.7874 -17.8427 18.7662  255 255 255
57.4719 -18.761 -4.10407  255 255 255
-18.3069 -16.3403 28.4811  255 255 255
63.5449 -18.334 9.88095  255 255 255
63.5299 -18.3361 9.88615  255 255 255
-40.8768 -17.4882 -9.63308  255 255 255
-40.8711 -17.495 -9.63994  255 255 255
-6.7097 -16.3356 35.4122  255 255 255
26.3469 -17.512 20.6035  255 255 255
59.4023 -19.1193 -0.101549  255 255 255
-65.7291 -17.6516 -9.25693  255 255 255
-57.2411 -17.7349 -8.79691  255 255 255
66.3475 -18.66 16.79  255 255 255
-1.31525 -16.815 36.159  255 255 255
58.3205 -19.6591 -3.41981  255 255 255
61.291 -19.4303 3.63737  255 255 255
63.1991 -19.2617 8.01088  255 255 255
-12.2652 -17.0257 32.8116  255 255 255
-64.326 -18.2064 -7.72377  255 255 255
-27.7838 -17.2408 25.2251  255 255 255
-15.8281 -17.1548 29.9313  255 255 255
-53.1832 -19.1228 -7.09499  255 255 255
67.7584 -19.6834 19.0151  255 255 255
60.4106 -20.6144 0.776545  255 255 255
-26.868 -17.9254 25.9053  255 255 255
-63.5801 -19.1629 -6.55623  255 255 255
-52.7879 -19.7114 -6.45232  255 255 255
-60.2611 -19.6046 -6.53376  255 255 255
-11.8651 -18.171 33.0927  255 255 255
-15.2336 -18.2881 30.5612  255 255 255
58.8036 -21.4228 -3.39725  255 255 255
60.1568 -21.2522 -0.317591  255 255 255
-84.4487 -19.5496 -4.64303  255 255 255
-57.4178 -20.0537 -5.83349  255 255 255
-25.1806 -18.6041 26.6997  255 255 255
-20.0964 -18.5526 29.3829  255 255 255
63.2688 -21.2249 7.00186  255 255 255
63.2276 -21.2045 7.03271  255 255 255
12.1511 -18.9472 31.3672  255 255 255
64.6341 -21.1507 10.8075  255 255 255
-10.2855 -18.7441 33.7387  255 255 255
65.2833 -21.3284 13.3585  255 255 255
-57.7156 -20.6215 -5.33017  255 255 255
-3.97364 -18.9002 35.8827  255 255 255
67.957 -21.259 18.5866  255 255 255
-53.9422 -20.8139 -5.529  255 255 255
-53.9422 -20.8139 -5.529  255 255 255
20.7796 -20.0809 24.4178  255 255 255
59.5979 -22.3948 -2.61737  255 255 255
64.7499 -22.0238 5.96727  255 255 255
12.033 -19.6477 30.5638  255 255 255
63.6998 -21.9837 7.23797  255 255 255
-58.6746 -20.9947 -5.3719  255 255 255
67.5535 -21.528 17.3653  255 255 255
-3.57049 -19.1877 35.8995  255 255 255
59.5801 -22.8566 -2.50667  255 255 255
67.1977 -22.3104 16.2018  255 255 255
-28.6685 -20.4426 21.3753  255 255 255
15.616 -20.6172 29.6568  255 255 255
68.3775 -22.3988 18.7583  255 255 255
-10.1976 -20.4893 33.4748  255 255 255
-56.7289 -22.7793 -3.08943  255 255 255
59.1482 -24.7791 -4.43421  255 255 255
60.3333 -24.6503 -1.94949  255 255 255
-47.6926 -23.1699 -3.3068  255 255 255
60.8415 -24.7489 -1.04091  255 255 255
-3.32369 -20.8209 35.3938  255 255 255
1.26469 -20.94 35.3422  255 255 255
6.16348 -21.2835 33.891  255 255 255
-56.7748 -23.3283 -2.43201  255 255 255
-61.7922 -23.5496 -2.15586  255 255 255
-62.4274 -23.6227 -2.18271  255 255 255
63.7037 -24.9027 7.27163  255 255 255
-1.07956 -21.4898 35.3669  255 255 255
-53.5708 -23.9121 -1.2926  255 255 255
-7.2134 -21.5491 34.5225  255 255 255
22.4103 -22.8335 26.9684  255 255 255
60.4433 -26.0212 -2.66083  255 255 255
-58.3638 -24.2675 -1.11115  255 255 255
7.27968 -22.0922 33.3839  255 255 255
62.7799 -25.8365 2.25827  255 255 255
22.1541 -23.1179 27.482  255 255 255
13.0523 -22.5368 32.1845  255 255 255
13.8539 -22.5856 32.0708  255 255 255
-1.07974 -22.3493 35.0766  255 255 255
11.0697 -22.7732 32.6879  255 255 255
22.1268 -23.4417 27.6187  255 255 255
7.38743 -22.917 33.5373  255 255 255
65.1305 -26.6196 7.33396  255 255 255
-14.0601 -22.6775 34.142  255 255 255
-13.0976 -23.0989 34.7154  255 255 255
-3.77574 -23.6024 35.2416  255 255 255
-43.4422 -26.7664 0.712442  255 255 255
-20.8503 -23.9128 32.1228  255 255 255
-23.9044 -24.1064 32.4026  255 255 255
7.53687 -24.5442 34.8696  255 255 255
60.9746 -29.8257 -3.90314  255 255 255
7.97027 -24.928 35.3477  255 255 255
69.7015 -28.4763 16.6014  255 255 255
-3.20069 -24.9815 36.8451  255 255 255
-3.51319 -25.1657 36.9738  255 255 255
67.464 -29.6138 11.67  255 255 255
-20.2007 -25.3723 33.6157  255 255 255
0.391718 -25.4428 36.6707  255 255 255
64.6668 -30.6077 4.44025  255 255 255
62.789 -31.3891 -0.533923  255 255 255
-17.1053 -25.748 34.1061  255 255 255
-23.2206 -26.2609 29.7423  255 255 255
19.1224 -26.9217 31.3565  255 255 255
66.43 -30.7982 8.21197  255 255 255
-8.99695 -26.0498 35.4155  255 255 255
-13.122 -26.1004 34.4193  255 255 255
63.2213 -31.7992 1.86172  255 255 255
69.1317 -30.0207 17.3113  255 255 255
69.1317 -30.0207 17.3113  255 255 255
67.7376 -31.1862 13.0214  255 255 255
64.8679 -32.2187 6.00483  255 255 255
66.824 -32.0022 8.92582  255 255 255
66.824 -32.0022 8.92582  255 255 255
-16.9667 -27.0126 35.5978  255 255 255
64.6642 -33.107 2.36652  255 255 255
66.1067 -32.6261 6.28873  255 255 255
-9.50091 -27.2265 34.9987  255 255 255
64.7215 -33.0888 2.92342  255 255 255
-4.26514 -27.3835 36.3211  255 255 255
4.40057 -27.6209 35.5749  255 255 255
65.1386 -33.5247 2.57627  255 255 255
64.9627 -33.5146 2.74748  255 255 255
65.2354 -33.5438 2.5165  255 255 255
-7.39967 -27.6777 35.9545  255 255 255
68.331 -32.6122 13.3629  255 255 255
-19.4895 -28.2466 31.9687  255 255 255
4.64358 -28.1599 35.3693  255 255 255
-55.2692 -31.5807 6.72226  255 255 255
14.2285 -28.7299 34.5718  255 255 255
68.887 -33.1004 12.5827  255 255 255
14.2663 -28.9662 34.863  255 255 255
14.2739 -28.9689 34.8085  255 255 255
-18.6559 -28.8388 32.4202  255 255 255
66.2373 -34.3062 8.08185  255 255 255
-19.3619 -29.1538 31.4724  255 255 255
-15.9021 -28.6296 35.679  255 255 255
13.142 -29.2668 35.1722  255 255 255
16.398 -29.5947 35.1766  255 255 255
-10.2692 -28.8972 37.0782  255 255 255
13.57 -29.7075 34.901  255 255 255
65.9041 -35.5559 6.40103  255 255 255
65.9128 -35.7962 4.17011  255 255 255
65.9417 -35.8142 4.21235  255 255 255
-6.97841 -29.206 37.0864  255 255 255
66.803 -36.0016 5.89544  255 255 255
69.9328 -35.1396 12.9425  255 255 255
-2.98161 -29.7038 37.4175  255 255 255
8.37371 -30.0274 36.7007  255 255 255
-3.66589 -29.7011 37.4308  255 255 255
7.71025 -30.1098 36.8454  255 255 255
70.2883 -35.5649 13.5104  255 255 255
9.01547 -30.3812 37.01  255 255 255
-10.1463 -29.9323 38.0759  255 255 255
-12.1438 -30.355 36.6124  255 255 255
-5.55874 -30.2433 38.23  255 255 255
-7.23242 -30.1949 38.4091  255 255 255
-2.49355 -30.3488 38.144  255 255 255
-2.50776 -30.3549 38.0976  255 255 255
-6.6353 -30.9106 38.9295  255 255 255
-53.5914 -35.4545 11.1415  255 255 255
1.07555 -31.5071 38.6557  255 255 255
-1.77605 -31.5221 38.8311  255 255 255
1.5608 -31.9335 38.2723  255 255 255
4.11443 -32.3063 37.5927  255 255 255
-13.1285 -32.6574 34.2201  255 255 255
-11.2453 -32.6945 35.0055  255 255 255
0.601423 -32.6086 37.6426  255 255 255
69.7269 -39.3534 10.4736  255 255 255
-1.41594 -32.5368 38.1826  255 255 255
-20.604 -34.4936 26.9781  255 255 255
-23.8899 -35.33 22.9973  255 255 255
-11.7568 -33.3489 34.0564  255 255 255
60.0486 -41.1972 10.4392  255 255 255
-10.8491 -37.1002 31.4377  255 255 255
-41.9697 -40.7199 16.2309  255 255 255
46.1079 -43.4086 12.4773  255 255 255
15.4919 -39.822 25.5599  255 255 255
15.3772 -39.7304 25.8734  255 255 255
9.67949 -39.5363 29.0028  255 255 255
9.42052 -39.9511 28.8407  255 255 255
63.6112 -44.8013 15.0777  255 255 255
36.6048 -45.0369 15.3141  255 255 255
35.1003 -45.2504 17.4009  255 255 255
1.13461 -41.0886 31.09  255 255 255
1.62106 -41.5931 30.0763  255 255 255
2.98724 -42.2112 29.173  255 255 255
17.7446 -43.8806 26.2009  255 255 255
3.28477 -42.9716 28.5683  255 255 255
56.1548 -47.4653 18.1953  255 255 255
-5.41889 -42.8634 31.0284  255 255 255
53.364 -48.4045 19.2389  255 255 255
67.2189 -49.0935 20.1849  255 255 255
52.8357 -48.8663 19.9025  255 255 255
52.8447 -48.91 19.9314  255 255 255
31.3802 -48.57 19.8902  255 255 255
58.4519 -49.4465 20.8994  255 255 255
60.1091 -49.5239 21.0301  255 255 255
54.1539 -49.5548 20.7429  255 255 255
49.9144 -49.468 21.2184  255 255 255
-47.7397 -47.7085 23.8559  255 255 255
56.4894 -50.3805 21.9726  255 255 255
-47.2228 -47.865 24.873  255 255 255
51.7257 -50.4614 22.0261  255 255 255
14.4505 -48.8635 25.0622  255 255 255
-13.6857 -47.631 28.1335  255 255 255
51.1472 -51.0122 22.6832  255 255 255
30.7102 -51.032 22.7397  255 255 255
-11.2605 -48.7752 27.7943  255 255 255
49.035 -51.7247 23.5855  255 255 255
-1.21921 -48.9446 29.82  255 255 255
0.512337 -50.0581 28.8204  255 255 255
-29.9422 -50.6543 27.1747  255 255 255
43.0123 -52.76 25.3547  255 255 255
41.8626 -53.2578 24.5543  255 255 255
62.0856 -53.5926 25.6386  255 255 255
42.7097 -53.5615 24.7272  255 255 255
54.6759 -53.575 25.7523  255 255 255
23.5186 -53.3261 25.8287  255 255 255
23.49 -53.2961 25.8835  255 255 255
-29.0563 -52.1452 28.7249  255 255 255
-36.2484 -52.143 28.937  255 255 255
-29.7001 -52.4689 29.0415  255 255 255
-24.5372 -53.1965 29.551  255 255 255
-22.8302 -53.4585 30.0825  255 255 255
34.8386 -56.2631 28.4848  255 255 255
48.3726 -56.5154 29.0644  255 255 255
55.8654 -56.7191 29.2432  255 255 255
47.685 -56.9591 28.5999  255 255 255
30.4486 -56.3926 29.1479  255 255 255
60.2169 -57.0877 30.0514  255 255 255
-21.967 -54.83 31.28  255 255 255
50.1187 -57.1546 30.221  255 255 255
50.1187 -57.1546 30.221  255 255 255
-32.5232 -54.9255 32.1047  255 255 255
-17.4254 -55.385 31.7361  255 255 255
-26.2292 -55.8558 32.6991  255 255 255
32.0238 -58.1868 30.5008  255 255 255
51.215 -58.4906 31.8024  255 255 255
-39.0169 -56.4689 33.4236  255 255 255
-21.2045 -56.5808 33.0169  255 255 255
-38.5335 -56.436 33.9086  255 255 255
-35.0791 -56.528 33.7642  255 255 255
-19.0407 -56.8556 32.9928  255 255 255
20.7119 -58.0902 31.8592  255 255 255
-22.2975 -57.2685 33.7983  255 255 255
-8.78545 -57.8018 33.5737  255 255 255
49.1547 -59.5382 33.1553  255 255 255
-8.49312 -57.9492 33.5042  255 255 255
36.0048 -59.7209 33.1509  255 255 255
-6.55227 -58.0521 33.8514  255 255 255
-1.41283 -58.1811 34.373  255 255 255
-15.2374 -58.0541 34.3951  255 255 255
-0.0118576 -58.5297 33.6956  255 255 255
4.57406 -58.6316 34.0051  255 255 255
40.1486 -59.8774 33.7492  255 255 255
-8.5696 -58.191 34.986  255 255 255
-1.9086 -58.611 34.3547  255 255 255
-13.8536 -58.1877 35.3084  255 255 255
-13.8616 -58.4133 34.7379  255 255 255
7.08923 -59.1524 33.8941  255 255 255
7.10125 -59.1723 33.8191  255 255 255
46.3758 -60.1979 34.2727  255 255 255
3.54228 -59.1121 34.0291  255 255 255
-6.02252 -58.8361 34.7147  255 255 255
2.37772 -59.0149 34.8431  255 255 255
1.52721 -59.3651 34.1822  255 255 255
-9.37703 -58.9845 34.9478  255 255 255
49.8943 -60.8375 34.7289  255 255 255
-16.6714 -58.7879 35.9606  255 255 255
-16.6714 -58.7879 35.9606  255 255 255
29.857 -60.3372 34.7414  255 255 255
41.1664 -60.9726 35.0647  255 255 255
31.1196 -60.8407 35.4429  255 255 255
48.6216 -61.3697 35.4533  255 255 255
48.6216 -61.3697 35.4533  255 255 255
-17.2133 -59.6891 36.3635  255 255 255
-17.2143 -59.7038 36.3295  255 255 255
-15.8666 -59.7167 36.3594  255 255 255
-15.8542 -59.5166 36.8335  255 255 255
43.5025 -61.8869 34.912  255 255 255
22.7527 -60.9401 35.822  255 255 255
47.5375 -61.6709 35.8067  255 255 255
-5.2005 -60.1279 36.2726  255 255 255
-15.9711 -59.9167 36.6144  255 255 255
48.5701 79.9178 -86.5883  255 255 255
-75.6357 54.3031 -13.683  255 255 255
1.28178 69.4172 -59.8606  255 255 255
1.33318 69.5127 -60.0866  255 255 255
57.8279 81.4182 -91.9838  255 255 255
0.0123681 69.0451 -59.1952  255 255 255
-65.5168 55.7953 -19.5991  255 255 255
33.2626 75.9005 -79.5458  255 255 255
-3.30331 67.9703 -57.6223  255 255 255
-152.993 91.5845 -106.437  255 255 255
-10.0562 65.9285 -54.8325  255 255 255
51.9804 49.3488 -12.053  255 255 255
50.9488 78.5094 -90.0219  255 255 255
-53.0737 57.4743 -29.6279  255 255 255
67.6523 81.6917 -99.0686  255 255 255
12.4097 69.7437 -68.2111  255 255 255
63.5395 80.4213 -97.2746  255 255 255
52.1645 48.8169 -12.9625  255 255 255
-15.8916 63.8551 -51.9895  255 255 255
-15.9049 63.787 -52.0249  255 255 255
-17.071 63.3481 -51.0055  255 255 255
59.4191 79.0061 -95.5389  255 255 255
67.5166 80.5448 -99.7811  255 255 255
-55.8959 55.9392 -27.9577  255 255 255
53.365 47.379 -11.4005  255 255 255
58.3868 77.7646 -95.8884  255 255 255
27.0898 71.2074 -78.3375  255 255 255
57.231 77.437 -95.4752  255 255 255
54.4105 46.2422 -8.9868  255 255 255
55.8625 76.8656 -94.7428  255 255 255
-65.7967 52.2155 -20.214  255 255 255
-1.69452 65.0154 -61.338  255 255 255
54.8674 45.5064 -8.12262  255 255 255
22.0547 69.8076 -75.6188  255 255 255
48.8217 49.6484 -20.0611  255 255 255
49.3054 37.2634 14.1086  255 255 255
27.5949 70.2498 -79.5177  255 255 255
55.7724 75.7772 -95.523  255 255 255
-88.5469 51.1215 -17.6627  255 255 255
49.4963 36.4972 14.193  255 255 255
-4.37635 63.0552 -61.0297  255 255 255
51.0341 35.435 15.4888  255 255 255
-52.7367 53.7975 -32.2961  255 255 255
-36.3918 55.9839 -41.1221  255 255 255
-36.3577 56.5039 -42.4552  255 255 255
-26.1004 58.2559 -48.5396  255 255 255
-27.3056 57.9074 -48.2674  255 255 255
63.8414 75.3194 -103.95  255 255 255
-66.3176 50.4559 -24.1802  255 255 255
53.4366 32.1228 20.3435  255 255 255
52.5855 43.9812 -14.6927  255 255 255
12.8862 63.9324 -74.0197  255 255 255
-14.6905 58.4275 -57.4105  255 255 255
-116.315 63.0799 -59.934  255 255 255
-15.5335 57.7872 -57.6325  255 255 255
-15.5525 57.7889 -57.5997  255 255 255
-24.4967 55.7862 -52.2579  255 255 255
-14.9608 57.4943 -58.0353  255 255 255
-55.6521 50.4632 -33.3384  255 255 255
54.4263 41.3186 -11.8149  255 255 255
62.4775 74.426 -114.743  255 255 255
-5.74201 58.4949 -64.5941  255 255 255
53.5856 30.8126 19.2996  255 255 255
-20.9463 55.5168 -55.481  255 255 255
-2.53122 58.7686 -66.9178  255 255 255
56.0826 28.737 24.2777  255 255 255
-5.35371 57.7622 -65.6554  255 255 255
55.2508 39.9226 -10.9104  255 255 255
-19.4675 55.0627 -56.8914  255 255 255
-19.4642 55.0742 -56.8864  255 255 255
51.1449 31.536 14.1485  255 255 255
56.3929 28.3003 24.2261  255 255 255
53.6952 29.9812 18.8342  255 255 255
20.1844 61.5285 -80.926  255 255 255
32.7883 63.6662 -88.4693  255 255 255
57.1058 27.6108 25.2799  255 255 255
-10.8884 55.7982 -63.1643  255 255 255
-17.9259 54.5013 -59.0863  255 255 255
49.7671 66.5175 -99.2266  255 255 255
56.7316 27.8408 24.2764  255 255 255
57.5415 26.6254 27.9563  255 255 255
57.3718 26.8954 26.1898  255 255 255
57.7369 26.2947 28.2664  255 255 255
57.7369 26.2947 28.2664  255 255 255
55.8155 28.1759 21.8583  255 255 255
57.9749 26.2031 26.7217  255 255 255
53.1866 39.5302 -17.159  255 255 255
58.145 25.9484 27.209  255 255 255
-65.765 45.3164 -29.7704  255 255 255
58.8694 24.9379 29.6835  255 255 255
42.4598 63.2049 -96.9818  255 255 255
56.2658 26.9678 22.2964  255 255 255
59.1037 24.445 30.3329  255 255 255
56.6746 26.6069 23.2428  255 255 255
59.0126 24.9402 28.3796  255 255 255
50.0005 30.2647 10.7117  255 255 255
59.2818 24.4514 29.4814  255 255 255
-79.0958 42.4965 -21.7015  255 255 255
57.2444 25.7188 23.5104  255 255 255
50.007 39.8001 -24.5574  255 255 255
59.1985 24.3477 27.729  255 255 255
49.1937 39.8722 -25.0998  255 255 255
49.263 39.9037 -25.195  255 255 255
49.1807 39.8623 -25.086  255 255 255
-115.561 55.6326 -65.3499  255 255 255
60.5379 22.9647 31.1741  255 255 255
-11.2839 51.7279 -67.26  255 255 255
-52.0955 45.1177 -40.2924  255 255 255
60.5222 22.8172 30.7383  255 255 255
60.7691 22.6416 31.5342  255 255 255
-53.3869 44.1624 -38.6919  255 255 255
51.2178 37.7345 -22.5444  255 255 255
60.3166 22.7495 29.5779  255 255 255
61.3869 21.7469 32.0191  255 255 255
47.8429 39.0595 -29.4642  255 255 255
-11.8378 50.0217 -66.6295  255 255 255
53.0866 26.2416 15.4939  255 255 255
-63.1553 42.1397 -34.5569  255 255 255
49.4542 37.5766 -26.1938  255 255 255
49.44 37.5663 -26.1592  255 255 255
-27.5637 47.06 -57.3908  255 255 255
-32.3934 46.4954 -55.2425  255 255 255
50.0117 37.1067 -25.9773  255 255 255
50.005 27.6109 8.35911  255 255 255
49.7618 27.4958 8.75865  255 255 255
-41.2979 44.62 -49.2783  255 255 255
47.0858 38.3122 -31.2104  255 255 255
51.7177 35.7634 -22.1431  255 255 255
49.9362 27.0608 8.90024  255 255 255
-43.1652 44.1073 -48.5239  255 255 255
50.1143 27.1724 7.51675  255 255 255
18.9323 53.135 -88.5081  255 255 255
50.4069 26.3755 9.42271  255 255 255
54.0526 24.4954 16.2756  255 255 255
52.3221 25.1847 12.8309  255 255 255
3.14436 49.7441 -79.6731  255 255 255
-73.6546 38.3515 -30.832  255 255 255
-74.4368 37.9361 -29.9912  255 255 255
53.0987 23.9849 13.4989  255 255 255
-55.9609 40.5086 -43.8914  255 255 255
61.7236 19.3311 30.2592  255 255 255
-78.326 35.7042 -25.1564  255 255 255
51.083 32.6856 -25.1391  255 255 255
-10.0291 44.986 -73.3274  255 255 255
-47.982 39.4875 -48.3323  255 255 255
51.5197 32.0996 -24.6112  255 255 255
57.7679 20.4575 22.0221  255 255 255
58.7097 19.9544 23.7269  255 255 255
-81.8963 34.8976 -26.4601  255 255 255
-81.9033 34.9108 -26.4845  255 255 255
52.8488 22.4653 12.0887  255 255 255
-7.95442 44.4217 -75.5843  255 255 255
57.4786 47.4112 -89.4041  255 255 255
-22.6134 39.9073 -57.6659  255 255 255
-11.4352 43.4735 -73.7718  255 255 255
52.5507 30.5461 -22.9425  255 255 255
-79.1582 34.5319 -28.6644  255 255 255
-79.1614 34.5111 -28.5417  255 255 255
-129.448 49.0717 -80.3926  255 255 255
-8.35004 43.7851 -76.4425  255 255 255
-41.3549 39.0489 -54.0214  255 255 255
53.0771 29.9437 -22.2189  255 255 255
52.4669 21.9908 10.7832  255 255 255
47.742 32.7521 -34.1741  255 255 255
49.5006 23.1685 5.28536  255 255 255
49.4582 23.1517 5.33786  255 255 255
51.7333 30.3282 -26.4971  255 255 255
-10.303 42.6293 -75.3472  255 255 255
53.5832 29.1925 -21.4842  255 255 255
-8.33434 42.5046 -76.862  255 255 255
-12.9148 41.7914 -74.2554  255 255 255
53.5212 20.7193 12.7842  255 255 255
55.5593 19.662 16.4721  255 255 255
58.5769 18.1626 22.2336  255 255 255
58.5666 18.1376 22.2304  255 255 255
-12.4788 41.138 -74.9094  255 255 255
-42.5438 36.7664 -54.6774  255 255 255
-41.1866 36.9069 -55.7393  255 255 255
-41.1222 36.7828 -55.2901  255 255 255
-125.391 43.9655 -74.9147  255 255 255
-64.902 33.6985 -40.4032  255 255 255
-36.2792 37.1114 -60.5306  255 255 255
-36.299 37.1023 -60.5103  255 255 255
-58.9348 34.0165 -44.4492  255 255 255
-42.4864 35.6339 -55.8991  255 255 255
-69.5252 31.327 -36.3111  255 255 255
48.4177 21.0366 1.15751  255 255 255
-65.7519 32.3932 -41.2788  255 255 255
-30.6617 35.6475 -65.5116  255 255 255
-53.9603 32.9117 -49.8801  255 255 255
60.0804 15.273 23.9769  255 255 255
-82.632 29.6616 -30.3254  255 255 255
-83.5612 29.5077 -30.5396  255 255 255
50.2517 19.2226 4.52568  255 255 255
50.2493 19.2218 4.53007  255 255 255
49.9192 19.307 4.02296  255 255 255
60.6893 14.6295 25.0057  255 255 255
-69.8675 30.6302 -40.3065  255 255 255
-2.08527 35.4489 -73.0122  255 255 255
50.6165 18.8852 4.21006  255 255 255
-64.4053 30.9301 -44.0608  255 255 255
53.3111 17.5302 10.1094  255 255 255
53.3675 17.5551 10.0414  255 255 255
-41.7966 33.1235 -59.2903  255 255 255
49.4127 19.0631 2.30761  255 255 255
51.6255 35.1688 -75.6117  255 255 255
-78.809 29.0561 -34.6765  255 255 255
60.4017 14.2943 23.5094  255 255 255
48.2928 26.4865 -36.2455  255 255 255
-73.0641 29.8734 -42.6135  255 255 255
51.142 17.5585 5.3898  255 255 255
-39.7773 31.7042 -61.0431  255 255 255
48.7588 24.6052 -34.9565  255 255 255
53.0782 23.1174 -27.8641  255 255 255
53.1316 23.1556 -28.0194  255 255 255
58.8889 13.3548 20.7376  255 255 255
-12.1573 30.6004 -66.1713  255 255 255
-85.6702 26.0556 -31.992  255 255 255
-0.779657 30.1394 -66.4543  255 255 255
58.2895 13.2678 18.2584  255 255 255
-73.8805 27.4746 -45.7761  255 255 255
51.2991 15.5856 4.8696  255 255 255
48.4393 22.9839 -36.9465  255 255 255
-3.04933 27.6718 -63.4296  255 255 255
-64.8659 26.1622 -47.3215  255 255 255
60.6598 11.2093 23.8322  255 255 255
62.8787 10.4514 27.4518  255 255 255
53.7378 19.9876 -27.1656  255 255 255
-82.6334 24.0959 -35.4678  255 255 255
52.8547 20.1591 -28.6987  255 255 255
52.9846 20.2102 -28.8669  255 255 255
63.1692 10.0337 27.9004  255 255 255
-65.536 25.4043 -48.0604  255 255 255
-83.3547 23.9139 -37.7431  255 255 255
50.0596 14.19 0.996634  255 255 255
58.4794 11.1818 17.9959  255 255 255
51.6069 19.7479 -31.3921  255 255 255
-65.7389 24.6145 -47.9419  255 255 255
-65.4194 24.6914 -49.1733  255 255 255
19.8801 25.063 -62.5931  255 255 255
59.1222 10.8223 19.1199  255 255 255
-81.0514 22.487 -38.7583  255 255 255
54.4324 11.7036 8.41504  255 255 255
54.0201 11.6211 7.96494  255 255 255
0.179126 22.5698 -57.1183  255 255 255
51.6172 12.1291 4.1121  255 255 255
51.7737 12.1856 3.76289  255 255 255
51.813 12.2099 3.71751  255 255 255
-1.63001 22.3604 -57.6137  255 255 255
50.5064 12.5472 0.0489066  255 255 255
-37.8269 22.2145 -54.4262  255 255 255
48.9422 12.7374 -2.90457  255 255 255
48.9132 12.6884 -2.66731  255 255 255
-70.2594 22.0551 -47.5396  255 255 255
58.5688 9.45697 17.1461  255 255 255
-81.1783 20.8205 -38.2966  255 255 255
52.0763 11.1112 3.25314  255 255 255
-79.0133 20.2584 -39.9896  255 255 255
58.5411 8.96014 16.6163  255 255 255
19.4591 20.4667 -57.1074  255 255 255
-40.8255 20.2124 -52.3309  255 255 255
-78.4712 19.3531 -39.2995  255 255 255
-79.2922 19.83 -41.8853  255 255 255
-69.4615 20.7139 -50.8836  255 255 255
-4.03029 19.4602 -54.4599  255 255 255
-16.4247 18.9511 -52.7745  255 255 255
-16.4465 18.9498 -52.8529  255 255 255
-35.3753 18.2462 -50.2741  255 255 255
63.7404 5.68815 26.7767  255 255 255
-12.0025 15.4612 -49.0983  255 255 255
-13.1386 15.1092 -48.6175  255 255 255
-5.18627 14.5754 -48.493  255 255 255
53.3483 7.20673 3.70966  255 255 255
-17.5733 14.4554 -48.0934  255 255 255
53.5602 6.54995 3.7173  255 255 255
-14.5307 13.4463 -46.6915  255 255 255
-14.507 13.4237 -46.6475  255 255 255
-15.1899 13.2361 -46.311  255 255 255
50.5225 6.46515 -3.18454  255 255 255
50.5204 6.46937 -3.18413  255 255 255
52.2453 5.63002 0.267415  255 255 255
0.83033 3.21007 21.4483  255 255 255
51.1165 5.58623 -2.24137  255 255 255
64.2471 1.85085 24.9564  255 255 255
52.3188 4.43233 -0.351283  255 255 255
62.5595 1.70974 22.085  255 255 255
-54.7598 9.71552 -39.9767  255 255 255
57.3495 2.54103 10.4727  255 255 255
-18.6771 8.70917 -40.7623  255 255 255
-18.6783 8.72822 -40.9525  255 255 255
57.6089 2.01931 11.2447  255 255 255
-24.0052 7.9275 -39.6735  255 255 255
-26.2144 7.80041 -39.1467  255 255 255
5.66828 0.686862 22.8642  255 255 255
42.4872 6.938 -43.3132  255 255 255
46.8741 3.95057 -13.8546  255 255 255
62.463 0.560107 20.1342  255 255 255
62.4516 0.559988 20.1516  255 255 255
-42.5843 7.24987 -37.6506  255 255 255
65.1272 -0.375196 25.6117  255 255 255
62.6851 0.0923222 20.4319  255 255 255
58.5315 0.834138 12.5768  255 255 255
-26.7873 6.6383 -38.3798  255 255 255
-26.7362 6.55335 -37.8021  255 255 255
57.4337 0.993738 8.91288  255 255 255
55.4757 1.17618 4.73619  255 255 255
54.0423 1.3201 1.42273  255 255 255
6.40772 -0.419243 23.0719  255 255 255
-35.1962 5.89751 -38.0644  255 255 255
-27.3244 5.53049 -36.7263  255 255 255
-28.256 5.15535 -35.8731  255 255 255
57.4006 0.0522904 8.17658  255 255 255
58.8419 -0.232358 11.2199  255 255 255
-27.401 4.75168 -35.8859  255 255 255
-27.4412 4.75701 -35.8214  255 255 255
-40.3959 4.96233 -35.4338  255 255 255
57.2753 -0.154677 7.39187  255 255 255
-48.1113 4.5024 -34.1898  255 255 255
63.4316 -1.63788 20.8444  255 255 255
57.8887 -0.665967 8.63687  255 255 255
62.2931 -1.53709 18.2431  255 255 255
55.141 -0.247024 3.2396  255 255 255
59.4219 -1.12916 12.2053  255 255 255
-39.2991 3.58465 -33.7389  255 255 255
-11.4169 -1.87743 26.4874  255 255 255
-11.4224 -1.77095 25.8958  255 255 255
58.0448 -1.0936 8.47193  255 255 255
-27.5548 3.28234 -34.0534  255 255 255
-27.5565 3.29698 -34.0883  255 255 255
59.4978 -1.51044 11.712  255 255 255
-10.4435 -2.09472 27.5303  255 255 255
60.2822 -1.66377 13.4253  255 255 255
-71.814 4.01422 -33.5363  255 255 255
58.6806 -1.55721 10.3585  255 255 255
62.0398 -2.06679 15.9162  255 255 255
56.3155 -1.33393 4.9345  255 255 255
58.3009 -1.74981 8.80157  255 255 255
58.3009 -1.74981 8.80157  255 255 255
59.4371 -2.04002 11.35  255 255 255
-39.4882 2.37367 -31.8945  255 255 255
-40.5129 2.31022 -32.085  255 255 255
-12.7958 -2.79708 26.7053  255 255 255
60.6183 -2.73281 12.0145  255 255 255
60.152 -2.72922 12.7579  255 255 255
58.2471 -2.46656 8.32006  255 255 255
58.2419 -2.47522 8.3175  255 255 255
64.9216 -3.58937 22.9667  255 255 255
61.0817 -3.05645 14.7737  255 255 255
-71.4853 2.18669 -30.6665  255 255 255
60.1933 -3.06595 12.3265  255 255 255
62.3821 -3.62168 17.7761  255 255 255
62.3821 -3.62168 17.7761  255 255 255
60.0449 -3.24871 11.8744  255 255 255
60.0449 -3.24871 11.8744  255 255 255
-46.9745 0.985529 -30.6531  255 255 255
57.2233 -2.81445 5.69481  255 255 255
-40.5702 0.79561 -30.0137  255 255 255
59.8395 -3.42994 11.331  255 255 255
65.4811 -4.43323 23.8937  255 255 255
57.5296 -3.31787 6.42505  255 255 255
63.5926 -4.2961 19.4105  255 255 255
64.1586 -4.314 20.3949  255 255 255
63.0702 -4.24423 18.1253  255 255 255
60.8907 -4.03959 13.4718  255 255 255
-14.8073 -4.0852 26.2541  255 255 255
53.5825 -3.0532 -2.56481  255 255 255
62.5756 -4.41108 17.0541  255 255 255
53.4456 -3.49011 -2.92379  255 255 255
53.4658 -3.4831 -2.97582  255 255 255
61.5067 -4.58459 14.3139  255 255 255
61.4685 -4.62335 14.3678  255 255 255
62.2201 -4.79717 16.0818  255 255 255
-5.59304 -5.04962 31.3366  255 255 255
11.3852 -5.22262 27.9477  255 255 255
60.7814 -4.78695 12.4841  255 255 255
61.0723 -4.88523 13.4138  255 255 255
62.2258 -5.12102 15.4241  255 255 255
58.5732 -4.60331 7.545  255 255 255
65.7353 -5.76663 23.2345  255 255 255
61.852 -5.39866 14.8571  255 255 255
-12.6023 -5.72457 29.1323  255 255 255
55.6275 -5.07142 -0.0200489  255 255 255
60.7294 -5.66088 11.7507  255 255 255
64.5132 -6.21016 19.878  255 255 255
63.8536 -6.28692 20.9919  255 255 255
58.574 -5.69073 8.10041  255 255 255
62.398 -6.22905 15.0433  255 255 255
62.398 -6.22905 15.0433  255 255 255
59.6007 -6.05248 9.32867  255 255 255
-13.0652 -6.26357 29.2772  255 255 255
-17.1807 -6.18127 24.9828  255 255 255
60.324 -6.66026 10.6709  255 255 255
60.3169 -6.65823 10.681  255 255 255
47.6333 -5.45432 -17.3546  255 255 255
47.8173 -5.4641 -17.6562  255 255 255
-44.3469 -3.8935 -25.0259  255 255 255
61.7618 -7.02958 12.9292  255 255 255
61.7618 -7.02958 12.9292  255 255 255
47.2938 -5.85617 -18.8264  255 255 255
54.2221 -6.55493 -3.92008  255 255 255
61.7541 -7.74901 12.7213  255 255 255
61.7334 -7.75045 12.7412  255 255 255
-15.053 -7.40503 28.2401  255 255 255
-14.3774 -7.54195 28.7808  255 255 255
-12.7627 -7.69882 30.3363  255 255 255
-66.6178 -5.04534 -22.8717  255 255 255
66.365 -9.07079 22.7227  255 255 255
50.5171 -7.91219 -13.3486  255 255 255
61.5152 -8.78822 12.5305  255 255 255
-0.489553 -8.7728 34.5599  255 255 255
-66.2751 -6.1319 -21.514  255 255 255
62.114 -9.0234 12.4726  255 255 255
63.3301 -9.27758 15.7862  255 255 255
46.1315 -8.23235 -23.8103  255 255 255
62.352 -9.56689 12.9964  255 255 255
63.3916 -9.82299 15.615  255 255 255
63.088 -9.87475 14.7432  255 255 255
-27.1172 -8.83331 15.3019  255 255 255
-15.7105 -9.31772 28.6794  255 255 255
59.3081 -9.88308 5.8075  255 255 255
-69.1243 -7.53473 -20.2296  255 255 255
51.1645 -9.64408 -13.3671  255 255 255
59.0855 -10.0938 5.13482  255 255 255
65.0334 -10.3725 18.5255  255 255 255
47.212 -9.51983 -22.0557  255 255 255
-67.5832 -7.85232 -18.9169  255 255 255
-19.1951 -9.47828 24.0381  255 255 255
4.74079 -10.0715 34.058  255 255 255
63.1689 -10.6593 14.1595  255 255 255
63.6224 -10.8426 16.1144  255 255 255
66.0266 -11.0685 20.9124  255 255 255
66.0559 -11.0645 20.9124  255 255 255
57.7002 -10.8245 1.05662  255 255 255
61.8222 -10.9287 10.7855  255 255 255
63.2516 -11.0583 14.9618  255 255 255
-83.6902 -8.53379 -17.0329  255 255 255
-84.0394 -8.53789 -17.9672  255 255 255
45.8963 -10.5731 -24.1564  255 255 255
58.5607 -11.1544 3.01407  255 255 255
64.4785 -11.4044 17.3987  255 255 255
-29.3707 -10.2293 16.4522  255 255 255
59.8568 -11.3711 6.25663  255 255 255
52.8322 -11.2628 -10.1331  255 255 255
52.8322 -11.2628 -10.1331  255 255 255
-21.7786 -10.6192 21.8569  255 255 255
6.72539 -11.2824 33.7438  255 255 255
64.7723 -11.9721 17.1673  255 255 255
47.8095 -11.9158 -22.37  255 255 255
-111.271 -9.53311 -14.6586  255 255 255
64.4235 -12.4116 16.263  255 255 255
-1.52952 -11.6229 35.6418  255 255 255
-1.53195 -11.6148 35.6452  255 255 255
65.6935 -12.6031 19.2113  255 255 255
65.1175 -12.5545 17.7814  255 255 255
50.8606 -12.5546 -15.5396  255 255 255
64.6849 -12.795 16.6992  255 255 255
52.5369 -12.9126 -11.432  255 255 255
57.6161 -13.0331 -0.592682  255 255 255
6.31469 -12.5177 34.2155  255 255 255
60.4248 -13.6444 5.73987  255 255 255
-22.3945 -12.5393 24.0178  255 255 255
56.3533 -13.9543 -4.22828  255 255 255
65.5888 -13.9814 18.2286  255 255 255
56.1134 -14.4037 -5.40927  255 255 255
57.4008 -14.3618 -1.74925  255 255 255
57.4679 -14.3541 -1.83275  255 255 255
66.6029 -14.5614 20.1636  255 255 255
49.9304 -14.9466 -18.4123  255 255 255
49.9304 -14.9466 -18.4123  255 255 255
57.5738 -14.7516 -1.77065  255 255 255
-53.3749 -13.2951 -13.7145  255 255 255
58.3524 -15.2134 -0.458684  255 255 255
58.3523 -15.2127 -0.451196  255 255 255
55.7417 -15.3441 -6.34867  255 255 255
-7.90449 -13.7731 35.2663  255 255 255
67.1316 -15.1194 20.7666  255 255 255
-11.4619 -13.8683 33.1517  255 255 255
66.9022 -15.2094 20.3128  255 255 255
53.4271 -15.7895 -12.0572  255 255 255
60.311 -15.8013 4.65356  255 255 255
66.7964 -15.4823 19.9014  255 255 255
-75.4497 -14.0101 -12.6613  255 255 255
66.5812 -15.6071 18.9408  255 255 255
-76.1252 -14.1693 -13.0758  255 255 255
-8.07587 -14.285 34.8439  255 255 255
-20.4899 -14.3608 26.2934  255 255 255
59.6169 -16.2056 2.35411  255 255 255
59.6506 -16.1994 2.37035  255 255 255
66.8966 -15.9305 20.6675  255 255 255
53.8295 -16.354 -11.5387  255 255 255
51.0082 -16.8663 -17.6027  255 255 255
-41.6889 -15.3612 -12.2397  255 255 255
6.75318 -15.1311 34.5408  255 255 255
-13.9218 -15.0082 31.7358  255 255 255
-55.3762 -15.6865 -10.8455  255 255 255
60.5801 -17.2996 3.4347  255 255 255
51.8336 -18.1121 -16.3257  255 255 255
-53.4846 -16.3673 -10.4222  255 255 255
11.3846 -15.9971 32.1408  255 255 255
-16.4344 -16.0263 29.3717  255 255 255
58.8772 -18.4859 -1.42773  255 255 255
60.3752 -18.3564 2.42806  255 255 255
60.3752 -18.3564 2.42806  255 255 255
59.1082 -18.6037 -0.633514  255 255 255
0.62314 -16.3032 36.2333  255 255 255
-53.5635 -17.3379 -8.6456  255 255 255
-53.6793 -17.3412 -9.11557  255 255 255
58.0056 -18.771 -3.81599  255 255 255
-21.5455 -16.7413 27.1233  255 255 255
-64.4398 -17.7422 -8.15821  255 255 255
-10.0925 -16.8956 34.1673  255 255 255
-23.9605 -17.3168 25.2361  255 255 255
-49.0919 -18.9182 -7.59704  255 255 255
-23.568 -17.7082 25.5432  255 255 255
-63.7291 -18.746 -7.24978  255 255 255
11.4571 -18.0064 31.1776  255 255 255
60.1369 -20.9605 0.212444  255 255 255
61.5864 -20.903 3.65203  255 255 255
1.59901 -18.2024 35.8967  255 255 255
-60.0489 -20.4741 -5.58078  255 255 255
61.1364 -22.363 1.08861  255 255 255
67.3911 -21.5723 18.3416  255 255 255
-3.24894 -19.3149 35.8752  255 255 255
-61.2001 -21.4265 -4.42219  255 255 255
7.20589 -19.7923 34.1834  255 255 255
-2.17443 -19.5738 35.7434  255 255 255
-18.3609 -19.6497 31.6913  255 255 255
7.63036 -19.9846 33.8842  255 255 255
60.5749 -23.5399 -0.917014  255 255 255
60.5772 -23.5342 -0.929951  255 255 255
-6.47808 -20.4917 34.9961  255 255 255
21.968 -21.7232 25.7902  255 255 255
-8.79722 -20.6894 34.1924  255 255 255
-8.80175 -20.687 34.242  255 255 255
-14.4921 -20.853 33.004  255 255 255
-14.4921 -20.853 33.004  255 255 255
60.5138 -24.8863 -1.43864  255 255 255
45.2894 -25.5033 -7.28945  255 255 255
-14.3458 -21.2089 33.471  255 255 255
62.9105 -25.1206 3.23897  255 255 255
62.4276 -25.3784 2.97171  255 255 255
62.4431 -25.3764 2.93861  255 255 255
60.5835 -25.7625 -0.720717  255 255 255
47.6199 -26.2911 -6.25284  255 255 255
-19.3288 -22.0542 30.4139  255 255 255
44.6327 -26.4416 -6.56736  255 255 255
11.6589 -22.8751 32.9356  255 255 255
58.4723 -27.4119 -6.26042  255 255 255
-18.4982 -22.8006 31.1193  255 255 255
62.347 -27.1617 2.06191  255 255 255
-45.9987 -25.8602 -0.0567756  255 255 255
-6.81639 -23.1606 34.7229  255 255 255
45.254 -28.1975 -4.20102  255 255 255
45.2506 -28.1829 -4.23033  255 255 255
-20.6437 -23.8377 32.0879  255 255 255
45.7224 -28.8729 -3.674  255 255 255
45.7224 -28.8729 -3.674  255 255 255
64.3421 -28.4357 4.55993  255 255 255
64.643 -28.4445 4.29755  255 255 255
-6.65766 -24.3163 36.345  255 255 255
-22.0562 -25.0466 31.9336  255 255 255
9.20672 -25.2338 34.3238  255 255 255
67.3477 -29.1782 11.7908  255 255 255
-12.9773 -25.5851 34.1243  255 255 255
-12.9773 -25.5851 34.1243  255 255 255
-18.8228 -25.859 34.225  255 255 255
-23.5318 -26.6342 29.197  255 255 255
68.222 -30.7317 12.2206  255 255 255
69.3584 -30.4851 16.0235  255 255 255
16.2377 -27.3191 32.8434  255 255 255
17.3382 -27.3717 33.0564  255 255 255
-11.5729 -26.7266 34.9716  255 255 255
-13.5501 -26.9179 35.3226  255 255 255
-9.93749 -27.1057 35.0988  255 255 255
55.0234 -33.4495 1.1265  255 255 255
10.0621 -28.0892 34.447  255 255 255
67.8685 -32.7566 10.5632  255 255 255
67.346 -32.6494 11.464  255 255 255
-13.6379 -27.6063 35.7376  255 255 255
69.7951 -32.8797 14.5368  255 255 255
69.1932 -32.6743 16.3728  255 255 255
-9.13478 -28.4671 36.5296  255 255 255
-19.0227 -29.535 31.5321  255 255 255
12.4837 -29.4126 35.4907  255 255 255
4.22341 -29.2779 36.2312  255 255 255
-15.4924 -29.2239 37.8205  255 255 255
-5.44721 -29.7663 37.6691  255 255 255
-5.46147 -29.7565 37.7056  255 255 255
53.3262 -36.7796 5.12948  255 255 255
-58.6306 -34.5184 9.58944  255 255 255
-44.8057 -34.7182 9.16527  255 255 255
8.17236 -30.6534 37.4783  255 255 255
-43.8089 -35.0104 9.9126  255 255 255
-9.44857 -31.218 37.2062  255 255 255
6.7705 -31.3807 38.4475  255 255 255
6.77409 -31.3929 38.4216  255 255 255
-58.4124 -35.5734 11.0613  255 255 255
-43.3556 -35.6835 10.6119  255 255 255
-45.0881 -35.965 10.6077  255 255 255
-1.02331 -31.5611 38.7  255 255 255
43.2776 -38.2009 7.44531  255 255 255
-10.9342 -32.5335 35.3097  255 255 255
-19.6988 -34.2506 27.7177  255 255 255
0.437899 -33.5714 36.8506  255 255 255
15.15 -35.9909 27.8731  255 255 255
-40.6477 -38.1714 13.7129  255 255 255
-19.7626 -35.7838 26.8697  255 255 255
49.0482 -40.6889 9.4116  255 255 255
11.3764 -36.7749 29.7922  255 255 255
3.79755 -36.1877 34.3847  255 255 255
-35.8795 -39.7257 16.6926  255 255 255
60.7861 -42.8682 12.5019  255 255 255
1.0536 -39.0492 32.5821  255 255 255
1.47613 -39.3192 32.1835  255 255 255
1.45234 -39.3015 32.322  255 255 255
0.884392 -39.7707 31.9263  255 255 255
0.867674 -39.7221 32.1178  255 255 255
-15.6163 -40.5023 28.4507  255 255 255
4.81051 -40.4716 30.3074  255 255 255
4.96455 -41.6295 29.403  255 255 255
-7.23963 -41.67 29.4834  255 255 255
53.5391 -49.1529 20.2002  255 255 255
-13.5733 -44.446 31.0118  255 255 255
31.803 -49.0079 20.2683  255 255 255
30.12 -49.3871 20.9215  255 255 255
30.0139 -49.284 21.2161  255 255 255
30.5951 -49.4553 20.8088  255 255 255
43.7716 -50.2349 21.4542  255 255 255
-35.0158 -48.382 24.6611  255 255 255
-14.0297 -47.8895 28.005  255 255 255
42.4873 -51.1644 21.9253  255 255 255
26.9289 -50.6389 22.4094  255 255 255
58.1288 -51.4778 22.8876  255 255 255
-24.7321 -49.0889 26.61  255 255 255
36.6915 -51.6311 22.8371  255 255 255
28.6905 -51.7043 23.7423  255 255 255
43.7822 -52.2406 23.9431  255 255 255
-5.19562 -49.8484 29.4997  255 255 255
60.8928 -53.3148 25.6885  255 255 255
25.8647 -52.7389 26.2187  255 255 255
53.586 -53.6572 26.1188  255 255 255
35.2702 -56.3451 28.5017  255 255 255
25.4538 -56.1774 29.1633  255 255 255
-27.1261 -54.6972 31.3178  255 255 255
20.7788 -56.7131 30.1543  255 255 255
-2.52999 -56.5819 31.6609  255 255 255
-38.0082 -56.3718 33.1784  255 255 255
-12.1571 -57.0972 33.4222  255 255 255
48.4834 -59.0892 32.5284  255 255 255
-11.1266 -57.4579 33.2818  255 255 255
-18.1259 -57.4384 34.0134  255 255 255
-10.6368 -57.9444 33.9007  255 255 255
-76.7705 -57.7736 35.9499  255 255 255
29.2505 -59.5085 33.2995  255 255 255
-13.6771 -58.2063 34.4159  255 255 255
35.227 -59.9632 34.2618  255 255 255
-13.8407 -58.6683 35.0124  255 255 255
-4.84431 -59.7349 36.127  255 255 255
19.3405 -60.5337 35.4893  255 255 255
-35.6789 -59.3854 36.9609  255 255 255
-8.42351 -59.8567 35.9182  255 255 255
-8.40049 -59.8006 36.0396  255 255 255
53.247 49.8335 -9.58735  255 255 255
-51.1588 58.5937 -28.863  255 255 255
-41.6179 60.1549 -34.3937  255 255 255
50.0485 79.2748 -88.632  255 255 255
-65.6925 55.4849 -20.4407  255 255 255
-65.6786 55.3603 -20.2193  255 255 255
1.13093 68.5058 -60.6571  255 255 255
54.0289 48.4687 -8.7923  255 255 255
40.5489 76.534 -85.0657  255 255 255
-79.0122 51.9488 -11.451  255 255 255
-79.2863 52.342 -12.6338  255 255 255
-60.72 55.3956 -24.1095  255 255 255
-33.6563 60.1985 -40.8671  255 255 255
-10.2754 64.9667 -55.7028  255 255 255
24.1131 72.0658 -76.3523  255 255 255
24.1131 72.0658 -76.3523  255 255 255
-69.5531 53.3462 -19.1076  255 255 255
56.7532 78.211 -94.2134  255 255 255
-54.7613 55.6089 -28.3558  255 255 255
62.0217 78.9492 -97.44  255 255 255
52.6167 47.4888 -12.4055  255 255 255
-64.7181 52.8342 -21.916  255 255 255
-76.9406 50.5981 -14.8404  255 255 255
29.2732 71.1575 -80.4511  255 255 255
49.2023 49.0028 -19.0218  255 255 255
20.435 69.3063 -74.8531  255 255 255
55.3037 44.8269 -7.1972  255 255 255
-51.09 55.0117 -32.2604  255 255 255
-51.1157 55.0179 -32.335  255 255 255
20.3014 68.151 -75.932  255 255 255
-65.9021 51.8928 -23.354  255 255 255
-27.1133 58.8116 -47.6198  255 255 255
-27.0931 58.8116 -47.6444  255 255 255
51.0627 35.2628 17.1886  255 255 255
49.365 36.2708 13.6018  255 255 255
27.0358 68.4161 -78.0975  255 255 255
51.5261 34.5975 17.7761  255 255 255
24.76 68.1696 -79.5039  255 255 255
-52.878 52.8935 -32.9469  255 255 255
-52.8658 52.7471 -32.4802  255 255 255
-65.0949 50.5187 -25.3174  255 255 255
-51.0008 52.7064 -34.3518  255 255 255
-50.9765 52.6974 -34.384  255 255 255
-66.0257 50.0106 -24.5656  255 255 255
-39.8582 54.5278 -41.7949  255 255 255
-9.27481 59.174 -60.5004  255 255 255
54.8595 30.2661 24.7303  255 255 255
-53.1468 51.1887 -33.9612  255 255 255
66.4008 73.2976 -105.497  255 255 255
-12.6146 58.0806 -59.2523  255 255 255
51.6616 43.4241 -17.0967  255 255 255
52.596 32.0442 17.5645  255 255 255
53.8982 30.9044 20.725  255 255 255
3.79757 60.8697 -69.6965  255 255 255
67.0173 72.2543 -107.117  255 255 255
-114.999 60.689 -58.6326  255 255 255
-7.36422 57.8826 -63.6029  255 255 255
54.9896 30.0501 21.2469  255 255 255
-117.893 61.6637 -63.5113  255 255 255
50.6718 32.1893 13.2221  255 255 255
-10.1446 56.564 -62.5687  255 255 255
-10.1936 56.3337 -61.6258  255 255 255
-20.7941 54.5554 -57.0178  255 255 255
5.09676 58.3601 -70.4636  255 255 255
57.4476 26.6392 28.8947  255 255 255
-51.818 49.2154 -37.6394  255 255 255
-16.7715 54.9071 -59.4588  255 255 255
-16.7302 54.9127 -59.4796  255 255 255
18.3072 61.2224 -81.0985  255 255 255
48.8815 42.9152 -23.728  255 255 255
48.9781 43.0512 -24.0204  255 255 255
52.4362 30.3558 16.6428  255 255 255
50.6768 41.8801 -21.2667  255 255 255
50.6768 41.8801 -21.2667  255 255 255
-26.2922 52.6446 -53.5149  255 255 255
-20.2287 53.6326 -57.946  255 255 255
57.2231 27.1118 25.4829  255 255 255
-78.5283 43.9587 -20.2828  255 255 255
25.9962 61.402 -86.4424  255 255 255
-57.4658 47.0872 -34.2516  255 255 255
-57.4658 47.0872 -34.2516  255 255 255
19.4755 60.2055 -82.5815  255 255 255
-11.1578 54.6505 -63.7769  255 255 255
-25.7674 51.8912 -54.852  255 255 255
-64.6868 45.4356 -29.7222  255 255 255
-37.7392 49.7063 -47.2844  255 255 255
-27.0484 51.3485 -54.1707  255 255 255
-27.0431 51.3668 -54.1965  255 255 255
-27.0335 51.4032 -54.4316  255 255 255
-76.1479 42.9781 -21.063  255 255 255
-25.084 51.0715 -56.2571  255 255 255
-10.567 53.3662 -65.1442  255 255 255
-42.7465 47.908 -44.7167  255 255 255
-76.1466 42.8003 -23.4256  255 255 255
57.4957 25.8214 24.6573  255 255 255
48.5711 40.784 -26.0226  255 255 255
-19.644 49.4188 -55.0268  255 255 255
-10.6354 52.1627 -66.4472  255 255 255
57.8602 24.9958 25.0716  255 255 255
59.9257 23.5855 29.3454  255 255 255
60.5031 22.6863 32.3683  255 255 255
-122.733 59.0851 -77.1892  255 255 255
48.9627 39.2396 -26.2582  255 255 255
48.9976 39.2883 -26.3262  255 255 255
50.6139 38.3431 -23.1148  255 255 255
-12.6507 50.9446 -65.8693  255 255 255
-10.8083 51.1804 -66.8202  255 255 255
-53.8302 43.9755 -40.4106  255 255 255
-40.0782 45.9414 -49.1247  255 255 255
-40.6362 45.2211 -49.495  255 255 255
-43.3347 44.6698 -47.5189  255 255 255
-53.8042 42.2529 -41.4073  255 255 255
-65.4353 40.3893 -34.1377  255 255 255
-43.4533 43.3578 -48.6546  255 255 255
-68.2115 39.5618 -31.7409  255 255 255
-46.1876 42.7566 -47.2091  255 255 255
-28.8862 45.4198 -58.4903  255 255 255
-63.2051 40.1151 -36.092  255 255 255
-63.2051 40.1151 -36.092  255 255 255
-44.8941 42.4551 -47.2274  255 255 255
-44.8108 42.7477 -47.6387  255 255 255
-58.8288 40.64 -39.2103  255 255 255
52.1499 24.7495 12.2799  255 255 255
-51.3926 40.5794 -43.297  255 255 255
-45.8675 40.8472 -48.9436  255 255 255
49.2594 25.2992 5.85786  255 255 255
48.8475 25.2815 5.34106  255 255 255
-27.3514 42.7725 -61.9119  255 255 255
-53.9992 38.7353 -44.6721  255 255 255
-53.9182 38.6785 -44.5896  255 255 255
-54.4018 38.0901 -45.1524  255 255 255
-54.4066 38.0622 -45.072  255 255 255
-10.0395 43.934 -74.4335  255 255 255
-9.97449 44.0075 -74.7253  255 255 255
-80.5028 34.5065 -27.2369  255 255 255
-55.6704 37.6048 -44.4102  255 255 255
51.901 30.6971 -24.5611  255 255 255
-74.2931 34.8239 -32.2295  255 255 255
-74.2483 34.8151 -32.1484  255 255 255
52.8315 29.1271 -22.6081  255 255 255
-43.2094 37.3578 -54.4095  255 255 255
53.566 28.4661 -22.1276  255 255 255
53.0235 20.2147 11.4511  255 255 255
54.1261 27.604 -21.1217  255 255 255
53.1915 27.9564 -23.2451  255 255 255
-71.4497 32.5252 -34.5634  255 255 255
49.3063 29.3665 -31.8993  255 255 255
61.0339 16.1576 26.7506  255 255 255
-124.097 43.6012 -76.035  255 255 255
53.7578 26.9275 -22.6427  255 255 255
53.7638 26.9377 -22.6763  255 255 255
52.7599 19.4303 10.4042  255 255 255
-83.0762 30.3819 -29.0876  255 255 255
-83.1601 30.4027 -29.2927  255 255 255
-66.8782 32.1865 -40.7242  255 255 255
-60.9312 32.7657 -44.5692  255 255 255
58.4399 16.5471 21.2092  255 255 255
-82.3031 30.3335 -30.5429  255 255 255
60.5675 15.2684 24.9764  255 255 255
60.5318 15.2529 25.0418  255 255 255
61.9066 14.5361 27.8271  255 255 255
43.6358 35.0618 -74.8021  255 255 255
-60.0316 30.5988 -46.8339  255 255 255
-38.269 32.3421 -62.9103  255 255 255
-82.4274 27.5004 -32.0862  255 255 255
-77.6743 28.072 -36.4765  255 255 255
-74.5124 28.6341 -43.2532  255 255 255
-73.1984 28.5475 -43.048  255 255 255
-114.536 34.0566 -65.46  255 255 255
50.3868 16.3055 3.18645  255 255 255
50.3917 16.3085 3.1723  255 255 255
53.4199 14.9515 9.73403  255 255 255
58.8135 12.8639 20.005  255 255 255
50.5172 15.6952 3.03126  255 255 255
59.3896 12.5777 20.0543  255 255 255
-8.64181 28.5227 -64.0832  255 255 255
62.6538 11.0188 27.0045  255 255 255
62.8693 10.9025 27.4746  255 255 255
-0.879271 26.9294 -62.8396  255 255 255
55.1669 13.1276 11.8836  255 255 255
-3.45546 26.8007 -62.7838  255 255 255
49.9395 14.829 0.956693  255 255 255
-85.2411 23.3986 -35.0637  255 255 255
-1.18168 25.2178 -60.9878  255 255 255
-48.1227 25.8478 -58.7978  255 255 255
49.0224 14.2581 -1.30237  255 255 255
-1.71852 24.1307 -58.8033  255 255 255
-0.501625 24.4222 -59.8055  255 255 255
-0.535768 24.4099 -59.6969  255 255 255
58.6514 10.67 18.1631  255 255 255
-41.831 24.8849 -58.2621  255 255 255
-13.7292 23.7086 -58.1821  255 255 255
-13.7767 23.7609 -58.327  255 255 255
0.324438 23.6617 -59.3262  255 255 255
-16.856 23.6781 -57.783  255 255 255
-109.117 25.5894 -54.7265  255 255 255
-81.622 21.7109 -38.8058  255 255 255
30.577 21.7791 -58.7995  255 255 255
-38.6487 21.8122 -53.707  255 255 255
-84.4748 19.8493 -37.6427  255 255 255
-107.38 22.8972 -52.1508  255 255 255
63.2736 7.28809 25.9173  255 255 255
-83.5882 19.4139 -37.4371  255 255 255
53.2257 10.3115 4.7302  255 255 255
63.9367 6.60139 27.3833  255 255 255
-14.0079 19.3407 -53.087  255 255 255
20.0234 18.9957 -55.1987  255 255 255
-85.3077 18.3556 -38.9503  255 255 255
62.9358 6.06019 25.0018  255 255 255
63.4594 5.88247 26.0801  255 255 255
-22.6623 17.9452 -52.5964  255 255 255
63.1385 5.91424 25.5258  255 255 255
63.2055 5.91882 25.428  255 255 255
63.0665 5.4776 25.134  255 255 255
63.7016 5.37069 25.9082  255 255 255
63.4691 5.15759 25.0362  255 255 255
63.4691 5.15759 25.0362  255 255 255
-58.6209 16.1079 -46.1899  255 255 255
47.6022 8.43599 -6.89709  255 255 255
51.7269 7.71201 -0.473282  255 255 255
57.598 5.96103 12.3831  255 255 255
62.6916 4.39758 23.609  255 255 255
63.1932 4.10292 24.4116  255 255 255
-14.6133 12.542 -45.5459  255 255 255
51.2128 6.17343 -2.01968  255 255 255
51.4924 5.68704 -1.57748  255 255 255
58.1504 3.58692 12.0003  255 255 255
51.4928 4.6639 -2.0983  255 255 255
-19.7968 9.6735 -41.8373  255 255 255
58.377 2.943 12.2414  255 255 255
58.3823 2.93949 12.2512  255 255 255
-4.10882 1.88579 22.3553  255 255 255
62.9533 1.12584 21.8118  255 255 255
62.943 1.12179 21.8301  255 255 255
-54.5375 8.84238 -38.4046  255 255 255
56.5239 2.49767 7.53491  255 255 255
56.4947 2.46459 7.5647  255 255 255
-43.8719 7.67959 -38.105  255 255 255
58.0937 1.33695 12.1853  255 255 255
-26.1822 7.11058 -38.4685  255 255 255
-84.1257 7.9729 -34.761  255 255 255
-47.188 6.97789 -36.7651  255 255 255
51.7325 2.70768 -3.9914  255 255 255
-44.3507 6.64999 -39.3407  255 255 255
-40.2873 5.6575 -34.9166  255 255 255
-46.4578 5.53031 -35.6635  255 255 255
63.5959 -0.980252 21.4738  255 255 255
53.7777 0.407865 0.158588  255 255 255
-118.184 6.22955 -30.9197  255 255 255
-14.2916 -1.34144 23.3247  255 255 255
56.3675 -0.612304 4.60278  255 255 255
-32.0158 3.32582 -34.2871  255 255 255
57.5565 -1.04965 7.63802  255 255 255
57.5775 -1.04745 7.60131  255 255 255
-69.5363 4.02912 -32.4756  255 255 255
-50.4265 3.3489 -32.2738  255 255 255
57.8954 -1.42139 7.98745  255 255 255
59.0513 -1.79937 10.6919  255 255 255
59.0649 -1.79662 10.6647  255 255 255
61.0613 -2.53948 16.3678  255 255 255
58.505 -2.37933 9.01937  255 255 255
60.1611 -2.50126 12.7276  255 255 255
59.8428 -2.70143 11.8249  255 255 255
-18.2638 -2.01034 12.469  255 255 255
57.7046 -3.17625 7.02378  255 255 255
57.7046 -3.17625 7.02378  255 255 255
-19.2728 -2.84222 12.8836  255 255 255
63.7929 -4.41814 19.8956  255 255 255
63.7943 -4.40907 19.8862  255 255 255
63.7943 -4.40907 19.8862  255 255 255
58.4788 -3.92248 8.68055  255 255 255
58.0033 -3.97115 6.93383  255 255 255
60.8813 -4.4336 12.8826  255 255 255
60.8786 -4.43375 12.8913  255 255 255
-7.68844 -4.98369 31.2945  255 255 255
54.3521 -3.91632 -2.64052  255 255 255
-19.2278 -3.87596 13.4095  255 255 255
51.2918 -3.72185 -8.42438  255 255 255
51.5134 -3.71478 -8.98679  255 255 255
60.5302 -4.96658 11.771  255 255 255
61.7341 -5.17157 14.4478  255 255 255
62.8761 -5.34066 17.1992  255 255 255
10.84 -5.88573 28.7334  255 255 255
62.1913 -5.94277 14.414  255 255 255
58.5703 -5.68575 6.40238  255 255 255
-46.1318 -2.75395 -26.3896  255 255 255
60.5299 -5.97 11.2214  255 255 255
60.5386 -5.96913 11.2059  255 255 255
-46.0397 -3.42633 -25.9294  255 255 255
49.4188 -5.45395 -14.0331  255 255 255
60.1212 -6.67863 9.9033  255 255 255
61.9668 -6.91498 13.5614  255 255 255
49.9909 -6.06296 -13.4477  255 255 255
-43.1468 -4.32189 -24.6429  255 255 255
-4.50829 -7.38045 33.8213  255 255 255
57.0939 -7.09053 2.7086  255 255 255
60.5553 -7.35295 10.7049  255 255 255
48.8924 -6.45694 -16.7441  255 255 255
57.4386 -7.58395 3.18627  255 255 255
57.4508 -7.59035 3.1783  255 255 255
-8.52809 -8.41176 33.1918  255 255 255
-46.3129 -6.98434 -21.4095  255 255 255
56.9572 -9.09887 1.22571  255 255 255
57.0686 -9.06405 0.984164  255 255 255
-68.8833 -6.80312 -20.402  255 255 255
58.9942 -9.37215 5.05495  255 255 255
-1.87908 -9.43606 35.0794  255 255 255
58.4006 -9.87026 3.45456  255 255 255
0.378837 -9.8143 35.222  255 255 255
64.1915 -10.2711 16.9054  255 255 255
-64.5425 -7.75316 -19.2515  255 255 255
57.6133 -10.0633 1.63153  255 255 255
59.4805 -10.5803 5.46318  255 255 255
64.3248 -11.5231 16.7508  255 255 255
57.2543 -11.3904 -0.406662  255 255 255
64.9615 -11.7662 18.7452  255 255 255
60.5004 -11.7892 7.78962  255 255 255
56.8662 -11.8899 -1.54505  255 255 255
48.1257 -12.0599 -21.2341  255 255 255
61.2986 -12.5297 8.66647  255 255 255
61.2986 -12.5297 8.66647  255 255 255
-103.384 -10.0175 -13.6978  255 255 255
-47.2656 -10.9752 -16.6809  255 255 255
-16.7119 -11.6712 28.2599  255 255 255
5.61854 -12.1106 34.4628  255 255 255
59.3078 -13.1616 3.49782  255 255 255
64.9438 -13.1615 17.1314  255 255 255
61.5079 -13.3391 8.71317  255 255 255
42.1905 -13.3973 -18.9525  255 255 255
50.8589 -13.8368 -15.408  255 255 255
53.9565 -13.8893 -9.40993  255 255 255
59.0788 -13.8649 2.49722  255 255 255
59.0788 -13.8649 2.49722  255 255 255
11.1057 -12.926 32.1199  255 255 255
61.6361 -13.9906 8.26054  255 255 255
-52.2859 -12.6188 -14.7942  255 255 255
60.1449 -14.1478 4.60212  255 255 255
-58.3005 -12.6013 -14.1477  255 255 255
-60.0297 -12.9117 -13.6968  255 255 255
-19.0548 -13.1029 25.7009  255 255 255
-50.2141 -13.2545 -13.8049  255 255 255
12.69 -13.6541 30.5106  255 255 255
59.6561 -14.6996 3.35954  255 255 255
59.6561 -14.6996 3.35954  255 255 255
65.9258 -14.5189 18.5385  255 255 255
65.9667 -14.5215 18.4745  255 255 255
56.5233 -14.7806 -4.29072  255 255 255
56.5427 -14.7806 -4.30583  255 255 255
61.798 -14.6634 7.98901  255 255 255
61.7953 -14.6557 7.98605  255 255 255
61.8137 -14.6539 7.95082  255 255 255
-59.3322 -13.3283 -13.2715  255 255 255
47.1612 -15.0222 -18.7343  255 255 255
-60.3028 -13.5912 -13.4548  255 255 255
57.0602 -15.1711 -3.10209  255 255 255
56.9223 -15.1791 -2.84214  255 255 255
-64.6163 -13.6129 -13.2049  255 255 255
66.1595 -15.1175 18.2971  255 255 255
-57.3854 -14.0616 -12.8747  255 255 255
52.2699 -16.0919 -13.936  255 255 255
-49.8998 -15.1477 -12.0088  255 255 255
56.0909 -16.5712 -5.67034  255 255 255
67.3664 -16.2056 20.4742  255 255 255
-50.3459 -15.5455 -11.9735  255 255 255
54.6004 -17.4228 -9.77509  255 255 255
54.3612 -17.4014 -9.28354  255 255 255
60.8206 -17.1549 4.25529  255 255 255
62.1636 -17.1193 7.28767  255 255 255
55.9959 -17.4164 -7.07602  255 255 255
-67.5193 -15.8654 -10.4338  255 255 255
59.5585 -17.6163 0.444365  255 255 255
60.959 -18.3449 3.63007  255 255 255
60.951 -18.3384 3.62802  255 255 255
60.9731 -18.3308 3.60792  255 255 255
58.4553 -18.5549 -2.12459  255 255 255
3.4972 -16.366 35.334  255 255 255
17.8605 -17.2235 26.0216  255 255 255
11.2056 -17.1972 31.5014  255 255 255
-52.6938 -18.2489 -8.11861  255 255 255
-52.7134 -18.2561 -8.17686  255 255 255
-15.3111 -17.0267 30.6152  255 255 255
-59.5876 -18.2701 -7.63249  255 255 255
-26.7564 -17.4024 25.673  255 255 255
-16.8659 -17.5461 29.6193  255 255 255
4.94206 -17.6396 35.2558  255 255 255
-58.4468 -18.858 -6.96425  255 255 255
-52.3143 -18.8534 -7.32095  255 255 255
61.4347 -20.3474 3.67165  255 255 255
61.5105 -20.3415 3.51664  255 255 255
-60.2398 -19.1134 -6.99138  255 255 255
11.8062 -18.9603 31.0319  255 255 255
-48.8088 -20.6086 -5.82681  255 255 255
64.164 -21.4963 10.3955  255 255 255
-48.1305 -20.6691 -5.67406  255 255 255
-26.3475 -19.0511 27.0607  255 255 255
-26.3205 -19.0396 27.2227  255 255 255
-1.92956 -18.9314 36.1377  255 255 255
-1.92009 -18.9448 36.047  255 255 255
60.6817 -22.2498 -1.30579  255 255 255
59.2377 -22.6949 -3.13548  255 255 255
66.2176 -22.0952 13.8215  255 255 255
-62.693 -22.4789 -3.30779  255 255 255
60.4543 -24.6931 -1.72265  255 255 255
-54.6379 -24.6368 -0.96862  255 255 255
12.6755 -22.7623 32.7306  255 255 255
44.7678 -27.1595 -4.99802  255 255 255
64.7297 -26.717 6.34048  255 255 255
-14.0543 -23.2121 33.9828  255 255 255
-56.9387 -26.3549 -0.0696175  255 255 255
60.8042 -28.8801 -3.66307  255 255 255
-54.3022 -26.5969 0.82889  255 255 255
66.0868 -28.9905 8.94647  255 255 255
66.059 -28.9871 9.00356  255 255 255
-1.38057 -24.806 36.2376  255 255 255
4.39323 -25.1988 35.6443  255 255 255
0.256376 -25.1175 36.5085  255 255 255
-28.1401 -27.2031 17.8599  255 255 255
-7.17794 -25.3551 36.2969  255 255 255
10.9192 -26.0197 33.0942  255 255 255
68.0698 -29.6739 12.1269  255 255 255
1.43367 -25.8331 36.3791  255 255 255
65.3319 -30.6051 8.84241  255 255 255
69.6476 -29.7374 16.7246  255 255 255
63.0138 -32.4498 -0.845144  255 255 255
-13.2015 -26.4908 34.7108  255 255 255
-55.4023 -30.3815 5.86562  255 255 255
-13.045 -27.3088 35.5368  255 255 255
68.5648 -32.1691 12.269  255 255 255
8.88406 -28.1852 34.6931  255 255 255
-57.7285 -31.7169 7.26276  255 255 255
-15.5415 -28.2919 36.6463  255 255 255
-23.6578 -29.9946 26.3134  255 255 255
-12.8312 -28.8686 37.2057  255 255 255
11.9514 -29.5926 35.6075  255 255 255
-15.5904 -28.8591 37.5651  255 255 255
-15.5886 -28.8644 37.5626  255 255 255
69.4922 -34.4084 12.8606  255 255 255
-56.2227 -33.4042 8.76154  255 255 255
10.5693 -29.8832 36.1911  255 255 255
66.2857 -36.2201 4.49418  255 255 255
69.9936 -35.8164 12.9199  255 255 255
-11.277 -31.0626 36.493  255 255 255
1.01649 -31.2163 38.5033  255 255 255
5.90651 -31.5362 38.1698  255 255 255
-0.0924961 -32.2458 37.9423  255 255 255
10.2028 -35.9538 31.4535  255 255 255
-13.3295 -36.2297 30.9186  255 255 255
-8.11354 -37.4263 32.385  255 255 255
12.7508 -39.5648 26.5981  255 255 255
15.3182 -40.6772 25.6801  255 255 255
17.5902 -42.2957 25.4628  255 255 255
55.5026 -47.1304 18.1186  255 255 255
21.1132 -46.6107 21.6545  255 255 255
21.1089 -46.5994 21.6437  255 255 255
-7.42132 -46.0919 32.3903  255 255 255
28.6841 -50.7807 22.8541  255 255 255
27.0913 -51.4599 23.3435  255 255 255
55.113 -52.6269 24.719  255 255 255
-35.2165 -50.4432 26.8608  255 255 255
51.335 -54.5265 27.4969  255 255 255
-32.7602 -52.9488 29.7768  255 255 255
49.8551 -56.0278 28.802  255 255 255
-22.6128 -55.0398 31.5203  255 255 255
-22.6157 -55.0268 31.5115  255 255 255
-28.0795 -55.2804 32.0577  255 255 255
22.0526 -57.0499 30.446  255 255 255
-19.6047 -56.7842 33.2377  255 255 255
-16.8066 -57.1341 33.5479  255 255 255
-37.8346 -57.342 34.1734  255 255 255
-0.441549 -58.1116 33.202  255 255 255
-11.513 -57.7208 34.1971  255 255 255
-18.7981 -57.8489 34.4851  255 255 255
0.64205 -58.7707 33.7019  255 255 255
-8.7229 -58.4521 34.3975  255 255 255
-6.36383 -58.5686 34.3318  255 255 255
-13.4142 -58.5926 34.5048  255 255 255
-3.3858 -59.004 34.7028  255 255 255
51.3195 -60.5792 34.7397  255 255 255
29.2225 -60.678 35.4811  255 255 255
52.3425 50.3018 -11.2089  255 255 255
-71.0534 54.8202 -16.7441  255 255 255
29.9048 75.0282 -77.4941  255 255 255
65.7028 82.503 -97.2966  255 255 255
67.0224 82.5916 -97.3516  255 255 255
17.6074 71.1708 -70.4027  255 255 255
28.7245 73.7787 -77.665  255 255 255
-123.398 74.2533 -66.8778  255 255 255
-55.1387 56.3443 -27.12  255 255 255
55.0312 47.0498 -7.4158  255 255 255
55.0174 47.0437 -7.39046  255 255 255
-79.7824 51.7375 -11.5796  255 255 255
-31.3473 60.7363 -41.9879  255 255 255
-31.3473 60.7363 -41.9879  255 255 255
50.9641 77.4852 -90.1357  255 255 255
-32.9472 60.4439 -42.2561  255 255 255
-32.9385 60.3315 -42.0904  255 255 255
-8.72062 63.4434 -57.4583  255 255 255
22.4047 69.638 -75.9113  255 255 255
22.3863 69.6069 -75.8213  255 255 255
-62.3152 53.2519 -25.19  255 255 255
24.6827 69.5518 -78.0957  255 255 255
23.6804 68.956 -77.8122  255 255 255
23.6804 68.956 -77.8122  255 255 255
-10.776 61.9347 -57.743  255 255 255
28.8988 68.1599 -76.8179  255 255 255
27.0803 68.5494 -78.4266  255 255 255
55.1689 43.9534 -8.53903  255 255 255
54.3962 44.3035 -10.0833  255 255 255
7.55386 64.8923 -69.0241  255 255 255
12.5239 66.3347 -73.1539  255 255 255
-81.2045 48.8227 -14.9376  255 255 255
-81.0976 48.6633 -14.4855  255 255 255
-82.2976 47.9235 -12.9531  255 255 255
64.8115 75.5974 -103.08  255 255 255
55.4027 43.4232 -9.59334  255 255 255
51.1746 34.1717 15.4453  255 255 255
51.1746 34.1717 15.4453  255 255 255
-26.4448 56.3925 -49.9382  255 255 255
50.6539 45.0621 -18.6799  255 255 255
24.3902 65.1784 -81.7392  255 255 255
49.7468 34.001 12.3351  255 255 255
50.4689 33.0037 13.9444  255 255 255
-10.1344 57.7332 -61.3505  255 255 255
-10.1305 57.75 -61.3587  255 255 255
-82.9926 44.9743 -15.5041  255 255 255
-80.0757 45.2138 -17.9655  255 255 255
-11.0145 56.9305 -62.3494  255 255 255
-124.157 64.9555 -74.0874  255 255 255
-63.7261 46.4565 -29.6987  255 255 255
-104.586 53.0961 -46.4952  255 255 255
-77.5169 43.7513 -20.2975  255 255 255
-84.1501 42.8499 -17.0213  255 255 255
57.2571 26.6948 24.8748  255 255 255
50.3233 30.6336 11.7763  255 255 255
55.0024 27.855 20.2073  255 255 255
-11.4091 53.564 -64.8162  255 255 255
50.3361 39.9963 -22.798  255 255 255
50.3361 39.9963 -22.798  255 255 255
56.7318 64.2453 -105.309  255 255 255
-45.1817 47.1724 -43.7365  255 255 255
57.4649 25.1958 23.9893  255 255 255
-33.1226 48.3432 -52.5321  255 255 255
49.9056 39.1346 -24.1687  255 255 255
-47.0111 45.7045 -44.1179  255 255 255
-42.5261 46.0944 -46.8684  255 255 255
-37.2466 46.8823 -50.7797  255 255 255
-66.3425 42.0838 -31.9062  255 255 255
-77.4053 40.4494 -24.7573  255 255 255
-84.3704 39.2032 -20.302  255 255 255
-44.8391 44.1884 -46.9995  255 255 255
50.1823 26.4244 8.44309  255 255 255
-53.0173 41.5285 -42.9287  255 255 255
53.26 24.3925 14.486  255 255 255
-60.9643 39.9555 -38.3802  255 255 255
-42.2562 41.974 -50.6292  255 255 255
-9.70606 46.7778 -72.049  255 255 255
0.506296 47.4948 -78.1488  255 255 255
-55.3623 38.8244 -43.6224  255 255 255
-129.653 50.3225 -81.8957  255 255 255
53.9908 21.3684 14.0593  255 255 255
-121.43 48.4449 -79.9291  255 255 255
-31.6275 40.0546 -60.4755  255 255 255
46.5158 33.1632 -35.665  255 255 255
54.1031 29.3396 -20.9915  255 255 255
-11.5339 40.78 -75.7912  255 255 255
-54.1479 33.943 -48.4693  255 255 255
-54.1963 33.9809 -48.6543  255 255 255
18.2814 38.7238 -78.0889  255 255 255
18.2826 38.5479 -77.5697  255 255 255
-123.981 41.8595 -73.3104  255 255 255
-115.369 41.3546 -72.4535  255 255 255
52.1491 26.9411 -25.8584  255 255 255
-57.3912 33.0565 -47.706  255 255 255
59.2978 15.595 22.4496  255 255 255
-38.9582 34.1433 -60.8245  255 255 255
-57.3387 31.7722 -47.4441  255 255 255
55.5391 16.5502 15.2821  255 255 255
52.0381 24.7228 -26.5225  255 255 255
52.0723 24.7349 -26.6167  255 255 255
51.5635 17.9132 6.60871  255 255 255
52.7498 17.2783 9.08411  255 255 255
-31.0775 33.6213 -66.6973  255 255 255
18.54 33.6588 -72.2144  255 255 255
-4.4378 33.2933 -70.3261  255 255 255
51.6498 16.7259 6.02472  255 255 255
-37.4112 31.6337 -64.6229  255 255 255
-81.6379 26.7915 -33.2394  255 255 255
-81.6379 26.7915 -33.2394  255 255 255
-84.4515 26.0813 -32.8567  255 255 255
-69.6443 27.0353 -42.6469  255 255 255
52.7543 21.6627 -27.116  255 255 255
-65.4035 27.0848 -45.7256  255 255 255
-48.5332 28.4794 -59.809  255 255 255
-13.7934 27.8753 -63.005  255 255 255
-13.791 27.9375 -63.3221  255 255 255
58.3853 12.4126 17.9515  255 255 255
-1.63868 27.669 -64.3856  255 255 255
-80.2409 24.5299 -37.8786  255 255 255
-85.8298 22.5885 -35.0749  255 255 255
-82.597 22.6943 -37.5706  255 255 255
-84.3532 22.4211 -38.2068  255 255 255
-2.47738 22.9734 -58.1499  255 255 255
49.0217 13.3366 -2.25244  255 255 255
21.3527 21.5997 -58.446  255 255 255
-110.348 23.6635 -53.4473  255 255 255
17.0172 20.8168 -57.4514  255 255 255
50.3735 11.4954 -0.301677  255 255 255
51.7813 11.0465 2.29113  255 255 255
51.7671 11.0433 2.30854  255 255 255
-113.597 23.0186 -52.0615  255 255 255
49.6025 10.8302 -2.48849  255 255 255
-24.6881 18.3778 -51.2335  255 255 255
53.3922 9.113 6.64557  255 255 255
-84.1269 18.1238 -38.2717  255 255 255
53.4612 8.98193 4.96782  255 255 255
54.2109 8.80195 6.44997  255 255 255
55.6787 8.21234 9.99762  255 255 255
51.4236 9.25718 0.157563  255 255 255
49.7923 8.98225 -3.44417  255 255 255
49.8021 8.97456 -3.50907  255 255 255
51.9524 8.27894 1.1382  255 255 255
-17.2805 15.1678 -48.7841  255 255 255
47.6959 8.60688 -9.04238  255 255 255
-24.0863 13.3887 -42.8023  255 255 255
55.459 6.02839 7.809  255 255 255
55.8858 5.65666 8.7911  255 255 255
-58.4783 14.0212 -45.2395  255 255 255
-58.392 13.9558 -44.9749  255 255 255
51.617 6.63942 -0.602678  255 255 255
50.2079 6.26596 -3.96417  255 255 255
-3.20735 2.71587 21.8381  255 255 255
-54.6621 10.616 -41.557  255 255 255
-54.6621 10.616 -41.557  255 255 255
51.2095 4.29402 -3.53934  255 255 255
-5.23916 1.71741 23.0555  255 255 255
57.9423 0.545694 9.6213  255 255 255
57.7506 0.41674 8.47848  255 255 255
57.6205 0.385911 8.74598  255 255 255
57.6205 0.385911 8.74598  255 255 255
7.65934 -1.01203 25.7852  255 255 255
54.3865 0.479046 1.74593  255 255 255
51.2644 0.712053 -5.69835  255 255 255
57.7258 -0.307595 7.24788  255 255 255
58.7543 -0.671617 10.6364  255 255 255
57.0412 -0.440797 6.91169  255 255 255
-8.46577 -1.83495 28.5959  255 255 255
-119.163 5.58428 -33.1784  255 255 255
-119.163 5.58428 -33.1784  255 255 255
58.301 -1.12379 9.36214  255 255 255
59.1606 -1.24951 11.3787  255 255 255
-40.42 3.17929 -33.2153  255 255 255
57.2584 -1.21966 6.95893  255 255 255
-48.056 3.0587 -33.4715  255 255 255
54.7549 -1.45769 1.04657  255 255 255
-41.8193 2.05605 -31.6687  255 255 255
57.4126 -1.94809 6.43046  255 255 255
53.675 -1.54229 -1.33537  255 255 255
53.675 -1.54229 -1.33537  255 255 255
61.1277 -2.82038 15.6598  255 255 255
57.7724 -2.48987 7.47256  255 255 255
60.3308 -3.10805 12.7019  255 255 255
60.7284 -3.20936 13.4665  255 255 255
-15.3294 -3.269 24.7151  255 255 255
62.4781 -3.60625 18.0618  255 255 255
63.0154 -3.91082 18.536  255 255 255
-48.2322 0.405708 -29.4303  255 255 255
-9.54886 -3.97023 29.7101  255 255 255
59.3173 -3.47609 10.1  255 255 255
53.9802 -2.79229 -1.64166  255 255 255
60.2372 -3.62332 11.9647  255 255 255
61.2211 -3.92613 14.1959  255 255 255
54.9528 -3.3678 0.368429  255 255 255
54.9514 -3.37575 0.378272  255 255 255
56.0655 -3.58404 1.98994  255 255 255
59.8476 -4.15752 10.9471  255 255 255
58.9381 -4.11401 8.7415  255 255 255
60.4573 -4.39799 12.2026  255 255 255
-19.8669 -3.70209 13.6385  255 255 255
59.41 -4.67633 9.37394  255 255 255
-8.84849 -5.50171 31.1879  255 255 255
60.1287 -5.39694 10.4849  255 255 255
62.3996 -6.00628 15.2907  255 255 255
62.3996 -6.00628 15.2907  255 255 255
59.9381 -5.97931 10.0256  255 255 255
-47.4565 -2.95717 -25.9646  255 255 255
61.5998 -6.3757 13.3812  255 255 255
-110.253 -2.67139 -22.0764  255 255 255
-17.2389 -6.43928 25.2593  255 255 255
61.4945 -7.26655 12.3166  255 255 255
53.546 -6.8782 -5.01564  255 255 255
62.4124 -7.46758 14.3298  255 255 255
60.3725 -7.69936 9.64473  255 255 255
-46.238 -5.37196 -24.0688  255 255 255
5.1364 -8.1495 33.3568  255 255 255
61.9974 -8.11931 13.2279  255 255 255
64.9647 -8.89467 19.5441  255 255 255
-10.7482 -8.36883 32.0611  255 255 255
59.2113 -8.62019 6.20602  255 255 255
61.8505 -8.97229 12.2861  255 255 255
62.835 -9.15818 14.18  255 255 255
57.7994 -9.06947 2.94834  255 255 255
4.31196 -9.37338 34.1915  255 255 255
-11.4762 -9.21746 31.6251  255 255 255
-0.178063 -9.48291 35.0869  255 255 255
-0.167585 -9.45568 35.0099  255 255 255
54.0345 -9.35353 -6.03834  255 255 255
63.7357 -10.1579 16.2334  255 255 255
5.46578 -9.98176 33.8276  255 255 255
57.0855 -10.2283 0.225154  255 255 255
66.2159 -10.6835 21.5066  255 255 255
48.8109 -9.85319 -18.3579  255 255 255
48.6481 -9.90794 -17.9685  255 255 255
51.3215 -9.94806 -13.3674  255 255 255
58.672 -10.5021 4.83479  255 255 255
47.752 -10.3679 -21.4391  255 255 255
47.6567 -10.3752 -21.1511  255 255 255
-21.7834 -9.96272 21.0175  255 255 255
-8.09698 -10.5254 34.0374  255 255 255
59.6259 -11.3915 5.43793  255 255 255
-28.7744 -10.3713 17.2513  255 255 255
59.1174 -11.9281 4.12478  255 255 255
57.7393 -12.1154 0.568516  255 255 255
57.7341 -12.1109 0.568047  255 255 255
-22.4009 -11.1216 22.4941  255 255 255
-21.1842 -11.2365 22.4393  255 255 255
-4.90453 -11.4629 35.2871  255 255 255
6.23619 -11.807 33.9871  255 255 255
6.22385 -11.8122 34.0193  255 255 255
-62.7838 -10.6197 -16.7356  255 255 255
60.0612 -12.989 5.22085  255 255 255
-27.8869 -11.8198 19.031  255 255 255
58.595 -13.1156 1.71474  255 255 255
66.6552 -13.2834 20.6562  255 255 255
-18.3375 -12.1058 26.4953  255 255 255
64.2589 -13.3884 15.087  255 255 255
64.3214 -13.3892 14.9241  255 255 255
-25.8612 -12.2132 18.989  255 255 255
60.7985 -14.0678 6.29664  255 255 255
59.1573 -15.125 2.11145  255 255 255
-21.6376 -13.6179 25.1465  255 255 255
-67.2476 -13.976 -12.1745  255 255 255
61.1875 -15.564 5.96859  255 255 255
-54.4106 -14.3354 -12.5956  255 255 255
-54.4115 -14.342 -12.599  255 255 255
58.1307 -15.727 -1.14103  255 255 255
56.857 -16.1713 -4.68016  255 255 255
59.9943 -16.0449 3.01915  255 255 255
-53.2898 -14.9527 -11.9877  255 255 255
-54.0327 -15.1432 -11.7539  255 255 255
58.9146 -16.7732 -0.0530245  255 255 255
59.7604 -16.7861 1.71561  255 255 255
-18.801 -15.3861 27.4814  255 255 255
-61.8446 -15.8697 -10.5652  255 255 255
60.3465 -17.6168 2.79289  255 255 255
60.3847 -17.6098 2.7095  255 255 255
-56.3219 -16.5783 -9.82058  255 255 255
-59.9566 -16.6543 -9.54586  255 255 255
59.1016 -18.2487 -0.480733  255 255 255
59.0906 -18.2652 -0.427683  255 255 255
-18.0397 -16.322 27.9973  255 255 255
-14.5241 -16.3744 31.1826  255 255 255
67.738 -18.2279 18.6186  255 255 255
-9.15732 -16.5796 34.4465  255 255 255
-62.4608 -17.8092 -8.60072  255 255 255
59.8733 -19.1836 0.375399  255 255 255
66.1672 -18.7641 16.1894  255 255 255
60.2609 -19.2705 1.40681  255 255 255
60.21 -19.29 1.45346  255 255 255
58.6923 -19.9245 -2.52514  255 255 255
0.239503 -17.46 36.1423  255 255 255
59.9942 -20.5916 0.231214  255 255 255
59.9648 -20.6057 0.263167  255 255 255
-64.1155 -19.1064 -6.84768  255 255 255
-61.6739 -19.206 -6.79548  255 255 255
2.66366 -18.354 35.1875  255 255 255
1.71971 -18.4311 35.6734  255 255 255
59.07 -21.3904 -2.70654  255 255 255
65.6191 -21.4241 12.3274  255 255 255
65.2166 -21.3748 12.975  255 255 255
-56.2706 -20.5562 -5.50109  255 255 255
3.14747 -19.127 35.4241  255 255 255
3.15143 -19.1124 35.4605  255 255 255
61.5062 -22.3817 1.89267  255 255 255
60.1205 -22.7125 -1.23265  255 255 255
67.7116 -21.5891 18.1509  255 255 255
66.3646 -21.8975 15.181  255 255 255
-57.136 -21.9227 -4.16915  255 255 255
-11.5277 -20.0457 32.9484  255 255 255
-11.0902 -20.5277 33.1245  255 255 255
-55.2728 -23.0248 -2.33868  255 255 255
3.86017 -21.0128 34.7186  255 255 255
-4.59019 -20.8858 35.2993  255 255 255
-17.5308 -21.4787 32.0448  255 255 255
-13.5915 -21.6474 34.1323  255 255 255
64.3282 -25.5396 5.14578  255 255 255
63.2142 -25.3465 6.96512  255 255 255
61.4065 -26.3809 -0.480197  255 255 255
67.6339 -25.3265 14.9287  255 255 255
7.94042 -22.9409 33.2144  255 255 255
7.02745 -23.2676 33.2221  255 255 255
5.0368 -23.3589 33.9007  255 255 255
65.1529 -27.1388 6.86603  255 255 255
3.50089 -23.4358 34.5158  255 255 255
-20.3121 -23.6282 32.0643  255 255 255
-2.73922 -24.8467 36.6328  255 255 255
11.5461 -26.1501 32.6714  255 255 255
68.7222 -29.6395 14.6317  255 255 255
65.0569 -31.0891 4.80421  255 255 255
-55.4169 -29.8664 4.44381  255 255 255
-57.1468 -32.3427 7.78045  255 255 255
-53.0271 -33.7068 9.03073  255 255 255
-20.044 -31.2995 28.7605  255 255 255
-5.97554 -30.2424 38.1455  255 255 255
-12.712 -30.5843 36.2904  255 255 255
-0.805267 -30.5403 38.3066  255 255 255
-21.1818 -32.1024 27.1949  255 255 255
-1.75284 -30.6929 38.2885  255 255 255
-54.3999 -35.0658 11.2942  255 255 255
-4.06176 -31.2352 38.9722  255 255 255
-5.44822 -31.3731 39.2665  255 255 255
-4.40272 -32.0281 39.9446  255 255 255
-9.43346 -33.2638 35.401  255 255 255
-4.75907 -32.533 39.9743  255 255 255
-20.5412 -35.262 26.0037  255 255 255
-9.14815 -34.0427 34.7672  255 255 255
-92.1716 -39.4091 17.9168  255 255 255
50.2082 -42.7568 11.9515  255 255 255
62.8949 -44.6365 14.7225  255 255 255
59.2683 -45.5248 15.3894  255 255 255
0.68107 -40.4208 31.8097  255 255 255
57.362 -46.7358 17.653  255 255 255
54.9037 -47.9921 18.0231  255 255 255
12.547 -45.272 28.7728  255 255 255
49.5502 -49.2626 20.3285  255 255 255
-30.365 -50.5135 27.2771  255 255 255
-26.6833 -51.9384 28.4028  255 255 255
51.4547 -55.5314 27.7778  255 255 255
36.3141 -55.4479 27.3348  255 255 255
27.6661 -55.0431 28.8704  255 255 255
-1.69699 -55.775 31.415  255 255 255
-2.4481 -56.5414 31.4694  255 255 255
-20.2098 -57.0398 33.2992  255 255 255
24.6957 -58.3118 32.5002  255 255 255
-11.4355 -57.2592 33.1442  255 255 255
-38.731 -56.9215 34.8746  255 255 255
46.2344 -59.0581 32.7888  255 255 255
26.2849 -58.8546 32.3538  255 255 255
-8.23688 -57.9949 34.0659  255 255 255
-7.29806 -58.1826 33.8725  255 255 255
-12.2784 -58.0509 34.1877  255 255 255
-6.05545 -58.1784 34.2764  255 255 255
-2.59233 -58.8141 34.3291  255 255 255
33.2544 -59.9936 34.1469  255 255 255
-9.75321 -58.6515 34.813  255 255 255
-9.10307 -59.2991 35.2875  255 255 255
-31.9546 62.6501 -40.5371  255 255 255
-1.05523 69.023 -59.4282  255 255 255
-72.2468 54.4748 -16.1006  255 255 255
32.0888 75.5809 -79.5389  255 255 255
-73.469 53.9791 -15.2298  255 255 255
-66.7883 55.1725 -19.643  255 255 255
-66.7813 55.1405 -19.5079  255 255 255
-44.1332 59.4215 -33.7886  255 255 255
48.6919 52.5244 -19.784  255 255 255
-55.7673 56.846 -26.2678  255 255 255
-55.7726 56.9759 -26.5272  255 255 255
-10.5565 65.6991 -54.5132  255 255 255
47.9697 76.7654 -88.5826  255 255 255
53.9756 47.4272 -9.73783  255 255 255
7.92645 68.3058 -65.8784  255 255 255
48.8014 50.678 -19.362  255 255 255
50.4323 49.3619 -16.039  255 255 255
-72.6625 52.4868 -17.6043  255 255 255
18.7747 70.1135 -73.2422  255 255 255
38.4243 73.6351 -83.6476  255 255 255
-7.44568 64.085 -58.8744  255 255 255
52.6876 46.5488 -12.5615  255 255 255
54.48 45.0911 -9.45875  255 255 255
-122.469 70.6219 -66.5776  255 255 255
58.9992 75.5267 -98.0648  255 255 255
22.5268 68.0313 -77.8167  255 255 255
-118.267 67.1304 -61.786  255 255 255
43.768 71.089 -88.1806  255 255 255
50.7334 34.7656 15.9032  255 255 255
22.3578 67.0846 -78.4894  255 255 255
-2.46523 60.5082 -65.6196  255 255 255
-109.183 57.7135 -51.078  255 255 255
-109.183 57.7135 -51.078  255 255 255
-33.0012 52.6182 -47.9443  255 255 255
48.2577 43.0794 -24.8287  255 255 255
48.3021 43.134 -24.9531  255 255 255
49.7385 31.6705 10.807  255 255 255
49.65 40.805 -23.822  255 255 255
55.2012 37.5272 -14.395  255 255 255
51.4703 38.6767 -21.4874  255 255 255
-84.0855 40.9314 -18.4038  255 255 255
52.528 28.0091 14.7989  255 255 255
-24.4306 49.2334 -57.6645  255 255 255
-104.83 49.6068 -49.66  255 255 255
-80.2246 40.426 -22.3063  255 255 255
60.1879 22.9164 28.9152  255 255 255
60.8139 22.0723 29.9084  255 255 255
54.9949 24.4194 17.9562  255 255 255
52.9695 23.8415 13.2037  255 255 255
52.9198 23.8159 13.29  255 255 255
54.5478 22.9987 16.2229  255 255 255
54.5394 23.0043 16.227  255 255 255
-49.7051 39.122 -46.3811  255 255 255
54.1334 22.2292 15.1259  255 255 255
51.0999 23.3664 9.42415  255 255 255
50.3703 23.6809 7.56818  255 255 255
50.3703 23.6809 7.56818  255 255 255
52.7009 21.8079 11.1149  255 255 255
58.8213 18.7627 23.0576  255 255 255
-77.9704 33.1795 -31.6039  255 255 255
58.4183 17.8129 21.6893  255 255 255
53.5751 19.3747 12.212  255 255 255
-81.5762 31.1273 -30.4978  255 255 255
53.008 25.9042 -24.6609  255 255 255
58.651 15.9743 21.091  255 255 255
61.5659 14.7375 27.1794  255 255 255
61.5659 14.7375 27.1794  255 255 255
51.631 25.9526 -27.7056  255 255 255
53.1221 17.9104 10.3101  255 255 255
53.258 17.9637 10.1509  255 255 255
-6.27834 35.7103 -72.756  255 255 255
60.3744 14.2664 24.0137  255 255 255
49.8377 18.1599 2.48422  255 255 255
-5.93123 32.7506 -69.1172  255 255 255
47.08 25.6942 -38.3372  255 255 255
52.9276 16.013 8.71978  255 255 255
56.9201 14.0841 16.2093  255 255 255
52.8314 14.9465 7.69527  255 255 255
52.9248 14.9766 7.61949  255 255 255
49.544 15.7764 0.763163  255 255 255
53.3098 14.0159 9.39058  255 255 255
50.7834 14.9158 1.18464  255 255 255
-64.3103 25.4107 -47.8182  255 255 255
55.669 12.4844 12.3431  255 255 255
-32.0126 25.2311 -57.0278  255 255 255
-4.35118 21.896 -57.7765  255 255 255
51.0014 11.9404 1.25917  255 255 255
53.115 11.0956 5.72039  255 255 255
-70.6632 21.5788 -50.0463  255 255 255
-68.292 21.1862 -50.8486  255 255 255
-21.4766 16.7718 -49.8616  255 255 255
57.1582 6.82931 12.331  255 255 255
-22.2792 14.8083 -45.4104  255 255 255
52.7385 7.49787 2.06984  255 255 255
57.3641 5.58747 11.4924  255 255 255
60.2166 5.12527 15.8338  255 255 255
56.7818 4.32167 9.33505  255 255 255
-83.9186 12.3493 -41.339  255 255 255
61.9262 2.94161 18.1545  255 255 255
-4.16528 2.18337 22.3532  255 255 255
-49.2282 8.77714 -37.8527  255 255 255
-46.3127 8.51877 -38.1558  255 255 255
56.9566 0.652893 7.47259  255 255 255
61.9585 -2.09531 18.8435  255 255 255
56.8279 -1.27302 5.96852  255 255 255
56.8279 -1.27302 5.96852  255 255 255
60.7987 -2.32386 14.7275  255 255 255
63.0559 -3.1725 19.3345  255 255 255
58.7291 -2.58999 9.10921  255 255 255
59.4529 -2.61395 10.8983  255 255 255
61.8536 -4.68899 15.0904  255 255 255
65.7663 -5.52739 23.2302  255 255 255
64.0414 -5.30299 19.7787  255 255 255
-71.4695 -1.27383 -25.9025  255 255 255
49.2826 -4.72251 -12.3493  255 255 255
60.7015 -6.41888 11.363  255 255 255
64.6336 -6.75536 18.8899  255 255 255
64.6336 -6.75536 18.8899  255 255 255
58.7257 -6.81027 6.52174  255 255 255
61.7775 -7.37551 13.085  255 255 255
61.7775 -7.37551 13.085  255 255 255
63.5235 -7.91135 16.6977  255 255 255
65.8792 -8.90278 22.1984  255 255 255
-64.63 -6.63968 -21.4211  255 255 255
-58.6662 -7.27898 -20.3613  255 255 255
50.1301 -9.33384 -15.5396  255 255 255
50.1942 -9.32668 -15.6492  255 255 255
-67.9685 -7.48671 -19.9052  255 255 255
-67.7833 -7.49762 -19.2231  255 255 255
-52.4966 -7.8896 -20.6881  255 255 255
47.708 -9.3855 -20.8948  255 255 255
-61.6208 -8.24219 -19.0392  255 255 255
-67.9159 -8.4433 -18.7291  255 255 255
-16.6195 -10.5558 28.1691  255 255 255
-114.019 -8.96692 -14.2169  255 255 255
56.1508 -13.0197 -3.91087  255 255 255
-104.831 -12.233 -11.3343  255 255 255
-13.2989 -14.1194 32.1745  255 255 255
-13.6059 -14.8936 31.8087  255 255 255
-13.6005 -14.8939 31.8533  255 255 255
4.61077 -15.1714 35.1616  255 255 255
65.1268 -16.6921 15.0387  255 255 255
2.60574 -15.3685 35.5486  255 255 255
-49.9053 -16.3943 -10.9002  255 255 255
66.4665 -17.3435 18.0618  255 255 255
66.4665 -17.3435 18.0618  255 255 255
-51.3125 -16.8768 -9.67601  255 255 255
-24.5162 -16.1183 24.1352  255 255 255
62.1536 -18.1029 7.10347  255 255 255
66.229 -18.1025 17.0667  255 255 255
66.229 -18.1025 17.0667  255 255 255
62.8087 -18.657 7.64996  255 255 255
60.7124 -19.0985 2.5182  255 255 255
-63.7687 -18.3724 -7.26846  255 255 255
15.431 -18.5313 28.0731  255 255 255
-55.3024 -20.6731 -5.57234  255 255 255
-10.2263 -19.0391 33.5354  255 255 255
-57.0003 -21.2947 -5.20594  255 255 255
15.1696 -20.6561 29.8305  255 255 255
61.0817 -23.6592 -0.0569874  255 255 255
8.32374 -22.1554 33.3391  255 255 255
9.95103 -22.9231 32.629  255 255 255
15.7158 -23.2503 30.0901  255 255 255
1.3914 -22.9347 34.7335  255 255 255
67.1328 -26.7826 12.823  255 255 255
-4.49149 -23.4904 35.1301  255 255 255
5.43589 -24.062 35.0307  255 255 255
65.608 -28.0293 8.18696  255 255 255
-13.925 -24.8421 33.7102  255 255 255
-30.0124 -27.0213 15.9953  255 255 255
11.0023 -26.5161 32.802  255 255 255
65.5212 -31.8354 5.87512  255 255 255
-56.3597 -30.3832 5.45315  255 255 255
12.0929 -27.651 33.6732  255 255 255
67.3846 -32.1859 12.5214  255 255 255
4.13679 -27.6806 36.0787  255 255 255
-3.86355 -30.5911 38.7273  255 255 255
-0.0168889 -31.0556 38.6292  255 255 255
0.00408673 -31.0497 38.5634  255 255 255
-7.63124 -36.3797 33.3074  255 255 255
-11.4104 -36.9477 31.3092  255 255 255
-7.77088 -38.4645 31.7779  255 255 255
-3.49853 -38.4578 33.148  255 255 255
-2.34657 -39.2855 32.0917  255 255 255
44.3347 -47.0954 16.901  255 255 255
58.0533 -47.7422 18.4345  255 255 255
59.3348 -47.8976 18.6341  255 255 255
-35.9969 -50.4126 26.7621  255 255 255
56.304 -52.9084 25.55  255 255 255
27.7293 -52.4094 24.5328  255 255 255
26.5789 -53.363 25.7746  255 255 255
25.4367 -53.825 26.2511  255 255 255
52.2262 -54.9697 27.3944  255 255 255
-24.6246 -53.3034 29.758  255 255 255
32.208 -57.0349 29.4999  255 255 255
-77.2684 -57.0362 35.3151  255 255 255
25.9407 -59.5385 33.3789  255 255 255
48.0523 -60.7637 34.2241  255 255 255
-71.468 52.7907 -18.3605  255 255 255
-71.4401 52.7754 -18.186  255 255 255
35.4677 73.1199 -83.3535  255 255 255
51.3146 48.1116 -14.4787  255 255 255
53.3175 46.5345 -11.2526  255 255 255
53.6249 75.02 -94.5556  255 255 255
53.6259 31.5078 21.1525  255 255 255
47.3043 68.9783 -96.7782  255 255 255
54.0134 29.9555 19.4808  255 255 255
-37.0492 50.7221 -44.0234  255 255 255
5.2203 58.7515 -73.4493  255 255 255
56.0808 27.8165 23.5427  255 255 255
55.6759 27.7914 22.0031  255 255 255
58.8021 25.875 28.5557  255 255 255
-8.17745 54.1389 -62.6208  255 255 255
49.6156 30.2773 10.2761  255 255 255
56.8902 26.1452 23.4776  255 255 255
55.3254 26.8842 20.522  255 255 255
55.3254 26.8842 20.522  255 255 255
54.0497 25.9917 17.0587  255 255 255
55.5498 24.2325 19.0407  255 255 255
51.725 25.2944 11.6623  255 255 255
51.593 24.706 10.1248  255 255 255
52.5231 31.6831 -21.1502  255 255 255
54.5095 29.6824 -19.4561  255 255 255
-96.899 38.1412 -43.1491  255 255 255
-125.321 45.1919 -76.8392  255 255 255
59.8503 17.0763 24.6553  255 255 255
-125.407 43.325 -74.2678  255 255 255
-125.407 43.325 -74.2678  255 255 255
-83.9394 31.0772 -26.8461  255 255 255
55.5249 18.3322 15.3166  255 255 255
59.8548 15.9251 23.9402  255 255 255
61.3327 14.1385 26.2175  255 255 255
58.0252 14.4054 20.0584  255 255 255
54.2379 15.767 11.1721  255 255 255
51.1133 16.0658 4.71376  255 255 255
-73.457 27.2159 -43.5956  255 255 255
-40.8788 29.0391 -60.7304  255 255 255
-40.8788 29.0391 -60.7304  255 255 255
51.5108 14.3311 4.42337  255 255 255
52.2397 14.0179 5.75166  255 255 255
48.1676 15.5638 -2.37409  255 255 255
52.9414 12.6834 6.32337  255 255 255
57.1128 10.8073 14.0938  255 255 255
-81.8898 20.2122 -38.7007  255 255 255
-3.79324 20.0449 -54.5446  255 255 255
52.0266 4.09365 -0.931104  255 255 255
52.002 4.09132 -0.881623  255 255 255
51.3801 4.29718 -3.79877  255 255 255
63.4564 1.25477 22.8634  255 255 255
57.3523 1.58862 8.32068  255 255 255
57.5777 1.40292 10.9262  255 255 255
-46.4899 6.81836 -35.8414  255 255 255
58.3131 0.712525 11.4509  255 255 255
64.7813 -2.82171 22.8111  255 255 255
55.9432 -2.02621 3.28503  255 255 255
63.9534 -3.32022 21.0572  255 255 255
57.6063 -3.769 5.39971  255 255 255
62.7902 -6.17157 16.7512  255 255 255
-12.5642 -6.64463 29.749  255 255 255
-12.5648 -6.64552 29.7485  255 255 255
64.5017 -7.3974 19.8459  255 255 255
65.405 -8.34361 20.9681  255 255 255
-59.5571 -6.28839 -21.8084  255 255 255
65.8364 -10.138 20.4798  255 255 255
58.231 -10.4171 2.03361  255 255 255
58.2524 -10.3692 1.94069  255 255 255
64.6803 -10.7302 17.7778  255 255 255
56.1446 -11.0288 -2.39619  255 255 255
-53.6264 -12.2772 -17.1103  255 255 255
-26.796 -12.8393 19.9067  255 255 255
63.494 -14.5426 13.0623  255 255 255
-60.4196 -13.9476 -12.9792  255 255 255
-52.3479 -14.4282 -11.7849  255 255 255
-60.0626 -15.441 -10.9316  255 255 255
4.60502 -15.171 35.1724  255 255 255
66.8537 -16.835 19.1191  255 255 255
61.1153 -20.501 1.41126  255 255 255
61.0217 -20.4449 1.54201  255 255 255
60.1497 -21.8162 -0.288474  255 255 255
62.6833 -22.0326 5.86553  255 255 255
62.9041 -22.0155 5.66947  255 255 255
-61.4364 -20.985 -5.03539  255 255 255
-55.4299 -22.0608 -4.07474  255 255 255
-57.351 -22.9415 -2.90808  255 255 255
6.31994 -21.4713 33.8449  255 255 255
-16.4034 -21.7037 32.985  255 255 255
-57.8251 -24.751 -0.363064  255 255 255
-15.1576 -22.5024 33.7768  255 255 255
-59.5054 -25.1776 0.0419588  255 255 255
64.0318 -26.9367 4.83875  255 255 255
63.402 -27.5925 2.65091  255 255 255
2.44532 -23.7428 34.5482  255 255 255
67.874 -27.3572 13.2289  255 255 255
-16.1006 -24.6887 32.4385  255 255 255
-19.3317 -25.2555 33.9121  255 255 255
-58.6319 -29.7066 4.45263  255 255 255
-1.69058 -26.2963 36.7269  255 255 255
-1.69058 -26.2963 36.7269  255 255 255
40.0266 -31.8076 -0.205131  255 255 255
69.098 -33.7551 13.7205  255 255 255
0.467692 -30.3444 37.6649  255 255 255
2.91759 -31.0644 37.7199  255 255 255
14.1869 -33.5421 30.9193  255 255 255
-18.3051 -36.2615 27.6457  255 255 255
14.3373 -37.1226 27.383  255 255 255
17.2643 -39.4183 24.535  255 255 255
-13.8266 -38.114 29.1742  255 255 255
-15.2178 -41.5751 26.4968  255 255 255
54.1029 -47.1077 17.0666  255 255 255
56.9012 -47.4342 18.4468  255 255 255
4.56669 -43.4889 29.117  255 255 255
30.6021 -51.5838 23.0674  255 255 255
26.0737 -52.8966 25.337  255 255 255
27.8341 -52.5813 26.2627  255 255 255
34.8484 -53.5347 25.4909  255 255 255
35.8824 -53.7139 26.0489  255 255 255
60.4579 -54.681 27.2711  255 255 255
60.4579 -54.681 27.2711  255 255 255
52.9424 -54.9492 28.1475  255 255 255
-28.0094 -52.6337 29.835  255 255 255
-24.2058 -53.6905 29.5548  255 255 255
-24.2252 -55.7775 32.2747  255 255 255
50.847 -60.0255 30.952  255 255 255
-11.1168 -58.4186 33.7626  255 255 255
-11.1168 -58.4186 33.7626  255 255 255
22.1132 -59.6256 33.328  255 255 255
47.1044 -60.8962 34.3406  255 255 255
55.5774 29.6817 24.3548  255 255 255
57.7613 26 25.6006  255 255 255
55.2572 35.0038 -14.9927  255 255 255
-77.6071 38.1711 -26.9579  255 255 255
50.5647 25.4745 9.26594  255 255 255
-84.1345 35.8981 -22.8748  255 255 255
54.9327 30.8288 -18.5519  255 255 255
58.4527 20.0441 23.686  255 255 255
-78.4067 35.0919 -28.4907  255 255 255
51.8652 22.8156 10.4325  255 255 255
51.8272 22.8065 10.4559  255 255 255
-72.2367 32.0206 -35.2709  255 255 255
48.4584 16.8097 -0.38763  255 255 255
59.6305 11.5593 19.8294  255 255 255
54.441 13.0118 9.89454  255 255 255
53.578 11.6524 7.25302  255 255 255
55.2886 9.43784 9.76496  255 255 255
-23.5874 16.516 -49.0815  255 255 255
-86.0692 16.3961 -41.611  255 255 255
53.4868 7.49127 4.30571  255 255 255
53.4731 7.47894 4.3337  255 255 255
47.1991 8.82017 -8.69096  255 255 255
60.2441 3.76661 15.7138  255 255 255
-35.522 8.4413 -39.0736  255 255 255
60.2918 2.1006 12.8673  255 255 255
-45.2516 7.31166 -38.1338  255 255 255
52.9081 2.09572 -0.68682  255 255 255
59.6083 0.838801 12.4383  255 255 255
62.7947 -1.89428 19.6343  255 255 255
59.9386 -4.75929 10.6842  255 255 255
-7.34725 -7.90769 33.7002  255 255 255
53.313 -11.0358 -9.18046  255 255 255
-10.4357 -11.2973 33.2262  255 255 255
63.7523 -12.1871 14.8615  255 255 255
-107.403 -9.87832 -13.8773  255 255 255
56.7909 -12.5369 -2.61507  255 255 255
-50.3403 -13.9379 -12.606  255 255 255
-17.4373 -14.8433 28.1329  255 255 255
-17.4373 -14.8433 28.1329  255 255 255
-52.5675 -16.1202 -10.9628  255 255 255
11.8135 -20.4113 30.4819  255 255 255
-55.9243 -23.5571 -3.84307  255 255 255
-24.045 -21.8658 30.3777  255 255 255
-57.3766 -26.2475 0.232899  255 255 255
15.5414 -29.593 34.9504  255 255 255
5.59245 -30.9355 38.1116  255 255 255
-2.70731 -31.0795 38.6553  255 255 255
-40.7948 -37.0622 12.4113  255 255 255
-12.2473 -33.3886 33.8961  255 255 255
-10.0556 -35.5972 32.9694  255 255 255
-10.078 -35.5059 33.3087  255 255 255
16.2726 -39.7894 25.0774  255 255 255
-16.3951 -41.1829 27.8763  255 255 255
58.251 -46.0642 16.9024  255 255 255
-15.0255 -42.9201 28.1402  255 255 255
63.3661 -51.5179 23.2227  255 255 255
-25.24 -53.8131 30.2814  255 255 255
-14.9251 -58.1307 35.5809  255 255 255
-14.9251 -58.1307 35.5809  255 255 255
-20.3902 -58.8618 35.548  255 255 255
-31.0259 61.7021 -42.1197  255 255 255
-31.0259 61.7021 -42.1197  255 255 255
10.4382 68.4017 -69.5406  255 255 255
61.6892 78.2518 -97.7617  255 255 255
50.423 35.5096 15.1771  255 255 255
6.09223 60.6399 -67.8914  255 255 255
1.22134 60.2446 -67.6065  255 255 255
55.3725 29.1739 22.3752  255 255 255
59.16 20.6853 25.4196  255 255 255
51.4895 30.3989 -24.5741  255 255 255
51.4822 25.663 -28.9196  255 255 255
61.6237 -6.08756 13.8368  255 255 255
55.1992 -6.62164 -1.55625  255 255 255
64.8144 -9.82602 18.9202  255 255 255
-14.4382 -9.77669 29.8039  255 255 255
-17.2232 -11.1779 27.5293  255 255 255
-14.9425 -13.6634 30.5956  255 255 255
12.447 -16.8623 31.0757  255 255 255
5.85943 -20.4971 33.4369  255 255 255
-15.4806 -31.0738 36.2182  255 255 255
10.9317 -35.9373 31.2001  255 255 255
46.5684 -41.039 9.77643  255 255 255
-3.38338 -47.8267 25.7558  255 255 255
45.0646 -52.4338 23.8141  255 255 255
-20.5768 -55.9868 33.2477  255 255 255
43.7477 71.6389 -90.943  255 255 255
11.7871 63.3193 -71.5668  255 255 255
56.7851 27.0733 23.5834  255 255 255
54.8992 21.0353 15.7628  255 255 255
-45.4773 30.6624 -60.2088  255 255 255
55.4694 -4.34278 -0.551286  255 255 255
62.9475 -10.2034 14.6529  255 255 255
-9.43521 -14.5444 34.9641  255 255 255
-14.7813 -28.2605 36.3782  255 255 255
-4.73414 -31.1137 39.989  255 255 255
-14.1107 -32.0578 36.0218  255 255 255
-6.10582 -32.3487 39.1296  255 255 255
-7.86806 -36.4124 33.343  255 255 255
-8.44684 -41.8306 29.0424  255 255 255
-5.37798 -43.7902 28.5894  255 255 255
-4.14713 -45.3425 28.9859  255 255 255
-31.1311 -52.7949 29.6539  255 255 255
-6.416 58.2841 -63.117  255 255 255
-6.16132 58.454 -64.3564  255 255 255
59.0451 -3.52964 10.0554  255 255 255
62.0554 -4.28053 16.7206  255 255 255
57.6302 -5.64944 4.34463  255 255 255
62.8579 -7.73478 16.4421  255 255 255
62.8417 -7.73034 16.4075  255 255 255
6.27714 -15.8447 34.5122  255 255 255
-18.1972 -23.8372 33.2886  255 255 255
-9.14163 -28.0856 34.2294  255 255 255
14.7289 68.5381 -71.4523  255 255 255
-1.7299 63.2627 -63.4686  255 255 255
-1.84428 63.0171 -62.7478  255 255 255
3.45897 62.6808 -70.599  255 255 255
3.46364 62.4771 -70.4645  255 255 255
36.9657 65.6523 -91.0264  255 255 255
54.5176 29.8374 19.4023  255 255 255
60.368 -9.00184 8.75871  255 255 255
6.58105 -18.6119 34.715  255 255 255
-3.83153 -24.3666 35.6813  255 255 255
-43.723 45.5242 -45.2651  255 255 255
-43.567 45.2635 -44.5552  255 255 255
61.8265 3.02337 15.2822  255 255 255
59.5643 -6.77359 8.5525  255 255 255
-28.5097 59.4744 -45.8817  255 255 255
1.19582 70.9051 -58.919  255 255 255
16.2295 76.7986 -65.7775  255 255 255
-65.3368 45.702 -29.6126  255 255 255
-65.2812 45.6581 -29.4545  255 255 255
-59.4807 47.9234 -32.4096  255 255 255
15.8894 76.3832 -65.6795  255 255 255
2.20016 71.0118 -59.6156  255 255 255
-51.8582 50.4049 -35.7517  255 255 255
-51.7646 50.2469 -35.3816  255 255 255
-51.7856 50.2713 -35.4041  255 255 255
13.7537 75.2769 -65.0612  255 255 255
14.8448 75.4518 -64.9885  255 255 255
14.9052 75.5649 -65.3496  255 255 255
-28.6089 58.8448 -46.48  255 255 255
-28.6104 58.8068 -46.2232  255 255 255
-28.6142 58.8281 -46.4628  255 255 255
14.4069 75.338 -65.2923  255 255 255
14.4006 75.323 -65.2419  255 255 255
-66.599 44.7208 -29.5319  255 255 255
-65.5586 44.7018 -29.8899  255 255 255
28.2957 79.5845 -72.4437  255 255 255
-76.577 40.5556 -26.6642  255 255 255
-57.9936 46.5293 -34.4332  255 255 255
-57.9936 46.5293 -34.4332  255 255 255
-66.3745 43.0995 -31.0447  255 255 255
-33.3746 55.2307 -46.0763  255 255 255
-78.2561 38.7035 -26.009  255 255 255
-78.1598 38.7325 -25.7883  255 255 255
-78.2627 38.7609 -26.0532  255 255 255
20.2362 75.3881 -70.0648  255 255 255
-66.2335 42.6852 -31.3678  255 255 255
25.6251 76.7097 -72.8395  255 255 255
-6.74777 63.9905 -59.2107  255 255 255
-39.5852 51.2003 -44.4583  255 255 255
26.8082 76.2832 -74.1526  255 255 255
20.0629 73.3426 -71.3916  255 255 255
-11.4592 61.4287 -58.1171  255 255 255
-68.6703 39.9067 -31.708  255 255 255
-67.8056 40.1276 -31.7855  255 255 255
-80.6952 35.9426 -26.5198  255 255 255
-60.0836 42.7757 -35.3559  255 255 255
-6.83714 63.0046 -60.659  255 255 255
27.4633 75.893 -75.1741  255 255 255
-7.99337 62.1216 -59.7887  255 255 255
-60.4769 42.6031 -35.9433  255 255 255
-21.8022 56.444 -53.4879  255 255 255
-50.4521 45.8975 -41.3924  255 255 255
-35.8374 51.025 -47.895  255 255 255
-74.6305 36.9959 -30.3444  255 255 255
-23.3265 55.2224 -53.1557  255 255 255
-75.9713 36.301 -30.3987  255 255 255
-18.2468 57.1411 -56.0871  255 255 255
-22.7283 55.3713 -54.0192  255 255 255
-76.1132 35.9789 -29.8456  255 255 255
-62.4787 40.1258 -34.5882  255 255 255
-20.1865 56.2056 -55.2889  255 255 255
42.3208 79.6543 -82.7278  255 255 255
-81.7424 33.9667 -27.9777  255 255 255
-49.559 45.1085 -42.5274  255 255 255
-18.2234 56.6099 -56.3791  255 255 255
-71.7658 36.7955 -31.6713  255 255 255
-46.0533 46.1502 -43.9645  255 255 255
-49.2173 44.8775 -42.7873  255 255 255
-5.95877 61.167 -62.8202  255 255 255
-62.2485 40.1 -37.1202  255 255 255
-62.182 40.0538 -36.9889  255 255 255
-23.7298 53.955 -54.3715  255 255 255
-53.7168 42.9197 -41.0639  255 255 255
-46.0563 45.5768 -44.3826  255 255 255
-25.5622 53.1482 -53.7011  255 255 255
-10.6487 58.7041 -60.6587  255 255 255
-18.7391 55.5673 -57.2058  255 255 255
-49.9521 43.9884 -43.0043  255 255 255
-5.66255 60.417 -62.8898  255 255 255
-47.6338 44.6917 -44.1474  255 255 255
-46.7409 44.9333 -44.6104  255 255 255
-77.2893 34.3621 -31.5628  255 255 255
21.0219 69.9807 -74.7281  255 255 255
52.7613 81.659 -88.4047  255 255 255
-24.4042 52.7162 -54.8572  255 255 255
-70.9944 35.68 -33.2799  255 255 255
-27.654 51.5571 -53.8815  255 255 255
23.4679 70.7404 -76.3211  255 255 255
-78.3187 33.5797 -31.4762  255 255 255
53.1504 81.7122 -89.6224  255 255 255
-72.7985 34.9287 -32.5642  255 255 255
-18.9814 54.6339 -57.8798  255 255 255
0.355632 61.5874 -65.9774  255 255 255
-70.6043 35.8813 -34.8464  255 255 255
-70.6043 35.8813 -34.8464  255 255 255
-12.986 56.5211 -60.7806  255 255 255
-37.1889 47.361 -49.8049  255 255 255
20.5714 69.0825 -75.4803  255 255 255
-5.81333 59.0421 -64.2429  255 255 255
33.7535 73.825 -81.672  255 255 255
37.5877 75.047 -82.6781  255 255 255
-53.5852 40.9338 -41.8696  255 255 255
-58.5283 39.4392 -40.5372  255 255 255
39.3017 75.4247 -84.1754  255 255 255
39.3099 75.4406 -84.2168  255 255 255
15.6856 66.3842 -73.8557  255 255 255
29.5026 71.7382 -80.2843  255 255 255
46.8463 77.774 -86.623  255 255 255
-11.6901 56.0662 -61.9528  255 255 255
-12.482 55.7609 -61.9358  255 255 255
-4.83104 58.4124 -64.8901  255 255 255
33.8025 73.2855 -82.8328  255 255 255
-41.8043 44.8518 -48.801  255 255 255
-48.3664 42.2609 -45.7342  255 255 255
-42.5876 44.2202 -48.6368  255 255 255
-55.273 39.515 -42.7889  255 255 255
-55.9115 39.2617 -42.7984  255 255 255
18.4738 66.6926 -76.0807  255 255 255
57.0548 80.6492 -92.6785  255 255 255
12.173 64.3603 -73.5649  255 255 255
-39.5009 44.947 -50.3867  255 255 255
-51.0192 40.5146 -45.0578  255 255 255
-13.4971 54.3462 -62.433  255 255 255
-45.5898 42.0786 -46.8017  255 255 255
-45.6146 42.1229 -46.8558  255 255 255
-1.36421 58.7272 -67.5176  255 255 255
-1.35658 58.8302 -67.8313  255 255 255
-66.5081 34.3881 -36.2527  255 255 255
56.4888 79.7397 -93.1349  255 255 255
-54.4523 38.9405 -44.0778  255 255 255
-49.6547 39.9185 -45.8175  255 255 255
-16.0104 52.2689 -61.2249  255 255 255
-49.0908 39.9742 -45.9453  255 255 255
-54.8644 38.1875 -44.4261  255 255 255
-46.8896 40.7115 -46.9946  255 255 255
-46.42 40.8104 -46.9908  255 255 255
-38.7552 43.9459 -53.8379  255 255 255
43.0636 73.6637 -88.2647  255 255 255
-46.7182 40.7215 -49.7429  255 255 255
-46.004 40.5768 -48.7292  255 255 255
-67.2129 32.8219 -38.9152  255 255 255
-82.226 27.4293 -33.6068  255 255 255
-82.1353 27.3571 -33.3771  255 255 255
-77.4485 29.0047 -35.6932  255 255 255
-19.4766 47.3469 -55.8862  255 255 255
-81.4268 27.2821 -34.0541  255 255 255
-49.1008 38.2444 -48.5583  255 255 255
-42.476 40.4781 -51.5338  255 255 255
-47.1422 38.7064 -49.4918  255 255 255
-13.6753 50.5439 -65.3019  255 255 255
-39.7032 41.1511 -54.164  255 255 255
-52.6408 36.2319 -48.0208  255 255 255
-41.0762 40.4428 -53.6649  255 255 255
-8.85592 51.2794 -68.5899  255 255 255
10.9757 58.5389 -77.3232  255 255 255
-52.5528 35.3388 -48.747  255 255 255
60.3874 76.1886 -99.1416  255 255 255
9.27103 57.461 -76.4292  255 255 255
10.6309 58.2255 -77.9491  255 255 255
-65.4883 30.7514 -43.3316  255 255 255
-65.4883 30.7514 -43.3316  255 255 255
-12.1805 49.4389 -67.6849  255 255 255
-28.9024 43.1533 -60.6272  255 255 255
18.5976 60.5108 -81.6252  255 255 255
-10.9784 49.5453 -68.4882  255 255 255
-52.8179 34.3497 -49.485  255 255 255
25.1859 62.4418 -84.919  255 255 255
24.7077 62.161 -84.6549  255 255 255
18.5271 59.8563 -82.0312  255 255 255
-54.4175 33.39 -49.3718  255 255 255
18.6017 59.6049 -82.1828  255 255 255
-12.2718 48.0981 -68.9068  255 255 255
-82.5604 23.3789 -37.2348  255 255 255
9.11319 55.666 -78.8003  255 255 255
-7.6234 49.5018 -71.1581  255 255 255
-28.7494 41.6522 -61.7736  255 255 255
-65.0985 28.8879 -45.4568  255 255 255
-40.5197 37.1814 -56.3986  255 255 255
-63.4465 29.6258 -47.357  255 255 255
-52.847 32.8114 -50.7169  255 255 255
26.022 61.1569 -86.4667  255 255 255
-59.5382 30.3348 -47.9187  255 255 255
-74.3034 26.6355 -46.5656  255 255 255
25.2505 60.7187 -86.4777  255 255 255
41.0963 66.3963 -93.3233  255 255 255
27.2142 61.3575 -87.615  255 255 255
27.2142 61.3575 -87.615  255 255 255
24.9996 60.4624 -87.2455  255 255 255
-13.489 46.0133 -69.9078  255 255 255
45.8946 67.2202 -95.9216  255 255 255
45.9303 67.2862 -96.0992  255 255 255
-17.2009 44.1124 -68.2902  255 255 255
24.917 59.3908 -87.3178  255 255 255
24.9086 59.3838 -87.2844  255 255 255
26.0421 59.7706 -87.797  255 255 255
26.7877 59.9567 -87.9009  255 255 255
45.6501 66.608 -96.3279  255 255 255
47.0164 67.1253 -96.9507  255 255 255
51.1172 68.4111 -98.9988  255 255 255
5.86415 52.0864 -79.329  255 255 255
25.2198 59.2195 -88.4435  255 255 255
-34.2633 37.5445 -61.2825  255 255 255
55.5531 69.6706 -100.788  255 255 255
-65.7809 26.3311 -47.1706  255 255 255
-36.2001 36.5914 -61.1121  255 255 255
42.8605 64.6001 -95.8169  255 255 255
5.06938 50.8455 -79.5945  255 255 255
5.09182 50.8497 -79.4991  255 255 255
28.4024 59.2647 -90.444  255 255 255
24.8062 57.3959 -87.9047  255 255 255
-28.3827 38.0061 -65.4265  255 255 255
-39.3826 33.5306 -60.461  255 255 255
54.9325 67.3401 -102.857  255 255 255
-36.8943 34.3683 -62.0951  255 255 255
49.4794 64.8986 -100.851  255 255 255
49.3936 64.8987 -100.678  255 255 255
44.4216 62.8134 -97.8951  255 255 255
-54.6703 25.6886 -49.0326  255 255 255
-54.6703 25.6886 -49.0326  255 255 255
25.1908 55.7229 -90.797  255 255 255
35.9027 59.4848 -95.535  255 255 255
35.786 59.3116 -94.9803  255 255 255
47.3947 63.3613 -100.464  255 255 255
9.30343 49.337 -84.0763  255 255 255
-48.0214 29.2644 -60.0764  255 255 255
11.021 49.3517 -84.8238  255 255 255
-47.3027 29.0839 -60.721  255 255 255
30.1817 55.8232 -94.3162  255 255 255
25.866 54.0492 -92.2798  255 255 255
22.4715 52.7308 -90.7655  255 255 255
42.2306 59.6859 -99.6476  255 255 255
-68.821 20.1922 -51.0287  255 255 255
39.7651 58.5106 -102.888  255 255 255
48.1442 41.8551 -28.6277  255 255 255
-93.0467 7.19054 -34.9763  255 255 255
48.7719 39.2517 -27.3286  255 255 255
48.7719 39.2517 -27.3286  255 255 255
-90.1328 7.03294 -35.0994  255 255 255
-70.3988 13.0187 -43.1496  255 255 255
-66.7754 12.8654 -42.98  255 255 255
49.287 36.8078 -28.3092  255 255 255
49.6983 36.6652 -27.1776  255 255 255
49.6983 36.6652 -27.1776  255 255 255
10.4919 35.2792 -72.9342  255 255 255
3.97217 32.9309 -69.8968  255 255 255
12.3934 33.9464 -71.6181  255 255 255
49.546 33.7038 -28.6441  255 255 255
4.89677 26.545 -62.7402  255 255 255
16.0214 29.7947 -67.2577  255 255 255
7.80889 25.3769 -61.5616  255 255 255
2.64321 23.2829 -58.8089  255 255 255
2.6594 23.3211 -58.9851  255 255 255
35.936 33.9438 -73.2154  255 255 255
3.99121 23.09 -59.6423  255 255 255
8.07137 23.682 -59.7759  255 255 255
49.5032 30.4412 -35.2488  255 255 255
-94.811 -8.73545 -16.3806  255 255 255
36.9964 32.0919 -71.4359  255 255 255
-88.0031 -7.88617 -18.1125  255 255 255
48.9426 28.7897 -32.7664  255 255 255
3.14769 20.1273 -55.9934  255 255 255
51.4438 28.4191 -27.2121  255 255 255
-37.8477 6.86822 -40.3812  255 255 255
-78.614 -6.5213 -20.2599  255 255 255
4.31204 19.2801 -55.4654  255 255 255
14.8479 22.0671 -58.0837  255 255 255
51.4884 26.7144 -27.9784  255 255 255
-1.29092 15.7682 -49.9073  255 255 255
6.25229 17.9567 -52.001  255 255 255
-3.09143 15.0698 -48.9065  255 255 255
17.0552 21.4403 -57.2191  255 255 255
18.7515 21.8264 -58.0602  255 255 255
47.6194 26.7154 -38.127  255 255 255
25.6094 23.2339 -60.2617  255 255 255
51.3912 25.6317 -28.8562  255 255 255
51.4203 25.6447 -28.9  255 255 255
46.9365 25.7821 -39.1377  255 255 255
21.6913 20.8734 -57.5546  255 255 255
1.34112 13.9501 -48.0947  255 255 255
24.6871 21.6153 -58.681  255 255 255
51.1675 24.6176 -30.2201  255 255 255
40.2807 25.102 -63.2039  255 255 255
7.76647 14.5039 -49.2549  255 255 255
-62.2799 -7.20923 -21.8541  255 255 255
-21.0012 -0.00308475 4.64956  255 255 255
-20.3838 0.033895 4.59324  255 255 255
-46.1217 -3.51784 -25.0587  255 255 255
50.11 22.899 -36.45  255 255 255
50.11 22.899 -36.45  255 255 255
-6.15056 0.693694 24.0915  255 255 255
-24.0485 -2.77443 8.03317  255 255 255
0.524385 2.12667 20.8086  255 255 255
0.524385 2.12667 20.8086  255 255 255
3.71611 2.92008 21.1383  255 255 255
-24.8421 -3.48228 8.98875  255 255 255
3.09874 2.5291 21.563  255 255 255
3.10016 2.51175 21.4409  255 255 255
-9.07231 -1.54549 27.8182  255 255 255
-13.6251 -2.94131 26.111  255 255 255
48.7859 20.5926 -38.7353  255 255 255
-39.9322 -5.09273 -24.2023  255 255 255
53.378 20.3121 -28.3292  255 255 255
-67.5998 -13.3903 -13.7658  255 255 255
37.1868 17.902 -54.9063  255 255 255
-62.0462 -12.4707 -15.8616  255 255 255
-20.2157 -4.65744 14.7549  255 255 255
49.3641 19.1467 -37.6952  255 255 255
6.31231 1.61714 22.1638  255 255 255
16.6506 10.6243 -43.5847  255 255 255
29.6148 14.5991 -50.234  255 255 255
6.41622 1.14945 23.585  255 255 255
47.6857 14.5818 -4.82047  255 255 255
0.684141 -1.35743 26.5394  255 255 255
-17.9555 -6.28873 24.1681  255 255 255
-8.59295 -4.40325 30.3991  255 255 255
47.931 17.1021 -41.663  255 255 255
-22.0291 -7.19172 18.0662  255 255 255
8.66636 0.716471 22.3428  255 255 255
-0.189233 -2.32902 27.7461  255 255 255
51.43 16.8206 -35.0765  255 255 255
9.49525 0.629982 21.311  255 255 255
-28.1625 -9.91696 17.2035  255 255 255
28.1522 9.95411 -44.0815  255 255 255
-12.932 -7.16487 29.8801  255 255 255
31.2878 10.0297 -44.6572  255 255 255
6.96267 -1.49944 24.5912  255 255 255
-7.15456 -5.89077 31.9761  255 255 255
-7.22566 -6.12884 32.2313  255 255 255
33.7849 9.58196 -45.0198  255 255 255
42.2667 12.1196 -49.03  255 255 255
-9.3298 -7.22646 32.0088  255 255 255
-39.5768 -12.5976 -15.7409  255 255 255
-39.5305 -12.6064 -15.7624  255 255 255
-14.6985 -8.73147 29.2549  255 255 255
47.6933 10.8678 -9.93317  255 255 255
-12.9415 -8.59023 30.9349  255 255 255
-12.9722 -8.58203 30.5454  255 255 255
31.9798 7.98949 -42.7273  255 255 255
-17.5281 -9.85863 27.0063  255 255 255
47.8144 10.0816 -7.04395  255 255 255
-4.06542 -6.65142 33.242  255 255 255
25.8593 5.47929 -39.398  255 255 255
9.56002 -2.81327 26.443  255 255 255
-6.73082 -7.7328 33.2604  255 255 255
-5.093 -7.2937 33.5231  255 255 255
29.8784 5.96765 -40.1004  255 255 255
10.9427 -2.64623 24.8377  255 255 255
10.9305 -2.62609 24.9991  255 255 255
26.7092 4.91134 -40.2481  255 255 255
11.8069 -2.45042 24.0737  255 255 255
11.1485 -2.8128 24.8426  255 255 255
11.1485 -2.8128 24.8426  255 255 255
-4.6844 -7.72844 33.8214  255 255 255
49.9377 9.23303 -5.3393  255 255 255
-21.8719 -12.9849 24.7404  255 255 255
-10.174 -10.0818 32.956  255 255 255
48.7752 7.8623 -6.22311  255 255 255
-0.815354 -7.64244 34.1056  255 255 255
52.2621 9.99063 -36.879  255 255 255
49.5208 7.82132 -4.72391  255 255 255
51.274 9.44423 -39.0736  255 255 255
51.3448 9.49041 -39.3284  255 255 255
-6.81831 -9.61906 34.2276  255 255 255
10.6494 -4.55794 27.566  255 255 255
-6.85533 -9.83399 34.2001  255 255 255
50.0106 7.26099 -4.16841  255 255 255
-3.0644 -9.19992 34.7411  255 255 255
7.94856 -6.02789 30.2956  255 255 255
49.5831 6.54776 -5.49109  255 255 255
2.93144 -7.82263 33.5155  255 255 255
3.9927 -7.54425 32.7966  255 255 255
14.4534 -4.31252 22.791  255 255 255
-2.08573 -9.39164 34.9848  255 255 255
-10.1554 -11.6707 33.3934  255 255 255
-21.2239 -14.6889 26.7479  255 255 255
-21.2756 -14.7027 26.4591  255 255 255
-21.2577 -14.7033 26.5141  255 255 255
-21.2633 -14.7045 26.5366  255 255 255
-20.9655 -14.7187 26.6031  255 255 255
-20.9655 -14.7187 26.6031  255 255 255
48.0197 5.6487 -9.65299  255 255 255
12.9077 -5.2362 26.0379  255 255 255
-20.2391 -14.5902 26.3443  255 255 255
-11.9925 -12.629 33.1087  255 255 255
0.660018 -9.09716 34.4359  255 255 255
-4.43082 -10.7072 35.123  255 255 255
-4.43097 -10.7109 35.1154  255 255 255
8.77326 -6.99687 30.8791  255 255 255
0.427726 -9.58274 34.7803  255 255 255
4.69969 -8.5721 33.2613  255 255 255
-5.4858 -11.4101 34.7051  255 255 255
3.93671 -9.0397 33.8388  255 255 255
9.17725 -7.72392 30.4541  255 255 255
-2.96731 -11.2938 35.338  255 255 255
-6.03259 -12.2442 35.1917  255 255 255
9.1335 -8.01005 30.5928  255 255 255
9.37542 -7.98478 30.5248  255 255 255
50.4503 3.8229 -5.37808  255 255 255
50.9247 3.96821 -6.75527  255 255 255
35.7027 -0.154163 -33.6576  255 255 255
-50.0541 -24.9179 -0.893524  255 255 255
-25.9017 -18.5652 27.0358  255 255 255
48.9346 3.00391 -9.36291  255 255 255
48.4973 2.78147 -10.3497  255 255 255
-7.53662 -13.473 34.921  255 255 255
9.81742 -8.62808 30.8019  255 255 255
2.41844 -10.8945 35.0032  255 255 255
-2.42738 -12.3895 36.0678  255 255 255
49.3076 2.48936 -9.1553  255 255 255
34.6213 -1.88623 -32.0356  255 255 255
-1.58679 -12.3632 35.6557  255 255 255
10.8972 -8.92747 30.3533  255 255 255
-6.44824 -14.0112 35.2979  255 255 255
-4.36348 -13.4015 35.6761  255 255 255
10.6696 -9.15648 30.2196  255 255 255
46.4307 0.966509 -16.587  255 255 255
9.85918 -9.4671 31.0689  255 255 255
-14.1653 -16.463 31.6846  255 255 255
-7.99204 -14.6071 34.8352  255 255 255
33.9009 -2.89787 -30.7281  255 255 255
14.349 -8.41973 26.929  255 255 255
47.7253 0.985032 -14.2464  255 255 255
10.8106 -9.48623 30.4303  255 255 255
12.7866 -8.95687 28.7164  255 255 255
-3.9156 -13.9125 35.8138  255 255 255
-8.23636 -15.1546 34.8671  255 255 255
-5.818 -14.4686 35.5082  255 255 255
-5.81741 -14.4696 35.509  255 255 255
50.4352 1.34851 -8.24339  255 255 255
50.2179 1.27817 -7.57636  255 255 255
-6.9124 -14.9453 35.2783  255 255 255
49.8168 0.915682 -8.61167  255 255 255
8.74034 -10.5794 32.1336  255 255 255
-1.21311 -13.4949 35.9776  255 255 255
-10.449 -16.2998 33.9544  255 255 255
47.5638 -0.242903 -15.1022  255 255 255
46.8764 -0.644795 -16.4063  255 255 255
46.8643 -0.624734 -16.3719  255 255 255
-2.66066 -14.4173 36.1442  255 255 255
-2.66473 -14.427 36.0446  255 255 255
-11.8471 -17.1801 33.1556  255 255 255
-4.11086 -14.9237 35.9018  255 255 255
-3.87541 -14.8546 36.2342  255 255 255
2.1492 -13.1261 35.3859  255 255 255
50.6102 0.0254367 -7.26993  255 255 255
8.15422 -11.711 32.7848  255 255 255
0.488422 -13.9065 35.9042  255 255 255
-12.9521 -18.301 32.2538  255 255 255
6.20821 -12.7098 33.8433  255 255 255
49.2405 -1.4418 -11.5239  255 255 255
1.82131 -14.1494 35.8409  255 255 255
14.6815 -10.6285 27.7943  255 255 255
50.6048 -1.09266 -8.11728  255 255 255
2.46277 -14.0138 35.9248  255 255 255
5.04964 -13.3315 34.844  255 255 255
49.884 -1.47913 -10.121  255 255 255
-14.4637 -19.2423 31.3201  255 255 255
47.8511 -2.4269 -15.7134  255 255 255
8.26854 -12.6866 33.1031  255 255 255
8.26854 -12.6866 33.1031  255 255 255
-18.2527 -20.3959 31.7006  255 255 255
12.1348 -11.6542 30.4438  255 255 255
4.57616 -13.8055 34.8561  255 255 255
1.92565 -14.7535 36.0658  255 255 255
1.67939 -14.8736 36.1467  255 255 255
-47.4258 -30.1929 4.91669  255 255 255
7.93685 -13.1691 33.3177  255 255 255
-52.5746 -31.8011 6.15196  255 255 255
2.47308 -14.8228 35.6659  255 255 255
5.91854 -13.8422 34.555  255 255 255
-5.75729 -17.3104 35.9563  255 255 255
-5.76143 -17.3258 35.7033  255 255 255
-8.59487 -18.2497 34.7059  255 255 255
10.467 -12.9762 31.8847  255 255 255
-3.06772 -16.9596 36.0994  255 255 255
5.10198 -14.6284 35.0818  255 255 255
11.72 -12.9859 30.9097  255 255 255
11.72 -12.9859 30.9097  255 255 255
19.5546 -11.2503 18.0802  255 255 255
14.0258 -12.5034 28.9326  255 255 255
51.8202 -2.85249 -6.38876  255 255 255
-6.78739 -18.4827 35.2643  255 255 255
13.1725 -13.055 29.9695  255 255 255
-5.54438 -18.7378 35.6444  255 255 255
6.50862 -15.3225 34.454  255 255 255
49.1994 -5.08817 -14.3126  255 255 255
-8.43534 -20.1186 34.4793  255 255 255
-16.3656 -22.5991 32.4517  255 255 255
2.91888 -16.8389 35.8154  255 255 255
-1.50702 -18.2081 36.1062  255 255 255
0.129747 -17.8373 36.0217  255 255 255
-2.20827 -18.7158 36.3869  255 255 255
-0.244158 -18.1687 36.0306  255 255 255
0.706963 -17.933 36.0625  255 255 255
12.6971 -14.774 30.5509  255 255 255
0.527223 -18.1341 36.0053  255 255 255
49.1268 -6.69542 -14.9283  255 255 255
49.1148 -6.70843 -14.9887  255 255 255
-43.2313 -32.9856 7.80147  255 255 255
51.1457 -6.03235 -10.3721  255 255 255
6.39399 -16.6316 34.71  255 255 255
-3.55438 -19.5603 35.9333  255 255 255
12.36 -15.0955 31.3949  255 255 255
6.75394 -16.6139 34.6873  255 255 255
-72.6614 -41.8962 19.8668  255 255 255
-12.0194 -22.6449 34.7857  255 255 255
-19.3223 -24.9827 33.1068  255 255 255
-1.9183 -19.7949 35.86  255 255 255
50.4847 -7.3994 -12.8356  255 255 255
1.30062 -18.8769 35.9187  255 255 255
7.31646 -17.2442 34.2148  255 255 255
50.5853 -7.50463 -12.2784  255 255 255
14.6705 -15.5086 28.7729  255 255 255
-8.27407 -22.0113 34.0031  255 255 255
11.6302 -16.2716 31.6831  255 255 255
53.7738 -6.24421 -4.01847  255 255 255
50.7939 -7.75623 -12.1179  255 255 255
6.66979 -17.7346 34.5536  255 255 255
-17.1486 -25.0685 33.3282  255 255 255
-70.7074 -42.4276 19.9042  255 255 255
-17.5287 -25.3431 33.6586  255 255 255
-3.55495 -21.0573 35.294  255 255 255
-18.2275 -25.574 33.9436  255 255 255
52.7208 -7.34316 -6.25551  255 255 255
50.3644 -8.60084 -12.4983  255 255 255
-2.36799 -20.8804 35.4807  255 255 255
53.5134 -7.40289 -5.74821  255 255 255
1.82802 -19.7687 35.5812  255 255 255
-3.36565 -21.3782 35.3  255 255 255
9.40201 -17.8281 32.1284  255 255 255
3.95604 -19.2647 35.2555  255 255 255
0.701646 -20.3055 35.5835  255 255 255
-9.25759 -23.411 35.3924  255 255 255
-0.799834 -20.9397 35.4638  255 255 255
14.7283 -16.8689 29.0141  255 255 255
5.27815 -19.2545 35.0283  255 255 255
25.7274 -14.714 17.0772  255 255 255
-2.43474 -21.7953 35.2972  255 255 255
25.7687 -14.9547 16.7382  255 255 255
6.81305 -19.3288 34.197  255 255 255
15.1994 -17.402 28.2215  255 255 255
7.01566 -19.4016 34.2048  255 255 255
-15.0152 -26.2996 34.5825  255 255 255
-0.0664045 -21.7518 35.232  255 255 255
52.8588 -9.87431 -9.09069  255 255 255
49.1105 -11.6792 -16.0075  255 255 255
14.0906 -18.1888 29.6461  255 255 255
-6.13176 -23.8752 35.9799  255 255 255
26.8243 -15.5989 17.9394  255 255 255
15.3926 -18.1669 28.1246  255 255 255
1.17465 -21.8839 35.0385  255 255 255
2.34439 -21.5438 34.984  255 255 255
4.46601 -20.9081 34.7047  255 255 255
15.2109 -18.4354 27.8847  255 255 255
4.66494 -20.9594 34.8284  255 255 255
2.34389 -21.7452 34.8673  255 255 255
1.40207 -22.0675 34.9099  255 255 255
7.81368 -20.261 33.8616  255 255 255
4.27948 -21.3736 34.6324  255 255 255
26.6091 -16.2225 18.7142  255 255 255
51.5 -11.7632 -12.7765  255 255 255
49.8712 -12.7156 -17.2487  255 255 255
16.5412 -18.7028 27.5113  255 255 255
49.5683 -12.952 -15.516  255 255 255
51.709 -11.8936 -11.2349  255 255 255
-2.62805 -23.7951 35.3421  255 255 255
52.0411 -11.8932 -10.7787  255 255 255
-10.6021 -26.3598 34.8177  255 255 255
12.358 -19.7961 30.8995  255 255 255
-57.3388 -42.6832 19.4002  255 255 255
4.27289 -22.2718 34.2614  255 255 255
-2.34772 -24.5526 36.0125  255 255 255
14.6064 -20.1787 29.4172  255 255 255
-14.5982 -28.3596 36.7463  255 255 255
-7.42012 -26.2458 35.8701  255 255 255
-7.42106 -26.237 35.8653  255 255 255
53.3753 -12.7232 -9.5203  255 255 255
10.9387 -21.2127 31.1824  255 255 255
22.0242 -18.8614 22.5118  255 255 255
-14.7625 -28.6819 36.7631  255 255 255
16.2365 -20.119 29.4407  255 255 255
53.275 -13.1897 -9.49393  255 255 255
-16.8696 -29.8843 33.5716  255 255 255
7.92352 -22.4425 33.2007  255 255 255
0.77114 -24.3575 35.7927  255 255 255
5.87124 -23.1571 33.8044  255 255 255
-0.92184 -25.2816 36.7862  255 255 255
5.98462 -23.5051 34.2264  255 255 255
54.6659 -13.5126 -6.50715  255 255 255
54.0143 -14.0085 -8.7774  255 255 255
-2.01213 -25.8775 37.0027  255 255 255
3.01229 -24.5076 35.5328  255 255 255
11.529 -22.3841 31.869  255 255 255
-5.16607 -27.099 36.49  255 255 255
6.92205 -23.6944 34.3807  255 255 255
52.3477 -15.2824 -9.888  255 255 255
3.12274 -24.7715 35.772  255 255 255
13.4918 -22.1267 31.6465  255 255 255
1.38681 -25.4085 36.619  255 255 255
9.14101 -23.4652 33.9987  255 255 255
-11.611 -29.5291 37.7365  255 255 255
-6.89109 -28.2877 36.0744  255 255 255
21.3458 -21.0958 25.4742  255 255 255
1.09119 -26.1064 36.5461  255 255 255
1.09119 -26.1064 36.5461  255 255 255
-1.36245 -27.0437 36.3834  255 255 255
53.2982 -16.5542 -11.4874  255 255 255
53.2982 -16.5542 -11.4874  255 255 255
52.5953 -17.5987 -14.6534  255 255 255
16.2167 -22.8414 29.7995  255 255 255
-41.913 -42.8465 18.5696  255 255 255
-5.44822 -28.8536 36.732  255 255 255
55.2029 -16.5354 -7.43206  255 255 255
56.2769 -15.8956 -4.91119  255 255 255
21.2695 -22.4201 26.4824  255 255 255
53.1095 -18.1729 -13.3871  255 255 255
56.2807 -16.0958 -5.44721  255 255 255
56.1858 -16.1932 -4.42001  255 255 255
56.2579 -16.1721 -4.52252  255 255 255
1.02996 -27.5415 35.8704  255 255 255
-0.881171 -28.2039 35.7173  255 255 255
-0.881171 -28.2039 35.7173  255 255 255
-13.7734 -32.6515 33.8452  255 255 255
-6.82428 -29.8826 37.9673  255 255 255
-6.82428 -29.8826 37.9673  255 255 255
51.952 -19.1458 -12.6992  255 255 255
55.8066 -16.9715 -6.0256  255 255 255
-49.4788 -45.9723 22.9909  255 255 255
57.155 -16.708 -3.92276  255 255 255
57.1737 -16.6798 -3.93508  255 255 255
10.0887 -25.8547 33.6149  255 255 255
10.0887 -25.8547 33.6149  255 255 255
55.8897 -17.9521 -7.51194  255 255 255
-1.91539 -29.2738 36.5412  255 255 255
7.78751 -26.4833 34.8562  255 255 255
19.7178 -23.7328 28.4441  255 255 255
55.4546 -17.9563 -5.68351  255 255 255
57.0735 -17.2618 -3.79259  255 255 255
10.7863 -25.9874 33.3804  255 255 255
53.9708 -19.8693 -13.4421  255 255 255
-2.72993 -29.771 37.6445  255 255 255
-4.00255 -30.4152 38.3157  255 255 255
17.1495 -25.1133 30.2614  255 255 255
57.3674 -18.0296 -3.95327  255 255 255
57.3069 -18.0374 -3.81004  255 255 255
56.5279 -18.749 -6.58389  255 255 255
56.5279 -18.749 -6.58389  255 255 255
-11.1211 -34.0985 33.8554  255 255 255
-4.1537 -31.1118 39.0891  255 255 255
-42.0216 -46.3695 22.8049  255 255 255
-4.45992 -31.418 39.8785  255 255 255
8.17193 -28.2422 35.1258  255 255 255
-62.3023 -52.2795 31.458  255 255 255
2.89845 -29.8191 36.9507  255 255 255
5.40051 -29.1823 36.4115  255 255 255
6.14418 -29.1603 35.8258  255 255 255
20.7759 -25.6946 29.7695  255 255 255
55.5691 -21.8714 -10.7059  255 255 255
55.5802 -21.8698 -10.7668  255 255 255
55.6517 -22.2073 -10.8546  255 255 255
-38.8591 -46.8137 22.2835  255 255 255
9.43417 -28.9541 35.4031  255 255 255
9.43417 -28.9541 35.4031  255 255 255
12.7801 -28.126 33.9718  255 255 255
12.4789 -28.3911 34.6166  255 255 255
12.4789 -28.3911 34.6166  255 255 255
8.83244 -29.3391 35.9411  255 255 255
0.0433887 -31.7482 38.5256  255 255 255
12.6299 -28.6116 34.5766  255 255 255
10.6178 -29.0973 35.8092  255 255 255
-1.39194 -32.5582 37.9703  255 255 255
10.0972 -29.4669 35.9969  255 255 255
16.4799 -27.9779 33.4613  255 255 255
56.7993 -23.2062 -8.5019  255 255 255
-71.1311 -56.7816 36.7771  255 255 255
-31.3125 -45.6921 22.6754  255 255 255
-19.9692 -41.3335 27.6928  255 255 255
20.6271 -28.4213 27.2008  255 255 255
-37.0318 -48.005 24.356  255 255 255
-23.0737 -43.303 24.494  255 255 255
3.10165 -32.2871 38.3962  255 255 255
55.9107 -24.474 -6.49613  255 255 255
58.0189 -23.8004 -6.31745  255 255 255
-36.9618 -48.8761 25.4087  255 255 255
20.8025 -29.8699 25.8801  255 255 255
11.1338 -31.1447 35.2496  255 255 255
58.115 -25.1479 -5.96288  255 255 255
58.1207 -25.1333 -6.00993  255 255 255
4.02948 -33.8428 36.3661  255 255 255
13.6906 -31.506 33.2336  255 255 255
-37.9977 -50.049 26.6368  255 255 255
-40.7129 -51.0429 27.6656  255 255 255
13.8124 -31.7481 32.99  255 255 255
58.9692 -26.1948 -5.9297  255 255 255
57.6288 -26.1907 -2.31341  255 255 255
-39.6042 -51.6178 28.6959  255 255 255
7.65827 -34.5727 34.0662  255 255 255
59.3506 -26.8635 -5.14186  255 255 255
59.4488 -26.8035 -4.69768  255 255 255
12.2875 -34.1741 31.6458  255 255 255
10.1742 -34.9415 32.4199  255 255 255
5.17852 -36.5224 33.8258  255 255 255
2.81463 -37.7278 32.9152  255 255 255
-1.38024 -39.3622 32.0033  255 255 255
13.3406 -34.9821 30.1426  255 255 255
9.6929 -36.5596 31.2865  255 255 255
9.68329 -36.5389 31.4556  255 255 255
9.52091 -36.7415 31.2307  255 255 255
-4.1592 -42.0633 29.8944  255 255 255
52.3033 -30.8616 -0.113173  255 255 255
49.7378 -31.3391 1.73302  255 255 255
-49.3135 -56.7727 35.4137  255 255 255
47.2808 -32.2037 2.06741  255 255 255
9.04088 -39.4961 29.1635  255 255 255
51.9484 -32.7838 4.48061  255 255 255
13.5222 -40.3306 26.0422  255 255 255
-67.5282 -64.7671 45.5831  255 255 255
6.19807 -42.66 29.7972  255 255 255
-23.0179 -53.9439 30.2691  255 255 255
29.5817 -41.0983 15.8119  255 255 255
50.3938 -37.2151 9.10833  255 255 255
50.0745 -37.2943 9.496  255 255 255
50.0745 -37.2943 9.496  255 255 255
48.5969 -38.6086 9.61236  255 255 255
-19.4684 -55.6135 32.096  255 255 255
3.36777 -49.4614 28.9175  255 255 255
-6.30588 -53.1773 31.6539  255 255 255
26.7887 -46.0066 20.4309  255 255 255
-31.5833 -61.4152 37.3689  255 255 255
35.7811 -44.3696 17.1984  255 255 255
-54.5915 -67.3188 47.6605  255 255 255
-30.3409 -61.1215 38.6874  255 255 255
-30.3409 -61.1215 38.6874  255 255 255
-5.79194 -54.4512 31.6499  255 255 255
48.4972 -41.5442 14.7271  255 255 255
45.1113 -42.747 14.6821  255 255 255
-4.67194 -54.4235 31.5489  255 255 255
34.0293 -46.4559 17.2688  255 255 255
-19.1388 -59.1547 36.3826  255 255 255
-60.0111 -70.1492 50.9635  255 255 255
44.2394 -43.911 16.1204  255 255 255
8.31686 -52.2953 29.2397  255 255 255
0.844273 -56.2436 31.7255  255 255 255
-5.16103 -57.8376 33.5548  255 255 255
-23.4603 -62.5298 39.9762  255 255 255
3.20258 -57.2797 32.6294  255 255 255
0.985444 -58.3747 33.0058  255 255 255
50.0758 -47.1569 17.721  255 255 255
47.1326 -48.2317 19.0553  255 255 255
42.1285 -48.6862 22.7866  255 255 255
7.82408 -57.659 32.6712  255 255 255
-2.64367 -60.8715 36.6219  255 255 255
13.3945 75.5926 -64.5415  255 255 255
-0.99236 69.8551 -57.9712  255 255 255
-57.5667 48.3165 -33.2814  255 255 255
12.8245 74.7616 -64.7549  255 255 255
19.9075 77.2965 -68.1563  255 255 255
19.9095 77.2916 -68.1788  255 255 255
45.8346 86.6957 -79.6782  255 255 255
43.3765 85.4284 -78.4784  255 255 255
18.8279 76.048 -68.1362  255 255 255
45.2497 85.7922 -79.4569  255 255 255
16.2252 74.9206 -67.3534  255 255 255
16.1699 74.7743 -66.9675  255 255 255
42.1281 84.6642 -78.5682  255 255 255
-78.7683 39.3923 -24.9929  255 255 255
-65.6164 44.0079 -30.8092  255 255 255
-7.17219 65.6097 -57.1521  255 255 255
-7.17146 65.581 -57.1116  255 255 255
11.9836 72.7537 -65.3653  255 255 255
11.9836 72.7537 -65.3653  255 255 255
-66.7778 43.2308 -31.0122  255 255 255
28.8913 78.9572 -73.4593  255 255 255
47.5247 85.8128 -81.6017  255 255 255
-7.49829 63.6861 -58.7296  255 255 255
-50.0127 47.4905 -39.9458  255 255 255
-1.13471 64.7078 -61.5227  255 255 255
-83.5975 34.7391 -25.4656  255 255 255
-10.5041 60.6748 -58.7829  255 255 255
-78.4319 35.8711 -28.5001  255 255 255
-78.4845 35.8996 -28.6575  255 255 255
42.295 80.2342 -82.0451  255 255 255
10.9812 68.4946 -68.7569  255 255 255
55.6477 84.5689 -88.0719  255 255 255
-23.3454 55.0823 -53.8983  255 255 255
-63.1176 39.9671 -36.4742  255 255 255
55.6849 83.7222 -88.9939  255 255 255
-14.482 57.2167 -58.8334  255 255 255
36.4926 76.1439 -81.7537  255 255 255
23.1076 71.047 -75.9521  255 255 255
-34.6482 49.1774 -50.3399  255 255 255
35.0782 75.1383 -81.1  255 255 255
57.8897 83.4449 -91.1938  255 255 255
-53.9 41.6804 -42.1648  255 255 255
54.714 81.4312 -90.1432  255 255 255
-54.2009 41.1093 -42.6528  255 255 255
-5.1372 58.9625 -64.2968  255 255 255
-25.8703 50.3948 -56.3335  255 255 255
-46.7181 42.4468 -46.856  255 255 255
-46.4404 42.2304 -47.4662  255 255 255
-16.4094 52.5901 -61.3661  255 255 255
-45.575 40.7027 -49.0039  255 255 255
-79.2281 28.6586 -34.5576  255 255 255
-53.0669 37.2531 -46.4004  255 255 255
-78.6404 28.2673 -34.2724  255 255 255
12.0857 59.8745 -77.0032  255 255 255
-63.8957 31.4709 -43.6974  255 255 255
-63.939 31.5074 -43.8974  255 255 255
22.9774 62.755 -83.4326  255 255 255
-65.8025 30.3683 -43.7307  255 255 255
45.9258 70.3995 -93.6278  255 255 255
-69.1153 28.9694 -42.7004  255 255 255
-52.6725 33.924 -50.0144  255 255 255
45.2164 69.275 -93.2568  255 255 255
45.2164 69.275 -93.2568  255 255 255
-60.5904 30.2749 -46.3144  255 255 255
-29.5513 41.3442 -61.4272  255 255 255
-29.5657 41.3424 -61.4069  255 255 255
-51.957 33.3 -50.7906  255 255 255
-12.328 47.4298 -69.3761  255 255 255
2.21401 52.5798 -76.354  255 255 255
16.8936 58.3978 -85.6274  255 255 255
23.034 59.9917 -85.7774  255 255 255
-51.5407 32.811 -52.4176  255 255 255
-36.7881 37.6559 -59.3292  255 255 255
-27.5206 40.93 -63.3999  255 255 255
-83.7415 21.4539 -37.6765  255 255 255
-27.1259 40.6516 -63.5342  255 255 255
-18.6011 43.8789 -67.5939  255 255 255
-85.2865 20.8821 -37.2117  255 255 255
-14.9663 45.018 -69.4563  255 255 255
16.5215 57.1373 -85.3723  255 255 255
-27.155 40.0256 -64.231  255 255 255
-64.2264 26.997 -48.1684  255 255 255
-28.3826 39.332 -64.4163  255 255 255
-28.3091 39.2411 -64.0983  255 255 255
-40.1635 35.1813 -59.8088  255 255 255
26.2171 58.8258 -89.2437  255 255 255
26.1978 58.8071 -89.1546  255 255 255
7.40501 51.7114 -80.6304  255 255 255
27.2715 58.7345 -89.7463  255 255 255
27.2497 58.7507 -89.726  255 255 255
47.9549 65.573 -99.0614  255 255 255
22.9378 56.3538 -88.3968  255 255 255
29.6487 58.2744 -89.948  255 255 255
31.2071 58.0715 -92.0116  255 255 255
34.0795 59.1651 -93.7961  255 255 255
7.49629 49.673 -82.8052  255 255 255
8.11322 49.5832 -83.3206  255 255 255
10.6393 50.1673 -84.3746  255 255 255
12.2676 50.3653 -85.5555  255 255 255
28.8461 56.3773 -92.9346  255 255 255
30.8711 56.7039 -94.1744  255 255 255
28.802 56.025 -93.6365  255 255 255
12.261 49.8516 -85.9611  255 255 255
32.0211 56.7225 -93.758  255 255 255
29.6558 56.0103 -94.052  255 255 255
-26.0242 34.9338 -69.2027  255 255 255
-68.9347 19.6791 -50.5257  255 255 255
-31.6235 28.8093 -63.0481  255 255 255
-31.6235 28.8093 -63.0481  255 255 255
-67.3181 16.6694 -46.7852  255 255 255
-94.3239 7.74415 -35.5593  255 255 255
2.00823 38.5553 -75.8899  255 255 255
-71.4538 13.6288 -43.7723  255 255 255
6.4544 38.9477 -76.6872  255 255 255
6.45668 38.9605 -76.7429  255 255 255
9.92241 36.0093 -73.4245  255 255 255
13.2017 35.5716 -73.405  255 255 255
13.2017 35.5716 -73.405  255 255 255
11.438 34.9448 -72.5866  255 255 255
4.08198 32.2789 -69.2317  255 255 255
3.58266 31.8622 -68.2603  255 255 255
14.0937 35.2571 -73.4319  255 255 255
4.76065 31.8837 -68.6916  255 255 255
7.12576 32.2644 -69.414  255 255 255
-52.9765 12.2305 -43.2521  255 255 255
1.58919 30.1283 -66.6523  255 255 255
7.18914 31.5375 -68.4777  255 255 255
-38.3056 16.1076 -47.7383  255 255 255
48.6203 33.9776 -30.7083  255 255 255
-66.8352 5.09369 -33.9825  255 255 255
12.6194 30.6102 -67.6664  255 255 255
-66.5841 4.60886 -33.6316  255 255 255
2.99869 26.4944 -62.0876  255 255 255
9.43038 28.6123 -65.8851  255 255 255
-84.6247 -1.64901 -25.6679  255 255 255
13.5642 29.6323 -66.6877  255 255 255
4.11768 26.2416 -62.085  255 255 255
4.0774 25.6802 -61.711  255 255 255
6.7842 26.4443 -62.6911  255 255 255
5.5925 25.8378 -61.8595  255 255 255
2.44282 23.7735 -59.4407  255 255 255
4.64396 23.2307 -59.5204  255 255 255
4.00626 21.8485 -57.3404  255 255 255
-98.905 -10.7105 -13.5502  255 255 255
-1.77724 18.9664 -53.4519  255 255 255
6.8133 19.1481 -54.4874  255 255 255
26.3059 25.5842 -63.2608  255 255 255
4.39385 18.2598 -53.0879  255 255 255
6.4674 18.7153 -54.3994  255 255 255
6.18237 17.1955 -50.2942  255 255 255
-38.5658 3.05927 -34.3008  255 255 255
26.3256 21.4914 -58.3779  255 255 255
30.4642 22.3474 -59.4159  255 255 255
23.2456 19.0432 -55.4402  255 255 255
53.0127 23.3531 -27.1597  255 255 255
-64.2759 -8.63843 -19.8936  255 255 255
-5.63692 1.01175 23.9287  255 255 255
-25.13 -2.84801 8.14702  255 255 255
-5.91392 0.4611 23.7257  255 255 255
22.8051 15.3297 -51.0158  255 255 255
-41.4815 -6.30598 -22.1857  255 255 255
-24.957 -5.16083 11.0344  255 255 255
-39.806 -5.886 -23.2172  255 255 255
-14.3605 -4.2129 27.0289  255 255 255
-26.4595 -7.00467 13.0713  255 255 255
4.79108 0.75692 20.4739  255 255 255
-49.6394 -10.6886 -17.253  255 255 255
20.0768 9.40265 -43.1169  255 255 255
9.21613 0.749493 21.3127  255 255 255
20.2406 8.80845 -42.6007  255 255 255
31.1438 9.68939 -44.7551  255 255 255
47.4386 11.7899 -9.31516  255 255 255
47.6919 11.3792 -6.29944  255 255 255
9.77425 -1.62927 25.2005  255 255 255
-42.9111 -13.9587 -13.949  255 255 255
-11.6535 -8.21668 31.2543  255 255 255
-11.6535 -8.21668 31.2543  255 255 255
31.5877 7.69557 -44.1279  255 255 255
-17.7535 -10.1232 26.6323  255 255 255
29.0376 6.28858 -40.3628  255 255 255
-41.5544 -14.8076 -12.867  255 255 255
47.8752 9.40186 -7.86932  255 255 255
27.5971 5.37363 -40.038  255 255 255
-20.5404 -11.21 22.4786  255 255 255
30.2319 5.34427 -39.99  255 255 255
-40.9544 -15.8677 -11.3047  255 255 255
-28.0213 -13.8379 21.3822  255 255 255
38.2624 7.07929 -42.7773  255 255 255
8.03491 -4.59492 29.4831  255 255 255
48.8352 8.14756 -6.06426  255 255 255
38.9789 6.50061 -42.0836  255 255 255
38.6251 6.08078 -41.7002  255 255 255
-2.78103 -8.501 34.3042  255 255 255
-2.78103 -8.501 34.3042  255 255 255
-22.1952 -13.5737 25.2423  255 255 255
-1.92639 -8.27502 34.477  255 255 255
49.6778 7.57965 -4.43473  255 255 255
46.6927 6.82353 -11.9773  255 255 255
-24.3268 -14.571 22.5132  255 255 255
41.6702 4.97305 -40.869  255 255 255
8.00624 -6.88955 31.1603  255 255 255
-6.01928 -11.1596 35.077  255 255 255
-17.7917 -14.4042 27.6399  255 255 255
-14.3776 -13.8965 31.0477  255 255 255
2.71244 -9.12814 34.3034  255 255 255
7.51258 -7.89331 32.149  255 255 255
-2.39128 -10.9534 35.376  255 255 255
-8.40013 -13.0783 34.5346  255 255 255
47.9352 2.4515 -11.8067  255 255 255
8.35748 -9.27337 32.0424  255 255 255
-16.993 -16.604 28.8631  255 255 255
-54.9765 -27.869 2.3217  255 255 255
-48.5809 -26.4334 0.539858  255 255 255
-25.1184 -19.5598 27.9296  255 255 255
-8.85202 -15.2185 34.6295  255 255 255
47.6174 0.607113 -13.2529  255 255 255
-4.49715 -14.247 35.5739  255 255 255
-4.49715 -14.247 35.5739  255 255 255
16.6486 -8.26926 23.3651  255 255 255
0.362105 -13.6726 35.8866  255 255 255
15.2032 -9.88543 26.6001  255 255 255
-74.5876 -36.4073 12.8421  255 255 255
-2.36908 -15.9109 36.3722  255 255 255
3.07803 -14.5774 35.6392  255 255 255
-23.9739 -23.1568 32.1174  255 255 255
50.9307 -3.32217 -9.20565  255 255 255
4.23838 -15.5197 35.6057  255 255 255
49.3232 -5.82556 -13.6883  255 255 255
-12.1978 -21.7962 33.9384  255 255 255
2.61849 -17.3613 35.9024  255 255 255
-16.6959 -23.5851 32.5968  255 255 255
12.4307 -15.0443 30.8399  255 255 255
53.687 -5.07952 -3.83284  255 255 255
-9.49192 -21.7641 33.7299  255 255 255
-9.01533 -21.6861 34.1961  255 255 255
19.029 -14.4048 22.4429  255 255 255
3.32731 -18.4989 35.6133  255 255 255
4.3074 -18.3304 35.1204  255 255 255
-10.3755 -22.8621 34.916  255 255 255
1.25092 -19.3298 35.6588  255 255 255
1.83651 -19.2565 35.6284  255 255 255
14.7457 -15.9716 28.8952  255 255 255
16.8106 -16.026 26.0418  255 255 255
-6.05284 -22.4114 34.6406  255 255 255
-17.3292 -25.8949 34.2567  255 255 255
-16.2798 -26.0681 34.3758  255 255 255
-8.83993 -24.3151 35.9956  255 255 255
-38.2695 -35.8254 12.5897  255 255 255
14.0202 -18.7291 29.5688  255 255 255
17.0807 -18.1531 26.7574  255 255 255
-8.77369 -25.1555 35.9332  255 255 255
19.0594 -17.7358 26.2046  255 255 255
52.7059 -10.9384 -8.95067  255 255 255
1.9351 -22.2339 34.8133  255 255 255
52.4072 -11.6105 -10.9733  255 255 255
-8.67195 -25.7526 35.6985  255 255 255
8.43281 -20.9052 33.3396  255 255 255
5.4144 -22.1116 34.1888  255 255 255
7.12928 -21.8232 33.6265  255 255 255
7.12809 -21.8224 33.6304  255 255 255
7.48975 -21.8709 33.3357  255 255 255
51.4146 -14.2243 -12.5598  255 255 255
-78.2783 -50.4514 30.0397  255 255 255
-2.30436 -25.7483 37.0813  255 255 255
-65.4392 -47.9608 26.2923  255 255 255
3.34498 -25.2941 36.3167  255 255 255
11.2258 -23.2478 33.1561  255 255 255
6.88813 -24.6565 35.3944  255 255 255
10.0041 -24.0514 34.19  255 255 255
7.89397 -24.8914 35.3283  255 255 255
18.0854 -22.8191 28.0535  255 255 255
-56.2649 -47.2626 24.5666  255 255 255
-5.05734 -29.1307 36.8913  255 255 255
-5.04821 -29.091 37.1725  255 255 255
-0.689424 -28.3317 35.7167  255 255 255
-8.21789 -30.4924 38.4038  255 255 255
-12.6278 -33.1688 33.7795  255 255 255
-75.2679 -53.9595 33.7997  255 255 255
-75.2821 -54.8296 34.2774  255 255 255
-43.7614 -46.4058 22.3994  255 255 255
16.2039 -25.9214 31.3341  255 255 255
-1.18058 -30.4146 37.7893  255 255 255
55.0281 -21.1424 -11.616  255 255 255
2.37242 -29.6104 36.9262  255 255 255
55.5896 -20.2946 -6.70231  255 255 255
-62.7762 -52.2002 30.953  255 255 255
-48.0555 -48.3263 24.97  255 255 255
-39.8665 -46.1954 21.9479  255 255 255
-39.8665 -46.1954 21.9479  255 255 255
-73.3952 -55.638 35.4946  255 255 255
-38.5755 -46.4145 22.432  255 255 255
-14.5542 -37.3813 29.6177  255 255 255
56.6892 -21.7942 -8.52007  255 255 255
-14.6433 -37.688 29.3212  255 255 255
55.7938 -22.643 -11.0843  255 255 255
20.505 -26.9514 29.0037  255 255 255
19.8284 -27.0259 30.1383  255 255 255
-0.743194 -32.2865 38.0866  255 255 255
-14.3136 -38.5811 28.3576  255 255 255
-0.00357588 -32.2424 38.4295  255 255 255
-37.7092 -47.6583 22.5865  255 255 255
19.7113 -28.3437 28.9578  255 255 255
16.7478 -28.4849 34.1342  255 255 255
12.2508 -29.7428 35.7558  255 255 255
6.06382 -31.2243 38.341  255 255 255
-69.3562 -57.1099 37.2273  255 255 255
20.1332 -29.602 27.1285  255 255 255
13.0752 -30.4777 34.5606  255 255 255
13.0752 -30.4777 34.5606  255 255 255
-0.178983 -34.5432 36.2124  255 255 255
20.9538 -30.3701 24.9547  255 255 255
42.5496 -29.672 -2.26721  255 255 255
-51.6157 -54.1634 30.8795  255 255 255
-39.523 -50.7477 27.4707  255 255 255
50.9228 -28.6708 -3.08734  255 255 255
9.98818 -34.7195 32.5858  255 255 255
-36.9972 -51.9111 29.2149  255 255 255
22.4981 -34.6033 19.1842  255 255 255
-68.3525 -61.3277 41.6115  255 255 255
0.705168 -39.3352 32.3436  255 255 255
49.6757 -30.9843 0.676298  255 255 255
-28.9198 -52.1493 26.7345  255 255 255
-70.1625 -63.2187 43.8079  255 255 255
9.3956 -38.8289 29.896  255 255 255
34.1345 -36.3195 9.03885  255 255 255
3.13638 -41.97 29.1419  255 255 255
8.19116 -40.8751 27.5465  255 255 255
8.0819 -41.0539 28.3531  255 255 255
-44.8258 -58.2649 36.7611  255 255 255
32.9092 -38.8212 10.8426  255 255 255
-67.6476 -65.0051 45.7697  255 255 255
-63.6699 -64.6731 45.2168  255 255 255
-27.5211 -54.9551 32.1034  255 255 255
-27.4415 -56.1025 32.8929  255 255 255
-63.8661 -66.0102 46.6355  255 255 255
-40.8013 -59.9297 38.1952  255 255 255
-65.2992 -67.0934 48.1106  255 255 255
-26.1433 -56.7148 33.5539  255 255 255
-65.0928 -67.295 48.3808  255 255 255
56.3962 -38.6522 7.31363  255 255 255
48.1872 -41.426 10.8967  255 255 255
-34.0713 -61.8964 39.74  255 255 255
31.9117 -46.7312 18.2408  255 255 255
5.27137 -57.1537 31.6492  255 255 255
51.4086 -46.5682 22.3171  255 255 255
-1.33431 -60.7585 36.2619  255 255 255
14.3947 75.8259 -65.053  255 255 255
-3.78507 68.5116 -56.4822  255 255 255
17.3716 76.6958 -66.5409  255 255 255
19.263 77.3867 -67.4025  255 255 255
17.0126 76.0246 -66.7077  255 255 255
16.9876 76.0093 -66.6324  255 255 255
18.7195 76.6076 -67.6298  255 255 255
14.5744 74.8385 -65.8074  255 255 255
14.6515 74.8693 -66.0798  255 255 255
51.4312 88.3377 -82.3189  255 255 255
12.8845 73.9411 -65.5955  255 255 255
11.5936 73.2201 -65.3242  255 255 255
13.4637 73.6339 -65.8895  255 255 255
42.6364 84.4824 -78.5808  255 255 255
14.8203 74.0675 -66.5617  255 255 255
17.7034 75.2036 -68.1077  255 255 255
16.685 74.7369 -67.6843  255 255 255
25.7947 78.1065 -72.2469  255 255 255
18.2763 74.8257 -68.8136  255 255 255
18.2305 74.7895 -68.7136  255 255 255
21.12 75.0316 -70.6083  255 255 255
26.2674 76.3002 -73.9362  255 255 255
26.2497 76.222 -73.8369  255 255 255
24.6856 74.6044 -73.2748  255 255 255
-70.8833 38.4402 -29.6715  255 255 255
53.2662 84.9348 -86.1303  255 255 255
-66.4392 39.7996 -33.2114  255 255 255
-63.4468 40.7631 -35.7093  255 255 255
-35.269 50.7815 -48.1724  255 255 255
-21.7901 55.6536 -54.1541  255 255 255
-69.502 38.1608 -33.2025  255 255 255
24.4524 71.7886 -74.9124  255 255 255
-48.9307 44.2085 -44.1056  255 255 255
-40.0373 47.3404 -48.2035  255 255 255
53.9353 81.5473 -89.0694  255 255 255
53.2339 80.956 -89.2613  255 255 255
-62.3459 38.017 -38.7928  255 255 255
-49.3445 42.6547 -44.7773  255 255 255
55.4356 80.9397 -91.3329  255 255 255
43.7416 76.4528 -86.6963  255 255 255
-69.9785 33.8433 -34.8675  255 255 255
-62.9832 35.7499 -36.786  255 255 255
2.80569 60.5967 -69.7538  255 255 255
-16.8704 52.9999 -61.1346  255 255 255
-52.199 39.2494 -43.478  255 255 255
-73.4544 31.0166 -33.0892  255 255 255
-46.1549 39.2817 -49.6241  255 255 255
-54.784 35.0049 -47.5546  255 255 255
-60.9133 31.9639 -44.9131  255 255 255
46.4964 69.6454 -94.217  255 255 255
1.9044 53.3753 -75.1744  255 255 255
-52.4907 33.4862 -50.7786  255 255 255
63.1689 75.4421 -105.096  255 255 255
-27.0895 41.8657 -62.9064  255 255 255
-29.0475 40.8445 -61.4176  255 255 255
-29.112 40.9713 -62.3582  255 255 255
-12.1463 46.8099 -69.5554  255 255 255
-11.4896 46.8044 -70.6606  255 255 255
47.9221 68.2315 -96.6881  255 255 255
-18.0398 44.1937 -67.8857  255 255 255
-27.9487 39.7092 -64.0094  255 255 255
4.61163 51.26 -79.2969  255 255 255
-11.2405 45.3558 -71.9252  255 255 255
8.18564 52.1832 -80.305  255 255 255
-29.3807 38.4305 -64.0368  255 255 255
52.75 67.8671 -100.318  255 255 255
22.9073 56.977 -88.4819  255 255 255
-143.245 4.31251 -28.299  255 255 255
47.4028 64.5804 -98.6978  255 255 255
51.1164 65.9515 -100.555  255 255 255
30.2336 58.3466 -91.8661  255 255 255
-28.4724 37.0734 -65.7115  255 255 255
29.6557 57.6475 -92.5066  255 255 255
6.56357 49.0679 -82.3889  255 255 255
27.619 56.4968 -91.7178  255 255 255
30.2653 57.2713 -92.9218  255 255 255
34.9827 58.7437 -95.378  255 255 255
6.52282 48.3028 -83.2722  255 255 255
11.1294 49.744 -85.3541  255 255 255
6.17709 47.3824 -83.8569  255 255 255
6.15275 47.3218 -83.6189  255 255 255
12.1408 49.2479 -86.7233  255 255 255
6.52891 40.984 -79.0568  255 255 255
-62.7131 15.6419 -46.6286  255 255 255
-71.8118 12.2171 -41.8708  255 255 255
-71.8333 11.5887 -41.1112  255 255 255
48.1745 38.302 -29.4832  255 255 255
39.1654 47.3455 -88.6161  255 255 255
13.5331 36.5545 -74.8319  255 255 255
7.18829 33.8134 -70.9929  255 255 255
19.5339 38.0255 -76.6694  255 255 255
7.25351 32.9477 -70.0559  255 255 255
-85.4988 1.35566 -29.427  255 255 255
2.31889 26.3471 -62.2869  255 255 255
-89.8073 -4.03756 -22.3518  255 255 255
-89.887 -4.05806 -22.3478  255 255 255
-72.3814 0.735706 -29.1739  255 255 255
2.4191 24.4193 -60.014  255 255 255
2.41623 24.4061 -59.9332  255 255 255
3.28503 24.4272 -60.4568  255 255 255
1.17091 22.7512 -57.992  255 255 255
2.48765 22.5598 -58.0066  255 255 255
5.7842 23.2912 -58.9001  255 255 255
-6.05948 18.7504 -54.1682  255 255 255
-2.34267 18.7699 -53.2895  255 255 255
-85.3237 -6.9798 -19.4706  255 255 255
50.2787 28.8868 -29.8503  255 255 255
-5.69281 17.1026 -51.8651  255 255 255
-100.945 -13.8411 -9.63102  255 255 255
-65.4316 -2.94061 -27.181  255 255 255
-1.13099 16.4909 -50.9313  255 255 255
-1.16512 16.4895 -50.9798  255 255 255
-0.2913 16.2648 -50.8341  255 255 255
-21.0205 9.09063 -40.976  255 255 255
5.97566 17.0285 -52.0202  255 255 255
-29.4897 5.35072 -36.4062  255 255 255
-86.1671 -11.9054 -13.2802  255 255 255
23.2671 19.7468 -56.7636  255 255 255
8.42472 14.7617 -50.7753  255 255 255
-46.1729 -4.08532 -24.722  255 255 255
-5.62496 0.65501 23.4705  255 255 255
-5.62004 0.6696 23.4147  255 255 255
49.6065 20.2499 -36.4483  255 255 255
-40.8636 -6.18202 -22.7374  255 255 255
-40.8636 -6.18202 -22.7374  255 255 255
-8.9773 -2.69298 28.4001  255 255 255
-45.9107 -8.83543 -19.2333  255 255 255
-25.8047 -6.42349 12.3431  255 255 255
-25.8157 -6.41457 12.2954  255 255 255
-8.82966 -3.45757 29.3516  255 255 255
-8.08076 -3.93311 30.1374  255 255 255
34.3045 12.8785 -49.4059  255 255 255
-17.6042 -8.20993 25.751  255 255 255
-17.6042 -8.20993 25.751  255 255 255
-12.8042 -7.69321 30.2192  255 255 255
-57.8761 -18.4483 -7.79296  255 255 255
33.5088 8.41396 -43.9933  255 255 255
37.848 8.6712 -43.0489  255 255 255
-11.4111 -9.20884 32.0755  255 255 255
49.4021 8.26079 -4.48012  255 255 255
-7.4317 -9.60172 33.8045  255 255 255
-77.0242 -27.607 3.74296  255 255 255
-19.0576 -13.1098 25.6098  255 255 255
28.9819 2.22291 -35.1812  255 255 255
0.24946 -8.29537 34.1459  255 255 255
-9.80221 -11.647 33.6445  255 255 255
10.3097 -5.96821 28.5501  255 255 255
10.3212 -5.97725 28.3984  255 255 255
-27.0452 -16.5465 24.4727  255 255 255
-21.4271 -14.9635 26.6983  255 255 255
-24.8005 -17.0502 25.3438  255 255 255
-14.9866 -14.7655 30.8047  255 255 255
-52.1131 -24.8765 -1.30521  255 255 255
50.3065 1.73626 -6.83943  255 255 255
13.8535 -9.42181 28.1416  255 255 255
-47.6853 -28.1348 2.73988  255 255 255
6.52519 -11.9477 34.4313  255 255 255
-47.9003 -28.7359 3.4525  255 255 255
50.794 -0.728716 -7.55532  255 255 255
13.7381 -10.7311 28.7689  255 255 255
-3.87124 -16.0969 36.0214  255 255 255
-8.55574 -17.6394 34.7536  255 255 255
51.8489 -1.83439 -5.90453  255 255 255
-22.445 -22.6565 30.9007  255 255 255
4.83129 -14.8661 35.2747  255 255 255
4.82612 -14.8732 35.4258  255 255 255
-7.40877 -18.5932 35.1783  255 255 255
12.8342 -12.9449 30.2517  255 255 255
-6.93133 -19.6766 35.0434  255 255 255
-16.0349 -23.1971 32.501  255 255 255
-5.73471 -20.0419 35.3099  255 255 255
6.14817 -17.0835 34.7428  255 255 255
6.16035 -17.0961 34.754  255 255 255
-2.68063 -20.266 35.7416  255 255 255
4.90515 -18.3893 35.1019  255 255 255
3.30127 -19.7145 35.3774  255 255 255
3.30127 -19.7145 35.3774  255 255 255
20.0075 -16.8373 24.8231  255 255 255
0.756037 -22.1495 35.0286  255 255 255
-69.2888 -45.2091 23.5969  255 255 255
-7.16063 -24.5817 37.1636  255 255 255
52.4947 -11.7089 -9.76664  255 255 255
52.4895 -11.7315 -9.72791  255 255 255
-14.2527 -27.5205 35.801  255 255 255
15.9698 -19.3033 28.3458  255 255 255
26.4011 -17.1183 19.9169  255 255 255
-19.5037 -30.7694 29.8603  255 255 255
-3.10534 -25.2722 36.9328  255 255 255
-57.6827 -44.4901 21.7946  255 255 255
-0.632119 -24.9984 36.5149  255 255 255
53.4757 -15.135 -11.0733  255 255 255
-20.988 -33.6485 26.3599  255 255 255
-77.8063 -52.9797 33.1121  255 255 255
21.8779 -22.4227 26.1342  255 255 255
-6.69197 -29.7633 37.7634  255 255 255
-43.7189 -44.126 19.9975  255 255 255
-40.7476 -45.0893 21.2196  255 255 255
-74.5502 -54.8874 34.6393  255 255 255
15.8881 -26.0357 31.3666  255 255 255
-74.5648 -55.7248 35.7065  255 255 255
-53.7261 -49.9393 27.7835  255 255 255
-14.551 -36.7862 29.8019  255 255 255
-24.2677 -41.3336 24.6619  255 255 255
56.4206 -21.6229 -8.63135  255 255 255
-72.8933 -56.0395 36.0531  255 255 255
21.6617 -26.4874 27.6101  255 255 255
55.4608 -22.528 -7.78851  255 255 255
-71.6714 -56.2903 36.1688  255 255 255
14.2411 -28.3436 34.3732  255 255 255
-37.8974 -47.4963 23.9884  255 255 255
-52.6105 -51.5748 29.1664  255 255 255
56.7184 -23.4059 -9.375  255 255 255
12.4396 -29.4157 35.5429  255 255 255
10.9982 -29.8306 36.0341  255 255 255
8.19606 -30.6988 37.3848  255 255 255
57.4876 -24.9756 -8.86957  255 255 255
58.1209 -25.8268 -7.93001  255 255 255
-72.1575 -61.716 42.7486  255 255 255
-71.7058 -61.8674 42.7704  255 255 255
0.398445 -38.9349 32.14  255 255 255
24.2227 -34.4214 18.3989  255 255 255
10.6017 -36.7605 30.435  255 255 255
-72.6883 -62.948 43.9607  255 255 255
-33.0073 -52.4177 29.3804  255 255 255
-67.1528 -62.1024 42.5552  255 255 255
-29.018 -51.774 28.3045  255 255 255
7.40515 -38.9685 30.5621  255 255 255
52.9654 -32.1984 -0.215449  255 255 255
7.75589 -41.1602 28.3048  255 255 255
8.19385 -41.417 28.2125  255 255 255
-7.96687 -45.9607 32.2567  255 255 255
-26.9774 -53.4931 30.5133  255 255 255
-24.8188 -53.8938 30.5269  255 255 255
-26.3676 -54.3995 31.0973  255 255 255
33.4903 -39.5839 11.0702  255 255 255
-64.5228 -64.841 45.5601  255 255 255
-21.5102 -54.6988 31.0863  255 255 255
-35.0575 -60.9608 38.6875  255 255 255
57.7054 -39.8552 8.04763  255 255 255
58.4017 -41.2816 10.4662  255 255 255
-32.8407 -64.0604 42.5082  255 255 255
44.5793 -46.1107 17.0912  255 255 255
50.3086 -45.1455 15.4928  255 255 255
58.5062 -43.6704 13.5536  255 255 255
54.1346 -45.03 15.4837  255 255 255
-10.8523 -60.8952 37.7324  255 255 255
27.7726 81.029 -70.356  255 255 255
21.3953 77.995 -68.2695  255 255 255
14.0636 75.1585 -65.2288  255 255 255
14.0674 75.1661 -65.258  255 255 255
13.4436 74.5795 -65.2486  255 255 255
50.5469 88.4233 -81.6617  255 255 255
16.2131 75.4797 -66.5727  255 255 255
-112.109 49.119 -63.9766  255 255 255
19.4733 76.5508 -68.5215  255 255 255
-7.80817 65.4853 -56.7012  255 255 255
-168.811 38.7249 -65.8476  255 255 255
-3.4672 65.1014 -60.2282  255 255 255
18.8419 73.5798 -70.4406  255 255 255
27.0003 76.0423 -74.338  255 255 255
26.9992 76.0429 -74.3318  255 255 255
-22.3451 55.8541 -53.4159  255 255 255
42.5639 78.9342 -83.5203  255 255 255
20.4895 70.3909 -74.3971  255 255 255
53.9342 82.1475 -88.4656  255 255 255
-50.8261 43.6394 -43.9425  255 255 255
37.8467 75.4247 -82.7764  255 255 255
25.6894 71.0277 -78.6005  255 255 255
41.7271 76.6558 -84.8943  255 255 255
-46.1309 42.7392 -46.9655  255 255 255
-68.4107 34.5578 -36.5521  255 255 255
-48.1283 40.9288 -46.1927  255 255 255
35.0859 71.754 -84.94  255 255 255
-13.5245 50.8778 -65.1188  255 255 255
-9.8839 51.8374 -66.9581  255 255 255
33.9719 66.6957 -87.4038  255 255 255
-115.27 -1.00421 26.2133  255 255 255
-10.7482 47.76 -70.5383  255 255 255
6.92353 53.6317 -78.5784  255 255 255
30.4071 62.0531 -88.2557  255 255 255
21.1357 58.3295 -84.668  255 255 255
6.81692 52.6183 -79.3967  255 255 255
-39.7443 34.9751 -59.356  255 255 255
45.4922 65.1738 -97.0057  255 255 255
-141.295 5.95564 -30.5011  255 255 255
30.2669 59.5972 -90.633  255 255 255
7.94019 51.4328 -81.2406  255 255 255
39.3267 64.0712 -99.5961  255 255 255
32.6788 60.0389 -92.3817  255 255 255
32.7293 60.102 -92.6338  255 255 255
-29.0507 37.3603 -65.0866  255 255 255
2.17228 48.3982 -79.887  255 255 255
-36.8874 33.9277 -63.1965  255 255 255
20.7733 54.0973 -89.3264  255 255 255
-136.991 2.98011 -27.082  255 255 255
31.5245 57.4233 -93.7958  255 255 255
47.7253 62.8279 -101.221  255 255 255
47.7635 62.8715 -101.238  255 255 255
53.2531 64.0556 -104.359  255 255 255
-134.909 2.04498 -26.5823  255 255 255
30.9507 55.8938 -94.0481  255 255 255
-96.1163 12.4749 -40.907  255 255 255
3.49738 42.7613 -79.8584  255 255 255
-100.085 7.7756 -35.257  255 255 255
-131.457 -2.30119 -21.6096  255 255 255
-32.0064 24.3029 -57.741  255 255 255
-67.4298 12.5572 -43.0621  255 255 255
13.7499 37.2932 -75.2056  255 255 255
13.7567 37.2561 -75.2128  255 255 255
16.0869 38.2846 -76.5096  255 255 255
5.23559 33.8039 -70.8929  255 255 255
10.4393 32.2075 -69.7977  255 255 255
-38.2604 15.2401 -46.9752  255 255 255
-67.7018 4.22752 -33.6641  255 255 255
-72.2699 2.15198 -30.2587  255 255 255
-80.5043 -0.73972 -27.2614  255 255 255
-65.1442 3.4846 -32.7871  255 255 255
-95.1803 -6.07936 -20.1836  255 255 255
1.56763 23.4092 -58.1365  255 255 255
-64.0834 -0.134417 -27.9324  255 255 255
-64.9005 -0.50015 -27.9319  255 255 255
-0.154307 19.5992 -54.5315  255 255 255
2.49252 19.6185 -54.725  255 255 255
1.86137 18.8937 -53.8053  255 255 255
7.34955 20.6974 -56.0184  255 255 255
-25.8313 9.53723 -41.4092  255 255 255
4.78648 18.9319 -54.1488  255 255 255
4.80935 18.9297 -54.0204  255 255 255
7.40029 20.1557 -57.6563  255 255 255
0.146447 16.9985 -51.157  255 255 255
26.1288 22.4799 -58.8643  255 255 255
21.0589 20.2551 -56.3774  255 255 255
48.8879 24.7278 -35.3651  255 255 255
20.3969 18.1758 -54.4842  255 255 255
-36.7502 -0.36958 -29.5499  255 255 255
19.5275 17.4862 -55.5954  255 255 255
-81.387 -14.8285 -10.8328  255 255 255
-42.9948 -5.63169 -22.8633  255 255 255
-10.4872 -5.15384 30.0445  255 255 255
27.3968 9.24903 -43.8197  255 255 255
10.0727 -0.615335 23.3247  255 255 255
27.2742 5.74092 -38.5698  255 255 255
48.2513 9.81239 -6.72837  255 255 255
-10.5393 -11.6103 33.2836  255 255 255
14.4269 -6.17284 24.9329  255 255 255
14.4309 -6.16079 24.9013  255 255 255
9.6472 -7.73008 30.7493  255 255 255
-22.5878 -17.1944 25.7765  255 255 255
8.42418 -9.77233 32.3553  255 255 255
3.0533 -11.5152 35.079  255 255 255
13.9171 -8.8358 27.8913  255 255 255
14.4384 -8.84877 27.2844  255 255 255
-48.2538 -27.8057 2.1748  255 255 255
-46.4171 -27.6588 2.11163  255 255 255
-9.70192 -18.1892 34.1166  255 255 255
50.8002 -2.331 -8.63747  255 255 255
3.75931 -14.7602 35.5475  255 255 255
-2.18171 -16.6853 36.1104  255 255 255
-4.59074 -18.4532 35.8258  255 255 255
51.6638 -4.47064 -8.40899  255 255 255
-87.3958 -44.6319 24.6101  255 255 255
-3.98051 -19.759 35.7726  255 255 255
0.644158 -18.3295 36.0863  255 255 255
-6.86445 -20.8179 34.9004  255 255 255
-4.13941 -20.4341 35.4692  255 255 255
15.1976 -15.2285 28.2196  255 255 255
7.52731 -17.5004 34.2535  255 255 255
16.3238 -16.0825 26.4271  255 255 255
16.3238 -16.0825 26.4271  255 255 255
-5.15983 -22.7417 34.6789  255 255 255
-1.87214 -21.7315 35.265  255 255 255
17.9863 -17.2546 25.5846  255 255 255
-41.6007 -37.383 12.5634  255 255 255
-9.65156 -25.4833 35.4931  255 255 255
-23.352 -30.8043 25.7811  255 255 255
21.2383 -18.0519 22.3373  255 255 255
-0.910135 -24.182 35.544  255 255 255
13.9964 -20.4577 29.7801  255 255 255
-10.1576 -28.8597 36.7991  255 255 255
-62.5514 -47.8546 27.1456  255 255 255
15.834 -22.5568 30.142  255 255 255
-79.0486 -53.194 33.2929  255 255 255
54.923 -16.2744 -4.37097  255 255 255
-61.3048 -49.058 27.4694  255 255 255
54.0933 -19.1477 -12.0812  255 255 255
16.4317 -25.5321 31.2096  255 255 255
-40.3434 -45.3268 21.7169  255 255 255
55.2089 -21.8643 -11.7977  255 255 255
56.5664 -22.2695 -8.78124  255 255 255
-51.8151 -51.1653 27.1504  255 255 255
13.3711 -28.3775 34.6374  255 255 255
57.8148 -21.8769 -5.69086  255 255 255
57.557 -23.0161 -7.05237  255 255 255
-36.7079 -47.7048 24.0827  255 255 255
11.9367 -29.6133 35.5075  255 255 255
-51.2097 -51.7893 29.4193  255 255 255
-37.4773 -48.5709 24.9773  255 255 255
-52.4667 -53.1463 30.7115  255 255 255
11.7112 -31.9002 34.1459  255 255 255
11.7112 -31.9002 34.1459  255 255 255
12.3123 -33.2841 32.0752  255 255 255
-50.5482 -54.6944 31.3555  255 255 255
-50.5482 -54.6944 31.3555  255 255 255
-42.3283 -52.3341 29.4462  255 255 255
50.9892 -28.9186 -4.01308  255 255 255
50.8268 -29.9151 -2.24736  255 255 255
-1.37629 -39.0694 32.2299  255 255 255
-1.2054 -39.759 31.3802  255 255 255
13.5887 -37.1193 28.2572  255 255 255
-69.0044 -63.4528 44.1465  255 255 255
43.0913 -38.424 8.31777  255 255 255
-29.2875 -56.3495 33.2577  255 255 255
51.0122 -37.4618 6.2303  255 255 255
4.1598 -46.4548 31.6415  255 255 255
53.5125 -37.65 6.83082  255 255 255
-61.6121 -68.6315 49.3361  255 255 255
56.4249 -39.7766 7.72575  255 255 255
-54.3449 -68.7832 49.4699  255 255 255
5.54643 -57.0231 31.3747  255 255 255
45.0109 86.3883 -79.1949  255 255 255
30.7037 81.0374 -73.2876  255 255 255
30.6594 80.9696 -73.1255  255 255 255
20.006 75.8801 -69.1881  255 255 255
27.6808 78.7608 -72.6282  255 255 255
27.7219 78.8192 -72.81  255 255 255
30.0481 79.5053 -73.5039  255 255 255
-65.4364 43.1907 -30.8522  255 255 255
12.6375 72.5492 -66.2278  255 255 255
12.6634 72.5682 -66.3643  255 255 255
14.0244 72.871 -67.1443  255 255 255
16.2615 73.6394 -68.2426  255 255 255
19.2812 74.7738 -69.7097  255 255 255
26.4911 77.2031 -73.2521  255 255 255
25.0864 75.6637 -73.0993  255 255 255
54.4083 86.0819 -86.049  255 255 255
54.2588 85.9252 -85.745  255 255 255
40.9039 79.0852 -82.064  255 255 255
40.893 77.8602 -82.9676  255 255 255
55.6072 82.1805 -90.565  255 255 255
-119.125 5.98668 25.7999  255 255 255
-69.0718 34.9374 -35.5865  255 255 255
-76.9644 30.9295 -32.9731  255 255 255
-27.5131 47.5501 -55.9078  255 255 255
38.0045 71.0638 -92.9036  255 255 255
-74.2448 25.8262 -44.2331  255 255 255
-27.7547 40.586 -63.4696  255 255 255
26.6084 59.996 -88.1825  255 255 255
26.6084 59.996 -88.1825  255 255 255
29.221 60.0096 -90.1337  255 255 255
6.72638 50.8978 -80.9973  255 255 255
-141.006 5.05079 -30.5333  255 255 255
10.3804 51.8933 -83.727  255 255 255
10.3586 51.8596 -83.4497  255 255 255
27.155 57.2515 -90.8524  255 255 255
28.6874 57.7609 -92.0003  255 255 255
28.6421 57.7071 -91.7977  255 255 255
-138.476 3.85748 -28.1533  255 255 255
6.48011 49.2563 -82.1408  255 255 255
-141.531 1.26208 -25.1795  255 255 255
5.32431 47.7994 -82.4794  255 255 255
5.30465 47.7955 -82.424  255 255 255
25.1076 54.1586 -91.7516  255 255 255
-20.2074 26.8592 -61.359  255 255 255
-94.5384 3.15935 -30.4868  255 255 255
16.938 36.6239 -75.322  255 255 255
15.139 35.6572 -73.3412  255 255 255
15.0967 35.6276 -73.2884  255 255 255
-91.3268 -3.19845 -23.6469  255 255 255
-68.0306 3.50787 -32.4772  255 255 255
-98.8833 -9.02553 -15.9154  255 255 255
-98.8833 -9.02553 -15.9154  255 255 255
3.28439 22.9804 -58.7475  255 255 255
0.862749 22.132 -58.7435  255 255 255
-92.6622 -8.11127 -17.0717  255 255 255
-1.44459 18.162 -52.8126  255 255 255
0.335529 18.8118 -54.0839  255 255 255
48.5412 27.3988 -35.0757  255 255 255
0.761919 16.3899 -51.8084  255 255 255
0.751619 16.2944 -50.8686  255 255 255
4.45352 17.1408 -52.1457  255 255 255
0.177263 15.4612 -50.5687  255 255 255
45.5477 25.4707 -43.8522  255 255 255
24.6973 20.4498 -55.5181  255 255 255
21.2819 18.1956 -54.4125  255 255 255
-46.1514 -5.40904 -23.3022  255 255 255
-8.41007 -1.74641 28.048  255 255 255
24.639 14.7136 -49.55  255 255 255
-79.381 -17.4185 -8.02512  255 255 255
-47.2162 -10.2409 -17.8829  255 255 255
-15.8067 -6.30335 26.7934  255 255 255
28.2787 5.50773 -40.3116  255 255 255
-4.51795 -8.27672 34.1596  255 255 255
-4.52008 -8.26666 34.0042  255 255 255
11.3304 -4.87034 27.5816  255 255 255
-1.43932 -9.03504 34.8483  255 255 255
1.87961 -8.79939 34.3517  255 255 255
-49.5608 -24.3959 -1.46553  255 255 255
6.22095 -9.83816 33.351  255 255 255
-48.365 -26.1837 0.149901  255 255 255
-46.0498 -28.5469 2.82731  255 255 255
9.29952 -12.823 32.5553  255 255 255
-49.9887 -31.0971 6.14514  255 255 255
-47.8301 -30.8317 5.10741  255 255 255
-60.2187 -37.106 13.2762  255 255 255
-87.1958 -45.6778 24.7763  255 255 255
-54.9831 -37.9516 13.6907  255 255 255
-10.483 -22.9449 35.1577  255 255 255
-70.7061 -42.481 20.6904  255 255 255
52.9017 -8.88911 -8.52433  255 255 255
-2.90979 -22.0981 35.2482  255 255 255
6.14502 -19.5367 34.533  255 255 255
26.7525 -15.255 17.3114  255 255 255
-70.3857 -44.5785 22.4842  255 255 255
6.93633 -20.1104 34.1154  255 255 255
-10.8543 -26.2169 34.7556  255 255 255
23.2041 -17.2685 20.9558  255 255 255
-2.73344 -24.829 36.5437  255 255 255
3.54717 -23.4148 34.3294  255 255 255
13.9223 -21.111 30.4819  255 255 255
-67.1848 -48.1276 26.9818  255 255 255
-58.8404 -49.1096 26.8441  255 255 255
10.3576 -26.3305 33.236  255 255 255
2.80365 -28.773 35.7296  255 255 255
-7.18627 -31.6235 38.0417  255 255 255
-0.812961 -30.5334 38.1906  255 255 255
56.3809 -23.5357 -10.1405  255 255 255
-74.6652 -57.8131 38.13  255 255 255
57.3132 -23.2429 -7.98975  255 255 255
57.1614 -23.2461 -7.79883  255 255 255
-52.573 -52.2648 28.6931  255 255 255
-35.9577 -47.6831 23.879  255 255 255
56.8966 -24.2081 -9.43896  255 255 255
-35.3979 -48.093 23.3778  255 255 255
-44.0254 -50.6435 27.7415  255 255 255
-34.0873 -48.1403 24.4039  255 255 255
58.5724 -26.5907 -6.99543  255 255 255
12.4355 -33.7062 31.8129  255 255 255
22.3534 -33.7561 20.0809  255 255 255
-68.2462 -60.3811 40.5396  255 255 255
-71.7262 -61.3092 42.4431  255 255 255
-69.7464 -60.8158 41.1968  255 255 255
-65.6107 -60.2728 40.4081  255 255 255
21.7224 -35.064 19.7073  255 255 255
8.45302 -39.9875 28.7354  255 255 255
-66.2643 -64.4565 45.0553  255 255 255
-41.9818 -58.2108 36.8948  255 255 255
-29.4846 -54.9247 31.5156  255 255 255
-65.79 -67.2529 48.1626  255 255 255
-25.9119 -57.1196 33.8034  255 255 255
-35.0206 -61.122 38.9661  255 255 255
52.8903 -40.4735 9.86595  255 255 255
-30.4226 -60.7544 38.2309  255 255 255
34.011 -46.3312 16.5775  255 255 255
-4.24717 -58.2158 33.68  255 255 255
-10.7821 65.5389 -46.8144  255 255 255
43.2125 85.9538 -77.8589  255 255 255
51.6457 88.3903 -81.8921  255 255 255
20.8157 77.4333 -69.7372  255 255 255
12.5692 73.4354 -65.7576  255 255 255
12.5782 73.4455 -65.8282  255 255 255
12.5326 73.3836 -65.6319  255 255 255
23.0363 76.0503 -70.9558  255 255 255
20.8211 75.529 -71.0812  255 255 255
22.863 73.8464 -72.8199  255 255 255
22.7575 73.7169 -72.3824  255 255 255
-70.8756 37.5603 -33.5619  255 255 255
22.2968 70.7582 -73.8737  255 255 255
-9.15557 56.332 -63.7231  255 255 255
-118.209 4.92516 25.4736  255 255 255
-54.441 36.9026 -45.7161  255 255 255
29.2093 63.4328 -87.143  255 255 255
4.27186 46.3682 -82.8691  255 255 255
6.13083 46.9686 -83.4596  255 255 255
40.5027 58.9379 -99.0233  255 255 255
-132.857 -2.30112 -21.9377  255 255 255
-133.643 -2.82935 -20.4958  255 255 255
-32.2529 28.748 -62.5713  255 255 255
10.6613 35.8287 -73.5102  255 255 255
15.151 37.1781 -75.0659  255 255 255
6.30727 32.7195 -69.918  255 255 255
-53.3363 12.7412 -44.3255  255 255 255
15.3204 34.3674 -72.2449  255 255 255
17.1863 34.8891 -72.4714  255 255 255
17.3141 34.967 -72.7826  255 255 255
-52.2683 11.2192 -41.3371  255 255 255
-66.3359 4.2209 -33.4858  255 255 255
3.55743 26.3684 -62.2468  255 255 255
4.90474 24.8972 -60.5671  255 255 255
-85.8005 -10.5609 -14.488  255 255 255
21.2819 18.9183 -52.1982  255 255 255
-52.1649 -5.20229 -22.1804  255 255 255
-19.8924 -2.33429 12.1198  255 255 255
-24.7248 -3.70276 9.00011  255 255 255
27.5366 12.1919 -47.2728  255 255 255
-9.49859 -8.47365 32.6188  255 255 255
-7.05267 -7.84513 33.3558  255 255 255
-10.1783 -10.4191 33.0866  255 255 255
7.18148 -6.12126 31.2793  255 255 255
-8.65275 -12.4272 34.4427  255 255 255
-8.68643 -12.455 34.2581  255 255 255
3.30948 -9.63717 34.3127  255 255 255
-54.6811 -28.1266 -0.80655  255 255 255
-3.28755 -14.4062 35.9966  255 255 255
11.5789 -10.9738 30.8768  255 255 255
-7.30305 -18.3509 35.1472  255 255 255
2.72237 -15.4341 35.8574  255 255 255
-6.59897 -21.3765 34.3872  255 255 255
7.27548 -17.6052 34.1829  255 255 255
-73.2952 -43.0317 21.228  255 255 255
-70.1214 -43.6281 21.4541  255 255 255
-60.7457 -42.5043 19.8355  255 255 255
-66.4715 -44.1865 22.522  255 255 255
1.38653 -22.9133 34.6499  255 255 255
1.57404 -23.688 34.9429  255 255 255
15.0979 -20.6591 30.1423  255 255 255
14.5326 -21.8451 31.3737  255 255 255
-66.4463 -48.5552 26.311  255 255 255
-65.9787 -49.9686 29.7962  255 255 255
14.8325 -23.9797 31.1583  255 255 255
-43.0964 -45.2283 21.4111  255 255 255
-43.0441 -45.1799 21.6375  255 255 255
-41.0942 -44.636 20.8987  255 255 255
-62.059 -50.7621 30.0188  255 255 255
-54.9596 -48.9317 27.2631  255 255 255
-43.1943 -45.9325 22.365  255 255 255
2.3376 -29.2721 36.4666  255 255 255
-55.2611 -49.7267 28.2591  255 255 255
-0.000147045 -31.0392 38.7138  255 255 255
-70.7919 -56.3171 36.0133  255 255 255
-50.9974 -51.9864 29.6132  255 255 255
-52.3724 -52.6582 31.1883  255 255 255
-52.3238 -52.6595 31.3601  255 255 255
-35.7933 -48.6744 23.4535  255 255 255
-35.4012 -48.1533 24.9248  255 255 255
-34.6702 -48.6109 24.6726  255 255 255
2.4987 -34.4501 36.2927  255 255 255
-35.4166 -49.7473 25.7903  255 255 255
50.0415 -28.6655 -3.93487  255 255 255
-44.2936 -52.8431 29.0752  255 255 255
-43.7463 -53.3498 28.9397  255 255 255
-15.0105 -44.9968 29.5134  255 255 255
52.4618 -31.5579 -0.339433  255 255 255
18.335 -37.2465 23.4935  255 255 255
45.3768 -44.0798 13.3019  255 255 255
25.6071 77.9778 -71.5505  255 255 255
35.8321 73.5196 -84.4265  255 255 255
-42.2817 41.6379 -49.6046  255 255 255
28.5648 61.0077 -88.6759  255 255 255
45.082 65.0868 -97.1432  255 255 255
-102.855 -11.0375 -12.9443  255 255 255
4.79459 1.86299 20.7108  255 255 255
-9.78808 -3.70534 28.9115  255 255 255
36.8666 12.5686 -49.8546  255 255 255
48.7546 9.6862 -5.64204  255 255 255
-8.26537 -9.28513 33.4971  255 255 255
-10.4603 -18.0516 34.1621  255 255 255
51.6023 -2.09748 -6.24193  255 255 255
4.61763 -15.1782 35.1693  255 255 255
-75.1982 -41.6553 20.7837  255 255 255
-9.96305 -21.8414 33.9391  255 255 255
-9.97536 -21.817 34.0754  255 255 255
-69.0251 -44.0992 20.5546  255 255 255
-38.4478 -36.4216 13.0819  255 255 255
-15.3615 -27.6912 36.1585  255 255 255
-70.2352 -46.7715 25.8622  255 255 255
15.8466 -21.0227 29.9015  255 255 255
3.70292 -25.0527 36.0453  255 255 255
-69.681 -49.4983 28.7812  255 255 255
-41.9444 -45.2591 21.3273  255 255 255
0.444506 -30.2973 37.7674  255 255 255
-50.4795 -50.6041 27.7427  255 255 255
-45.1846 -49.3709 23.9429  255 255 255
-44.6778 -50.027 26.8003  255 255 255
-37.6219 -49.3267 25.4928  255 255 255
-37.4995 -49.295 25.8677  255 255 255
1.54195 -34.359 36.1618  255 255 255
52.0173 -29.4292 -3.59402  255 255 255
-31.3951 -50.1616 26.0466  255 255 255
0.933247 -38.2454 32.7595  255 255 255
38.5249 -35.143 4.56737  255 255 255
-43.768 -61.9329 41.4133  255 255 255
52.635 -38.7682 6.78753  255 255 255
52.3408 -41.0871 10.8073  255 255 255
43.2108 -49.2807 21.9253  255 255 255
41.3795 64.6542 -94.8449  255 255 255
-73.1498 6.48747 -36.5844  255 255 255
26.3502 19.6934 -57.1884  255 255 255
-10.9709 -16.3944 33.6901  255 255 255
2.56357 -13.5051 35.3459  255 255 255
-0.749507 -18.3731 36.4793  255 255 255
-0.742727 -18.3959 36.097  255 255 255
-69.7051 -43.0295 19.9895  255 255 255
-67.419 -47.5515 25.663  255 255 255
-22.5416 -34.0531 23.9428  255 255 255
-60.8813 -47.4453 26.3156  255 255 255
4.15153 -25.9434 36.1726  255 255 255
-76.1822 -53.7621 33.2647  255 255 255
-2.71824 -31.0495 39.1483  255 255 255
-55.8763 -50.7538 28.4345  255 255 255
-22.0017 -40.0205 24.8023  255 255 255
5.52844 -30.978 38.2675  255 255 255
16.9149 -35.0133 27.2248  255 255 255
14.9642 -40.5114 25.2471  255 255 255
52.6697 -40.0066 9.54078  255 255 255
16.6344 67.6247 -72.9831  255 255 255
-19.2476 48.3296 -68.4006  255 255 255
8.35722 50.9156 -81.7946  255 255 255
8.34991 50.9158 -81.7266  255 255 255
41.3914 61.5128 -97.2991  255 255 255
-7.85861 -17.1105 35.112  255 255 255
-70.9923 -48.4984 24.6471  255 255 255
6.93502 -28.3089 35.4305  255 255 255
14.5159 -29.3806 33.9154  255 255 255
-69.3409 -60.6161 40.8302  255 255 255
-69.1367 -62.3035 43.594  255 255 255
-44.5989 -60.6446 39.5449  255 255 255
-44.5989 -60.6446 39.5449  255 255 255
54.0512 -38.9636 6.23007  255 255 255
7.72466 60.0474 -71.7853  255 255 255
-70.0861 -57.2412 37.4323  255 255 255
-67.4249 -63.072 43.3951  255 255 255
-7.35962 -44.9291 28.9948  255 255 255
34.74 72.7345 -84.6202  255 255 255
-58.9877 32.7875 -44.9159  255 255 255
40.4292 73.7269 -85.6256  255 255 255
-0.240362 -23.9498 35.165  255 255 255
4.96334 -26.8136 34.3227  255 255 255
14.2919 55.8081 -83.6719  255 255 255
12.5998 -24.7095 32.3123  255 255 255
-46.0916 51.4969 -39.9053  255 255 255
-46.8763 35.7516 -51.8033  255 255 255
-21.2633 92.9141 -32.5252  255 255 255
23.8418 100.965 -48.8323  255 255 255
23.6919 100.922 -49.5612  255 255 255
49.3921 106.933 -61.0782  255 255 255
31.5924 101.322 -53.6142  255 255 255
-2.67802 90.8978 -37.4728  255 255 255
-7.99138 90.0182 -35.7052  255 255 255
31.1399 101.036 -54.7172  255 255 255
51.8845 106.599 -64.4192  255 255 255
31.0002 100.523 -56.0545  255 255 255
-3.8775 89.3196 -37.9578  255 255 255
31.6801 98.9489 -56.621  255 255 255
8.4345 91.2995 -45.7733  255 255 255
-15.4486 84.1555 -33.8848  255 255 255
28.5999 97.0478 -56.3597  255 255 255
28.5999 97.0478 -56.3597  255 255 255
-21.8508 82.326 -30.6937  255 255 255
11.876 92.542 -48.4923  255 255 255
10.2037 91.6726 -47.2577  255 255 255
8.38425 91.1104 -46.422  255 255 255
8.31743 91.031 -46.2979  255 255 255
51.5391 56.8432 -6.69252  255 255 255
-21.0186 82.2799 -31.1986  255 255 255
64.1881 106.766 -73.602  255 255 255
-12.9232 84.5105 -35.534  255 255 255
-11.0572 84.9206 -36.413  255 255 255
-11.8222 84.5744 -36.1882  255 255 255
49.5516 59.3772 -10.7888  255 255 255
1.96087 88.4276 -43.4975  255 255 255
-41.8395 72.924 -16.8858  255 255 255
-28.9712 79.4822 -27.5094  255 255 255
-5.48516 86.3101 -39.8198  255 255 255
-14.9355 83.2578 -34.613  255 255 255
18.0888 93.0777 -51.9477  255 255 255
20.0993 93.6923 -53.0861  255 255 255
55.6474 51.4647 -1.1249  255 255 255
9.23963 90.3804 -47.2992  255 255 255
0.216988 87.5248 -42.8351  255 255 255
-0.621816 87.2032 -42.3975  255 255 255
51.7212 56.7112 -8.42674  255 255 255
51.9235 56.1413 -7.71211  255 255 255
-48.0354 73.695 -17.6543  255 255 255
54.1055 52.6031 -3.2809  255 255 255
-42.0748 73.8148 -18.9606  255 255 255
14.3481 91.4522 -50.4147  255 255 255
48.8316 59.785 -12.8176  255 255 255
17.7832 92.6237 -52.6442  255 255 255
18.1441 92.2321 -52.1545  255 255 255
19.2637 92.89 -53.3672  255 255 255
-10.3602 84.0956 -37.8899  255 255 255
16.0774 91.8303 -51.7517  255 255 255
50.0818 57.7238 -10.638  255 255 255
53.3973 54.0444 -5.90125  255 255 255
11.6146 90.4059 -49.4292  255 255 255
49.922 56.8458 -9.61391  255 255 255
-16.8527 82.1547 -34.7264  255 255 255
-14.4541 82.7662 -36.0473  255 255 255
-50.319 72.4839 -16.8128  255 255 255
50.7043 57.095 -10.3114  255 255 255
-15.1726 82.4018 -35.7328  255 255 255
-1.62469 86.2398 -42.6393  255 255 255
-0.783367 86.6401 -43.3598  255 255 255
41.6767 98.8393 -65.0795  255 255 255
16.9222 91.523 -52.5236  255 255 255
16.9222 91.523 -52.5236  255 255 255
-42.7885 74.4748 -21.257  255 255 255
19.8666 92.3951 -54.2765  255 255 255
57.9758 47.86 0.977326  255 255 255
-36.548 76.2824 -24.7799  255 255 255
0.0211844 86.3617 -43.6892  255 255 255
1.54577 86.8874 -44.6113  255 255 255
19.3657 92.0929 -54.3895  255 255 255
19.3426 92.0396 -54.2977  255 255 255
52.0769 31.4718 23.4956  255 255 255
-9.96183 83.429 -38.9393  255 255 255
72.804 106.574 -80.5618  255 255 255
51.6892 100.619 -70.4443  255 255 255
50.2284 56.6222 -11.05  255 255 255
54.7377 30.4534 23.6455  255 255 255
51.3755 99.8663 -70.4262  255 255 255
48.5698 58.5327 -14.5389  255 255 255
55.774 28.5113 25.9133  255 255 255
2.31161 86.075 -45.9008  255 255 255
2.27348 86.0386 -45.8299  255 255 255
2.34418 86.1383 -46.0038  255 255 255
49.5462 36.7898 14.862  255 255 255
-2.98049 84.5656 -43.3166  255 255 255
15.0291 89.7733 -52.8538  255 255 255
-1.48224 84.8713 -44.1058  255 255 255
-3.64666 84.244 -43.1877  255 255 255
21.4871 91.1692 -56.4225  255 255 255
51.7865 33.4298 18.584  255 255 255
51.8518 33.4955 18.5588  255 255 255
52.3884 32.9357 19.1237  255 255 255
53.791 29.9442 23.2287  255 255 255
51.087 34.47 16.9384  255 255 255
-14.9897 80.5805 -37.5525  255 255 255
17.7354 89.713 -54.9784  255 255 255
48.9424 56.7447 -13.9612  255 255 255
55.3201 31.0172 20.4388  255 255 255
49.7421 55.6097 -13.3801  255 255 255
-3.74617 83.1236 -43.7285  255 255 255
49.0938 55.857 -14.0923  255 255 255
57.8578 27.6412 24.4278  255 255 255
17.2649 88.1388 -54.2519  255 255 255
50.4987 34.5537 15.2703  255 255 255
53.0783 31.6771 19.1224  255 255 255
46.7928 96.7343 -70.4562  255 255 255
30.672 92.5078 -62.5509  255 255 255
30.0296 92.0693 -62.3264  255 255 255
-13.3108 80.0049 -39.2938  255 255 255
-16.3437 78.9422 -37.6331  255 255 255
-3.13294 82.7239 -45.0778  255 255 255
10.6924 86.129 -52.4513  255 255 255
-11.7379 79.7455 -40.7371  255 255 255
49.5755 35.0885 12.6313  255 255 255
-25.0973 76.0267 -33.5108  255 255 255
52.6018 50.7619 -9.84437  255 255 255
64.8431 99.683 -80.7215  255 255 255
52.8817 50.0126 -9.45584  255 255 255
54.1269 48.9506 -8.01052  255 255 255
62.4421 99.0178 -79.524  255 255 255
52.4086 50.2762 -9.82326  255 255 255
46.5514 94.9799 -71.6939  255 255 255
46.5624 94.9599 -71.6887  255 255 255
56.139 28.3865 20.7023  255 255 255
64.5249 99.1541 -80.8774  255 255 255
18.9422 86.8016 -57.4304  255 255 255
18.9008 86.7492 -57.304  255 255 255
59.3076 97.9405 -78.8863  255 255 255
59.3076 97.9405 -78.8863  255 255 255
55.3644 46.528 -5.72459  255 255 255
-55.6145 65.9686 -15.735  255 255 255
63.714 98.2847 -80.9679  255 255 255
-14.2522 77.8477 -40.3901  255 255 255
50.455 33.1366 13.1058  255 255 255
64.5678 98.4931 -81.6773  255 255 255
47.4846 93.8049 -73.2961  255 255 255
49.6185 32.9396 12.8339  255 255 255
-11.7892 78.0855 -42.2621  255 255 255
55.4849 45.6556 -6.49032  255 255 255
54.7464 46.4841 -7.72163  255 255 255
-10.4228 78.1154 -43.2799  255 255 255
-10.4228 78.1154 -43.2799  255 255 255
57.158 95.4117 -78.7556  255 255 255
-51.122 67.437 -20.8486  255 255 255
41.0747 91.3389 -71.0474  255 255 255
54.4593 45.8967 -8.04805  255 255 255
58.097 95.4195 -80.0037  255 255 255
-4.38896 79.1075 -46.9735  255 255 255
42.0227 91.0626 -71.9268  255 255 255
59.8223 95.4378 -80.8037  255 255 255
59.859 95.5206 -80.9146  255 255 255
-57.4481 65.4388 -17.8  255 255 255
50.1104 31.4772 12.4271  255 255 255
-9.81352 77.298 -44.4162  255 255 255
35.2548 88.935 -68.9716  255 255 255
79.6611 100.196 -92.3134  255 255 255
57.9416 41.2084 -3.48124  255 255 255
49.9186 31.3281 12.0454  255 255 255
-49.7023 67.1066 -22.887  255 255 255
51.2962 48.7394 -14.1599  255 255 255
-29.4988 71.8624 -34.0094  255 255 255
36.3107 88.4758 -69.8583  255 255 255
37.879 88.7517 -70.5514  255 255 255
53.135 46.6948 -11.9498  255 255 255
57.4269 41.4298 -4.7174  255 255 255
-18.357 74.5169 -40.529  255 255 255
37.0413 88.4543 -70.306  255 255 255
-5.58317 77.7128 -47.7882  255 255 255
51.3053 29.0421 13.7636  255 255 255
89.0724 101.111 -97.7923  255 255 255
-33.8477 70.1495 -32.0444  255 255 255
49.8693 30.4163 11.7079  255 255 255
9.25671 81.0307 -56.3187  255 255 255
54.6759 43.8306 -9.30153  255 255 255
56.4078 23.1178 21.3882  255 255 255
-5.12846 76.86 -48.2045  255 255 255
50.5201 48.3737 -15.8109  255 255 255
58.2096 20.9828 23.8947  255 255 255
42.6796 88.3322 -74.2349  255 255 255
6.68286 79.6954 -55.5356  255 255 255
-30.4888 70.4046 -34.781  255 255 255
-18.7425 73.0988 -41.13  255 255 255
-18.7647 73.0664 -41.0641  255 255 255
-5.89494 76.3226 -48.4702  255 255 255
-5.89494 76.3226 -48.4702  255 255 255
-5.9109 76.3158 -48.4263  255 255 255
-7.21445 75.3764 -46.9905  255 255 255
-55.74 63.7847 -20.2755  255 255 255
-55.74 63.7847 -20.2755  255 255 255
-20.0477 72.7112 -40.6675  255 255 255
95.6684 101.382 -102.929  255 255 255
-19.6842 72.4758 -40.7043  255 255 255
-19.6842 72.4758 -40.7043  255 255 255
54.617 24.3152 17.9063  255 255 255
58.5834 19.6654 24.2881  255 255 255
-35.0147 68.6686 -32.7018  255 255 255
-35.02 68.5946 -32.5591  255 255 255
-15.9447 73.1674 -43.2803  255 255 255
-4.90538 76.0311 -49.5889  255 255 255
54.8369 90.8374 -81.9803  255 255 255
-21.9468 71.7131 -39.967  255 255 255
31.1636 84.92 -69.4497  255 255 255
55.0791 90.3992 -81.6649  255 255 255
-56.4504 63.2033 -20.6486  255 255 255
67.0656 93.2507 -88.4709  255 255 255
26.9945 83.7111 -67.7165  255 255 255
30.4754 84.4244 -69.4213  255 255 255
30.4818 84.4676 -69.5027  255 255 255
58.2392 19.9422 22.9006  255 255 255
-19.2254 72.271 -42.1182  255 255 255
29.5738 84.0297 -69.0005  255 255 255
-19.172 71.7905 -42.087  255 255 255
-19.1886 71.7666 -42.0189  255 255 255
29.9475 83.6618 -69.1569  255 255 255
52.7993 43.9655 -13.3939  255 255 255
51.7999 44.8124 -14.9768  255 255 255
-38.6538 66.9181 -31.2023  255 255 255
-17.7763 72.0982 -43.2621  255 255 255
-10.7094 73.5237 -47.3393  255 255 255
33.4613 84.2671 -71.8657  255 255 255
33.4613 84.2671 -71.8657  255 255 255
30.3426 83.793 -70.7118  255 255 255
49.4966 28.6125 9.28388  255 255 255
-23.738 70.066 -40.0963  255 255 255
41.8923 85.3132 -76.4538  255 255 255
29.8189 82.5627 -70.4074  255 255 255
48.9069 47.3888 -21.02  255 255 255
56.2674 38.079 -7.88891  255 255 255
-42.2577 65.0423 -30.0813  255 255 255
53.2741 23.366 15.3084  255 255 255
52.0832 42.5316 -14.7567  255 255 255
-46.1532 63.8648 -28.0463  255 255 255
28.8401 81.4943 -70.3951  255 255 255
-19.6468 69.8782 -43.2711  255 255 255
57.1245 37.1654 -7.91788  255 255 255
49.4076 27.3205 8.48304  255 255 255
54.9628 21.448 16.723  255 255 255
55.4391 20.8936 17.4573  255 255 255
55.4391 20.8936 17.4573  255 255 255
-48.1526 62.9656 -27.0888  255 255 255
-48.1526 62.9656 -27.0888  255 255 255
-47.9467 61.3114 -24.6807  255 255 255
-21.6199 68.953 -42.7112  255 255 255
21.6554 79.081 -67.0873  255 255 255
53.097 22.788 13.9571  255 255 255
51.7838 24.2286 11.5566  255 255 255
58.8288 16.6008 22.19  255 255 255
11.6125 76.1974 -62.0547  255 255 255
-5.64665 72.2375 -52.561  255 255 255
44.1106 83.5546 -80.1407  255 255 255
-56.051 60.4522 -23.3779  255 255 255
-57.3135 59.9837 -22.5354  255 255 255
-47.8785 61.9902 -27.9448  255 255 255
54.2659 21.0068 15.197  255 255 255
-50.4985 61.7585 -27.1016  255 255 255
-49.0381 59.9571 -24.7337  255 255 255
-49.0381 59.9571 -24.7337  255 255 255
48.6728 45.7172 -23.0836  255 255 255
-4.34215 72.0707 -53.6458  255 255 255
42.28 82.6389 -79.5329  255 255 255
42.28 82.6389 -79.5329  255 255 255
67.4488 88.1722 -93.0914  255 255 255
-4.46887 71.5692 -53.8058  255 255 255
53.2254 21.7032 12.8835  255 255 255
-26.9778 66.1968 -40.911  255 255 255
-29.3552 65.7239 -39.7837  255 255 255
-45.0156 62.1319 -30.6193  255 255 255
-43.5127 62.4022 -31.364  255 255 255
-16.1356 68.5152 -47.3455  255 255 255
-64.7154 57.4682 -19.1225  255 255 255
52.375 22.3046 11.3082  255 255 255
-19.3291 67.6238 -45.7193  255 255 255
29.3495 78.7153 -73.6857  255 255 255
-17.633 67.807 -46.536  255 255 255
49.9973 42.4588 -21.016  255 255 255
-59.024 58.4332 -22.7656  255 255 255
-69.846 56.0834 -16.8688  255 255 255
-51.3713 60.1147 -27.6596  255 255 255
67.9751 86.424 -95.0208  255 255 255
75.1035 88.0214 -99.1543  255 255 255
-56.6665 58.5648 -24.1081  255 255 255
-15.4589 67.8501 -48.6562  255 255 255
-2.9441 70.657 -55.9555  255 255 255
-0.278423 71.7047 -58.1856  255 255 255
51.6049 22.4011 9.76652  255 255 255
67.3435 86.0178 -94.9977  255 255 255
-23.7314 65.6703 -43.5445  255 255 255
68.5115 86.0741 -95.7092  255 255 255
52.5401 20.6428 12.0003  255 255 255
-3.94299 70.048 -55.523  255 255 255
-26.032 64.9401 -42.4219  255 255 255
-24.6338 65.3105 -43.5558  255 255 255
-25.6924 65.199 -43.0343  255 255 255
-68.7848 55.8139 -17.908  255 255 255
-65.861 52.6632 -13.7955  255 255 255
16.9191 74.2477 -67.8819  255 255 255
63.4307 84.0162 -93.1934  255 255 255
41.5496 79.368 -81.9324  255 255 255
-10.2251 68.1697 -52.5861  255 255 255
-0.806829 70.1041 -57.8839  255 255 255
66.7225 84.5718 -95.3416  255 255 255
58.7137 14.2548 20.0206  255 255 255
-13.9244 67.1218 -50.2633  255 255 255
-2.0832 69.7688 -57.2694  255 255 255
-2.17469 69.6135 -56.9596  255 255 255
80.2454 87.7909 -103.52  255 255 255
-15.8045 66.6749 -49.2376  255 255 255
-17.2664 66.088 -48.1264  255 255 255
67.5023 84.5863 -96.1976  255 255 255
-4.14529 68.8213 -55.8403  255 255 255
-4.02701 69.0426 -56.2154  255 255 255
51.6833 20.9223 9.81273  255 255 255
-25.7791 64.268 -43.6794  255 255 255
17.5935 74.0664 -69.28  255 255 255
57.7065 81.7458 -91.0328  255 255 255
50.3915 39.9201 -21.9881  255 255 255
-17.0044 65.7285 -49.0997  255 255 255
-0.0518708 69.2636 -59.245  255 255 255
-17.2661 65.5067 -49.3706  255 255 255
-3.95718 67.9756 -56.9564  255 255 255
-43.3803 59.5068 -33.7497  255 255 255
61.2766 81.9559 -94.4965  255 255 255
55.7979 15.94 15.1496  255 255 255
48.5023 41.3858 -25.9121  255 255 255
-16.7492 64.8848 -49.9861  255 255 255
79.6765 85.2494 -104.954  255 255 255
55.8011 32.6019 -13.2821  255 255 255
56.3949 32.1165 -12.7022  255 255 255
50.8344 38.5684 -22.4592  255 255 255
58.8809 11.7539 20.5513  255 255 255
59.2285 11.9829 20.2052  255 255 255
-17.4306 64.4674 -49.6302  255 255 255
-17.4306 64.4674 -49.6302  255 255 255
-3.85846 67.3814 -57.7746  255 255 255
32.461 75.0409 -79.0806  255 255 255
57.1895 11.0882 21.5342  255 255 255
58.9838 11.9631 19.8395  255 255 255
29.2987 74.3299 -77.3192  255 255 255
59.7052 11.3777 20.3871  255 255 255
28.3227 74.3284 -77.3623  255 255 255
18.0224 71.6256 -70.9009  255 255 255
50.9591 20.0525 6.64413  255 255 255
60.6602 9.62204 22.4104  255 255 255
40.5979 76.0385 -84.4097  255 255 255
51.893 78.3796 -91.1203  255 255 255
69.4553 81.766 -100.594  255 255 255
-48.8088 56.8735 -31.3488  255 255 255
49.5595 21.1746 4.33402  255 255 255
41.2087 75.6519 -85.3551  255 255 255
-57.7642 52.8278 -22.9963  255 255 255
52.7241 17.6987 8.84276  255 255 255
-15.4225 63.5559 -52.2781  255 255 255
36.7719 73.8881 -82.8697  255 255 255
51.2348 18.5468 6.81158  255 255 255
51.2124 18.5308 6.8126  255 255 255
48.7586 38.3217 -26.5925  255 255 255
-62.2103 53.8062 -24.8704  255 255 255
10.9374 68.4254 -68.6771  255 255 255
50.6506 36.4711 -24.1058  255 255 255
50.4617 19.7296 4.37736  255 255 255
25.5621 71.3196 -77.4126  255 255 255
53.6019 16.053 9.80366  255 255 255
-50.0985 55.8066 -32.0318  255 255 255
24.4571 71.9362 -78.6478  255 255 255
58.3883 10.9439 17.1235  255 255 255
-49.5178 55.8546 -32.7648  255 255 255
51.064 18.0503 5.98695  255 255 255
-27.3643 60.0252 -46.1903  255 255 255
56.7378 28.9559 -14.077  255 255 255
-36.5615 57.9919 -40.429  255 255 255
-10.2435 63.1631 -56.6225  255 255 255
50.9749 34.8409 -23.5773  255 255 255
50.5743 18.0912 5.16302  255 255 255
56.9193 28.6131 -14.4141  255 255 255
21.6727 69.025 -75.1696  255 255 255
35.3987 72.172 -83.9416  255 255 255
48.1622 20.6426 1.06162  255 255 255
53.0747 15.3495 8.88811  255 255 255
-7.27349 63.0695 -58.6574  255 255 255
55.7544 28.9094 -15.626  255 255 255
47.7433 20.1734 1.17654  255 255 255
56.8732 28.2046 -14.8113  255 255 255
55.3886 29.2167 -16.6254  255 255 255
19.671 68.4347 -75.5817  255 255 255
19.658 68.4546 -75.5997  255 255 255
51.333 14.2284 10.2831  255 255 255
52.9772 15.0672 8.46469  255 255 255
60.3128 76.0318 -98.8701  255 255 255
-35.6717 57.0983 -41.9826  255 255 255
53.7731 14.1443 9.38292  255 255 255
49.5549 34.8433 -26.2028  255 255 255
47.605 20.1334 -0.0554717  255 255 255
56.1269 27.9655 -15.8272  255 255 255
55.3701 12.3433 11.6431  255 255 255
-26.8455 58.7195 -48.0956  255 255 255
51.6803 32.0469 -22.1666  255 255 255
38.6974 71.03 -86.6178  255 255 255
-50.7458 53.9067 -33.5728  255 255 255
56.3746 10.9385 13.3392  255 255 255
-32.0912 57.44 -45.2633  255 255 255
13.8318 66.0607 -72.5783  255 255 255
56.9114 10.4362 13.8663  255 255 255
47.7326 19.6124 -0.366362  255 255 255
-6.57783 62.1021 -60.7739  255 255 255
64.422 75.4052 -102.032  255 255 255
55.4691 27.4467 -16.4498  255 255 255
48.1302 35.9898 -30.0886  255 255 255
22.0202 67.5533 -78.5682  255 255 255
53.7039 13.2793 8.60991  255 255 255
-16.2363 59.9497 -55.3305  255 255 255
54.8645 27.7118 -17.4441  255 255 255
-50.7634 53.4429 -34.5313  255 255 255
-50.7382 53.3887 -34.4014  255 255 255
55.2238 27.198 -16.9618  255 255 255
47.2561 71.3574 -93.2897  255 255 255
53.5041 12.9152 8.40756  255 255 255
53.5059 12.9278 8.37879  255 255 255
-51.5659 52.8445 -33.8787  255 255 255
-49.9792 53.1069 -34.8247  255 255 255
16.2504 65.6161 -75.5647  255 255 255
-17.3043 59.0035 -54.8082  255 255 255
-17.2863 59.002 -54.8356  255 255 255
-25.7363 57.6127 -50.2863  255 255 255
48.1181 35.0052 -30.5343  255 255 255
51.417 31.3708 -24.8786  255 255 255
51.4801 31.4023 -24.9449  255 255 255
52.4778 30.1999 -23.3711  255 255 255
55.1653 27.106 -18.4356  255 255 255
55.398 26.7478 -18.0176  255 255 255
-50.4181 52.6188 -35.0193  255 255 255
-9.33134 59.98 -59.7302  255 255 255
47.8366 18.189 -0.937097  255 255 255
47.9602 18.2414 -1.11116  255 255 255
52.5329 13.5808 6.06643  255 255 255
-7.40394 60.357 -61.3409  255 255 255
52.3187 30.0871 -23.6563  255 255 255
8.22179 60.9474 -66.7727  255 255 255
53.1963 12.6834 7.32871  255 255 255
-27.788 56.714 -49.3102  255 255 255
-49.9957 52.374 -35.2023  255 255 255
7.71604 60.8186 -66.7517  255 255 255
53.3417 28.94 -22.5137  255 255 255
53.3417 28.94 -22.5137  255 255 255
50.43 15.3162 2.43244  255 255 255
56.4547 9.14125 12.1373  255 255 255
-40.3505 53.9795 -41.642  255 255 255
-40.3505 53.9795 -41.642  255 255 255
-41.6254 53.6941 -40.8563  255 255 255
42.1932 68.9201 -91.8572  255 255 255
53.2552 28.5816 -22.8399  255 255 255
-50.7262 51.8536 -35.4056  255 255 255
-7.00356 59.5925 -62.4653  255 255 255
53.0535 12.1282 6.54333  255 255 255
-15.0446 57.7847 -57.4703  255 255 255
51.3211 30.444 -26.8363  255 255 255
51.7965 12.9775 4.81132  255 255 255
-52.5163 51.1237 -34.5819  255 255 255
-2.69347 60.2796 -65.792  255 255 255
-51.9431 51.2352 -35.1576  255 255 255
-5.82159 59.5239 -63.6596  255 255 255
8.13667 58.9195 -66.6423  255 255 255
51.7922 29.3105 -25.6412  255 255 255
-11.4366 58.1828 -60.2271  255 255 255
-11.4267 58.2099 -60.2754  255 255 255
-11.4191 58.2371 -60.3269  255 255 255
-36.1429 53.7053 -44.9675  255 255 255
57.1066 7.65201 12.2856  255 255 255
55.8015 24.8447 -19.0132  255 255 255
55.6833 24.7915 -18.832  255 255 255
-2.40323 -18.8379 75.7066  255 255 255
49.3323 15.3386 -0.00945174  255 255 255
49.2225 15.293 0.132433  255 255 255
53.9207 10.5477 7.61964  255 255 255
53.9201 10.5446 7.62863  255 255 255
-37.202 53.2912 -44.4374  255 255 255
55.9606 8.38446 10.6158  255 255 255
51.8611 12.4633 4.0797  255 255 255
51.8611 12.4633 4.0797  255 255 255
-65.506 48.4824 -27.5168  255 255 255
45.6162 67.6262 -94.9725  255 255 255
53.4637 26.4318 -22.8171  255 255 255
42.9036 66.9184 -93.8912  255 255 255
49.4832 30.2111 -28.8704  255 255 255
54.9592 8.95471 8.99606  255 255 255
55.7997 8.09428 10.3984  255 255 255
45.4092 67.4364 -95.8898  255 255 255
-41.4119 51.9379 -42.6566  255 255 255
-41.3777 51.975 -42.7622  255 255 255
-5.13614 58.3429 -65.5193  255 255 255
46.1764 66.6907 -96.1696  255 255 255
46.1652 66.671 -96.108  255 255 255
52.7528 10.6684 4.83676  255 255 255
-61.1627 48.1555 -30.5021  255 255 255
-25.6537 54.1844 -52.8171  255 255 255
-22.6204 54.7473 -55.0186  255 255 255
51.4656 11.609 2.87947  255 255 255
54.0837 9.1276 6.68032  255 255 255
-16.6279 55.2863 -58.6455  255 255 255
49.0143 29.8945 -31.3234  255 255 255
-11.2089 56.1142 -62.526  255 255 255
-24.951 53.5265 -53.7787  255 255 255
-24.9386 53.5238 -53.8163  255 255 255
-23.4608 53.8085 -54.9108  255 255 255
23.3087 61.8405 -83.983  255 255 255
-30.3864 52.6718 -50.6888  255 255 255
-18.9694 54.7029 -58.0224  255 255 255
49.9212 12.5715 -0.257213  255 255 255
-20.055 54.2845 -57.3179  255 255 255
-14.4942 55.1692 -60.6048  255 255 255
25.2455 62.0371 -85.4808  255 255 255
22.7799 61.4362 -83.8354  255 255 255
50.5546 11.9676 0.441191  255 255 255
28.6346 62.1169 -87.3157  255 255 255
20.6251 60.9685 -83.002  255 255 255
-39.6442 50.7609 -45.2372  255 255 255
14.2545 59.5607 -78.504  255 255 255
-56.9319 47.6727 -34.088  255 255 255
-51.5669 48.6146 -37.7042  255 255 255
-17.9986 54.3003 -59.2154  255 255 255
21.7332 60.91 -83.9379  255 255 255
-16.5438 54.0559 -59.8642  255 255 255
-50.0213 48.4002 -38.6912  255 255 255
-23.6672 52.8408 -55.5508  255 255 255
66.1875 -4.51437 25.7307  255 255 255
-55.5223 47.5471 -35.5975  255 255 255
-20.9025 52.9153 -57.7907  255 255 255
4.91736 57.331 -74.3432  255 255 255
64.1967 -2.74771 21.7912  255 255 255
-27.6434 51.5952 -53.9596  255 255 255
-39.3273 49.2792 -45.7674  255 255 255
-57.9831 46.5809 -34.606  255 255 255
43.4934 62.7295 -97.7373  255 255 255
60.0514 -2.83489 22.6339  255 255 255
-8.07201 54.5919 -66.7832  255 255 255
48.9564 11.9379 -3.13436  255 255 255
-30.9864 50.6453 -52.282  255 255 255
7.0326 56.5873 -76.313  255 255 255
46.9768 62.9301 -101.048  255 255 255
-26.5295 51.1625 -55.1259  255 255 255
-25.8455 51.0889 -55.3863  255 255 255
-27.7357 50.7596 -54.3313  255 255 255
53.0839 7.39369 3.49884  255 255 255
-31.4631 50.035 -51.8398  255 255 255
-39.6967 48.6115 -46.6837  255 255 255
-39.6967 48.6115 -46.6837  255 255 255
52.4461 8.01067 2.04272  255 255 255
49.7701 10.2582 -1.93841  255 255 255
-62.6721 45.0978 -32.5815  255 255 255
-52.4358 46.4384 -38.7556  255 255 255
-41.9504 48.1024 -45.7668  255 255 255
-31.4839 49.5502 -52.4687  255 255 255
47.6177 12.3659 -6.20917  255 255 255
-24.9761 50.502 -56.8875  255 255 255
48.1771 11.5755 -4.95947  255 255 255
-41.7739 47.8939 -46.251  255 255 255
-4.58614 53.1879 -69.1366  255 255 255
26.3402 58.3925 -89.5391  255 255 255
-26.0127 50.0389 -56.6409  255 255 255
-27.7676 49.6876 -55.4535  255 255 255
-33.2775 48.7277 -51.8229  255 255 255
52.908 6.46077 2.74016  255 255 255
-20.2357 48.048 -55.4915  255 255 255
22.5082 57.2791 -87.7242  255 255 255
61.4027 -2.12254 15.9724  255 255 255
-47.8447 46.0586 -42.8707  255 255 255
-46.4129 46.2257 -43.7294  255 255 255
-46.4963 45.8847 -43.005  255 255 255
-19.0582 47.6567 -56.3519  255 255 255
-19.0582 47.6567 -56.3519  255 255 255
25.1191 57.1164 -89.6199  255 255 255
51.1108 7.64036 -0.649596  255 255 255
51.6863 7.04543 0.0260978  255 255 255
58.7855 0.146047 11.3749  255 255 255
-38.3587 47.0884 -49.4371  255 255 255
60.3571 -1.53564 13.9505  255 255 255
-53.7343 44.4949 -39.0116  255 255 255
51.8893 6.5508 0.114209  255 255 255
61.5 -3.62739 17.3084  255 255 255
63.513 -3.76698 16.9645  255 255 255
-12.0133 50.5622 -66.2962  255 255 255
49.4348 24.1219 -34.7009  255 255 255
49.4348 24.1219 -34.7009  255 255 255
-45.8032 45.5814 -44.9883  255 255 255
50.076 23.5754 -34.1848  255 255 255
59.1674 -0.727962 11.8074  255 255 255
-38.2272 46.5822 -50.2186  255 255 255
50.841 6.87324 -1.59217  255 255 255
61.1319 -2.77592 14.4301  255 255 255
37.406 57.3815 -99.1088  255 255 255
62.192 -4.18185 16.5096  255 255 255
64.1285 -6.14496 19.6421  255 255 255
64.1285 -6.14496 19.6421  255 255 255
62.1631 -4.1471 16.0771  255 255 255
63.2697 -4.87457 17.0858  255 255 255
-48.4621 44.583 -44.0071  255 255 255
-33.5752 46.7474 -53.7028  255 255 255
-29.7557 47.297 -56.1985  255 255 255
-29.7597 47.2685 -56.1551  255 255 255
30.3124 55.9517 -94.6677  255 255 255
52.1228 5.34315 -0.204733  255 255 255
-43.8775 44.939 -46.6636  255 255 255
-50.601 43.9788 -42.8661  255 255 255
61.4403 -3.63097 14.3167  255 255 255
58.0398 -0.69514 9.19731  255 255 255
-50.2895 43.8881 -43.1949  255 255 255
-60.2297 42.2643 -36.5365  255 255 255
-32.5423 46.3054 -55.2313  255 255 255
52.1401 4.79121 -0.782954  255 255 255
52.7731 3.9198 0.393764  255 255 255
-46.3161 43.8088 -45.8564  255 255 255
49.8251 6.70667 -4.60418  255 255 255
49.8251 6.70667 -4.60418  255 255 255
-60.3446 41.7265 -37.0651  255 255 255
-54.303 42.4776 -40.9141  255 255 255
-48.0187 43.4199 -45.4475  255 255 255
57.9319 -1.35187 8.40373  255 255 255
24.4797 53.6202 -92.8713  255 255 255
-67.277 40.3896 -32.4261  255 255 255
61.3703 -4.7208 13.6149  255 255 255
51.103 4.78748 -2.81791  255 255 255
53.9831 16.5767 -28.4644  255 255 255
51.9939 3.86236 -1.34381  255 255 255
51.9939 3.86236 -1.34381  255 255 255
-58.5325 41.4671 -38.7424  255 255 255
59.5898 -3.39867 10.7605  255 255 255
59.7489 -3.73451 10.9832  255 255 255
58.2687 -2.25859 8.48199  255 255 255
-60.6009 40.8958 -37.5359  255 255 255
-60.5877 40.8606 -37.5044  255 255 255
57.3037 -1.82859 7.4214  255 255 255
53.1162 2.60122 -0.531064  255 255 255
64.0531 -8.1286 17.9729  255 255 255
64.3407 -8.09576 17.7376  255 255 255
53.887 15.9118 -29.0146  255 255 255
53.897 15.9244 -29.0324  255 255 255
54.5634 0.774798 2.24508  255 255 255
-68.8789 39.5633 -32.8051  255 255 255
-65.8663 40.0258 -34.6576  255 255 255
-55.2035 41.3141 -41.4559  255 255 255
60.938 -5.1912 12.3971  255 255 255
55.9119 -7.53399 19.2061  255 255 255
-64.4507 39.9943 -35.2452  255 255 255
-37.5258 43.7431 -53.9077  255 255 255
-37.5411 43.7801 -54.0016  255 255 255
59.186 -3.79539 9.46794  255 255 255
-47.989 41.7276 -46.2068  255 255 255
64.915 -9.5456 19.447  255 255 255
64.915 -9.5456 19.447  255 255 255
-59.0676 40.4028 -39.3725  255 255 255
-53.4689 40.9544 -42.7426  255 255 255
-30.9987 43.9744 -58.0714  255 255 255
64.8877 -9.7572 19.3033  255 255 255
11.6247 49.4976 -86.4118  255 255 255
4.64615 48.5794 -81.8654  255 255 255
-30.6877 43.8509 -58.5879  255 255 255
60.5557 -5.5088 11.2879  255 255 255
-11.8479 46.1915 -71.3346  255 255 255
61.5387 -6.54294 12.8546  255 255 255
61.655 -6.52418 12.7226  255 255 255
-52.8747 40.6069 -43.6476  255 255 255
-69.0975 38.4966 -33.0673  255 255 255
-8.24844 -2.42303 28.7837  255 255 255
5.5877 -6.55498 32.1381  255 255 255
62.1443 -7.32531 13.1375  255 255 255
-19.1328 44.0374 -65.6219  255 255 255
-66.8909 38.5158 -34.7672  255 255 255
62.8902 -7.93342 14.0769  255 255 255
67.3654 -12.8431 22.8334  255 255 255
67.3654 -12.8431 22.8334  255 255 255
-50.3443 40.1203 -44.9743  255 255 255
-47.8896 40.3395 -46.4622  255 255 255
-53.1978 39.9965 -44.0126  255 255 255
-62.3943 38.8011 -38.0714  255 255 255
-9.47936 45.7649 -73.6559  255 255 255
-17.5214 42.8721 -64.9216  255 255 255
-18.6352 43.0168 -65.1673  255 255 255
-63.6272 38.3341 -37.2097  255 255 255
-63.6573 38.4681 -37.3739  255 255 255
-29.1487 42.8642 -60.7206  255 255 255
-64.9776 37.9619 -36.3257  255 255 255
-53.9982 39.1141 -43.8713  255 255 255
52.9536 0.137931 -2.18689  255 255 255
52.9536 0.137931 -2.18689  255 255 255
-66.1361 37.9042 -36.395  255 255 255
-59.273 38.556 -40.8198  255 255 255
-61.5594 38.2166 -39.4837  255 255 255
-67.5472 37.3708 -35.5543  255 255 255
-39.8957 40.5679 -53.7266  255 255 255
-39.8957 40.5679 -53.7266  255 255 255
64.2796 -11.1962 17.3244  255 255 255
-57.6767 38.3135 -42.1887  255 255 255
-43.3253 40.0184 -51.6908  255 255 255
57.1499 -4.29411 4.5763  255 255 255
57.1984 -4.29113 4.52135  255 255 255
-54.4114 38.1864 -43.1632  255 255 255
-50.9977 38.7503 -46.1716  255 255 255
1.21297 -8.19047 34.2108  255 255 255
-54.8107 38.5268 -44.2314  255 255 255
3.34373 -8.62361 34.014  255 255 255
54.7365 -2.38807 0.460732  255 255 255
-56.4599 38.0566 -43.0609  255 255 255
-40.7898 39.9155 -53.7201  255 255 255
-55.2885 38.2433 -44.119  255 255 255
66.2552 -13.2682 19.6945  255 255 255
-68.23 36.699 -35.3509  255 255 255
-9.34758 43.7066 -74.987  255 255 255
-9.27677 43.7776 -75.236  255 255 255
-6.8185 -6.35614 32.614  255 255 255
-6.77951 -6.32738 32.5237  255 255 255
-7.77646 -5.91026 31.9046  255 255 255
61.7765 -8.80728 11.3118  255 255 255
61.7636 -8.82987 11.3363  255 255 255
-47.4218 39.1046 -49.8023  255 255 255
-0.593621 -8.20053 33.9418  255 255 255
-3.34264 -7.83301 34.0898  255 255 255
-1.33244 -8.26731 34.3101  255 255 255
-12.0179 -3.31699 27.5377  255 255 255
-28.31 41.0396 -62.7695  255 255 255
-28.31 41.0396 -62.7695  255 255 255
-3.02324 -7.91062 33.8245  255 255 255
-3.27087 -8.07187 34.2829  255 255 255
-3.7938 -8.06347 34.1478  255 255 255
-28.0279 40.7959 -63.0218  255 255 255
54.5633 -2.94532 -0.411925  255 255 255
-7.85638 -6.72708 32.4089  255 255 255
-7.85211 -6.72635 32.4068  255 255 255
-29.6275 40.4226 -62.2559  255 255 255
54.3823 -3.0048 -0.726454  255 255 255
61.3862 -9.47823 10.7726  255 255 255
53.7487 -2.51822 -1.7317  255 255 255
-11.1895 -5.02374 29.458  255 255 255
-56.2424 37.0226 -44.46  255 255 255
-40.7797 38.7421 -54.8334  255 255 255
-14.8606 -1.91383 23.9421  255 255 255
-41.4043 38.6298 -54.3966  255 255 255
-4.8317 -8.4631 34.2227  255 255 255
-60.7342 36.3761 -41.7615  255 255 255
-2.34637 -9.27206 34.9002  255 255 255
57.983 -6.69221 4.75706  255 255 255
-54.3953 36.8287 -45.7083  255 255 255
-3.48917 -9.11994 34.6952  255 255 255
-57.1498 36.4897 -44.0182  255 255 255
-57.148 36.7494 -44.5289  255 255 255
-3.08394 -9.43578 34.9041  255 255 255
-26.7539 39.8924 -65.2031  255 255 255
-11.4232 -5.67737 29.7995  255 255 255
51.0678 -0.738317 -6.85452  255 255 255
51.9866 -1.66948 -5.27754  255 255 255
62.2022 -10.8668 11.3826  255 255 255
62.2022 -10.8668 11.3826  255 255 255
4.94862 -10.7439 34.3451  255 255 255
-14.2843 -3.45918 25.8169  255 255 255
53.358 -3.02752 -3.13204  255 255 255
51.4837 -1.39453 -6.40235  255 255 255
57.2343 -6.70969 3.22556  255 255 255
57.2325 -6.7109 3.22733  255 255 255
64.1985 -11.0517 10.2302  255 255 255
-54.2068 36.2479 -46.3198  255 255 255
-6.08099 -8.9348 34.1674  255 255 255
54.5601 -4.3101 -1.31679  255 255 255
57.4568 -6.98322 3.4464  255 255 255
57.4756 -6.99126 3.46389  255 255 255
-61.2359 35.4993 -41.9525  255 255 255
-61.7455 35.3785 -41.5954  255 255 255
13.0651 35.0188 -73.317  255 255 255
49.3527 0.297206 -10.1082  255 255 255
58.0429 -7.60472 4.25258  255 255 255
-12.3565 -5.98132 29.4114  255 255 255
-12.1683 -6.16794 29.7962  255 255 255
-14.9833 -3.8091 25.5118  255 255 255
-11.8385 -6.82093 30.3215  255 255 255
-2.73704 -10.8179 35.3497  255 255 255
53.6395 -4.24078 -3.51118  255 255 255
63.2014 -12.8542 12.0615  255 255 255
-14.533 -4.97512 26.9935  255 255 255
-34.269 37.5634 -61.2917  255 255 255
-28.8607 38.0152 -64.8989  255 255 255
61.8777 -11.8815 9.78566  255 255 255
-4.94434 -10.5893 35.0489  255 255 255
-5.46577 -10.4125 34.7552  255 255 255
-34.8283 37.0307 -61.2516  255 255 255
-3.74995 -11.0313 35.3117  255 255 255
6.00324 -12.4288 34.2851  255 255 255
57.6065 -8.45515 2.86578  255 255 255
56.8373 -7.48935 0.859182  255 255 255
56.8373 -7.48935 0.859182  255 255 255
-61.3264 34.0756 -42.7682  255 255 255
-58.3788 34.2899 -44.6466  255 255 255
60.4281 -11.0184 7.23566  255 255 255
60.4281 -11.0184 7.23566  255 255 255
50.8884 -2.52039 -8.62393  255 255 255
-7.39454 -10.1169 34.2487  255 255 255
-7.38024 -10.1222 34.225  255 255 255
48.886 -0.901443 -11.7076  255 255 255
50.2964 -2.09768 -9.53975  255 255 255
-8.61354 -9.73401 33.579  255 255 255
4.14733 -12.9 35.2148  255 255 255
48.8039 -0.886589 -12.164  255 255 255
57.6991 -10.2524 5.55873  255 255 255
59.6039 -10.6841 5.6897  255 255 255
57.4152 -8.9425 2.04433  255 255 255
-53.0765 34.2353 -49.1758  255 255 255
-40.741 35.541 -57.8632  255 255 255
60.2827 -11.7891 7.07555  255 255 255
-33.341 36.2473 -63.2297  255 255 255
-33.3971 36.2659 -63.2206  255 255 255
-2.25177 -12.2787 35.7695  255 255 255
-47.5683 35.1908 -54.4954  255 255 255
58.0276 -9.82492 3.11955  255 255 255
59.5863 -11.3921 6.07415  255 255 255
59.3311 -11.1593 5.0393  255 255 255
61.1152 -12.6187 7.66292  255 255 255
-65.2374 32.6271 -41.1454  255 255 255
-15.0412 -6.7132 27.7975  255 255 255
-63.1374 32.8617 -42.751  255 255 255
59.2702 -11.1582 4.64894  255 255 255
-60.4527 32.8085 -44.1719  255 255 255
51.402 -4.24192 -8.74196  255 255 255
51.402 -4.24192 -8.74196  255 255 255
-57.4621 32.8899 -46.5658  255 255 255
52.7474 -5.48016 -6.49186  255 255 255
-5.77609 -12.0352 35.161  255 255 255
9.52893 -14.0408 32.9231  255 255 255
-1.91962 -13.2136 36.0067  255 255 255
51.7275 -4.86196 -8.42503  255 255 255
-56.7131 32.9893 -48.1185  255 255 255
-56.71 32.8095 -47.7617  255 255 255
49.7697 -3.32461 -11.5781  255 255 255
-6.03868 -12.2312 35.1815  255 255 255
-61.677 32.2453 -44.2027  255 255 255
-35.2562 34.6662 -63.0568  255 255 255
4.5859 27.0051 -63.5049  255 255 255
4.60557 27.0361 -63.5783  255 255 255
-6.31406 -12.3456 35.2245  255 255 255
56.7165 -9.62357 -0.287201  255 255 255
-52.1535 32.6303 -50.495  255 255 255
-52.1535 32.6303 -50.495  255 255 255
-32.5442 34.7532 -65.2204  255 255 255
2.27961 27.1259 -63.5682  255 255 255
-0.190812 -14.0922 35.9763  255 255 255
-0.190812 -14.0922 35.9763  255 255 255
64.4901 -13.7888 4.93408  255 255 255
-13.1017 -9.77859 30.9573  255 255 255
-16.2155 -7.68519 27.1826  255 255 255
-56.761 31.7719 -48.7468  255 255 255
-56.761 31.7719 -48.7468  255 255 255
50.7432 -5.20438 -10.8735  255 255 255
-56.1257 31.7824 -49.223  255 255 255
-10.1309 -11.6967 33.5855  255 255 255
50.6801 -5.35912 -11.3073  255 255 255
58.113 -11.9613 1.29719  255 255 255
53.314 -7.66536 -7.05362  255 255 255
-11.3101 -11.33 32.7279  255 255 255
59.8946 -13.7833 4.22477  255 255 255
-11.0517 -11.6862 32.9548  255 255 255
-11.0498 -11.687 32.9579  255 255 255
-8.47354 -12.8188 34.4502  255 255 255
-54.8597 31.2715 -50.6895  255 255 255
-18.3229 -6.07977 22.5906  255 255 255
-13.6954 -10.4146 30.8199  255 255 255
-13.6961 -10.4148 30.8215  255 255 255
-3.33509 -14.5545 35.9668  255 255 255
59.3522 -13.4644 2.80083  255 255 255
-9.50765 -12.6168 33.9755  255 255 255
-15.0005 -9.08217 27.995  255 255 255
-15.0005 -9.08217 27.995  255 255 255
-15.601 -9.40131 28.8043  255 255 255
-3.19953 -14.7866 36.0529  255 255 255
59.6366 -14.0379 3.37416  255 255 255
59.6366 -14.0379 3.37416  255 255 255
-11.0726 -12.2515 33.1965  255 255 255
6.8596 -16.3766 34.6069  255 255 255
-7.43308 -13.7108 34.9637  255 255 255
-7.43308 -13.7108 34.9637  255 255 255
-6.88954 -13.9624 35.1891  255 255 255
-4.10805 -14.9311 35.9013  255 255 255
-5.81676 -14.469 35.507  255 255 255
52.8358 -8.45211 -8.3731  255 255 255
-14.7424 -10.5584 29.9169  255 255 255
-11.2893 -12.5762 33.0694  255 255 255
-11.2941 -12.57 33.0823  255 255 255
-11.2894 -12.5759 33.0566  255 255 255
51.9647 -8.00881 -10.0441  255 255 255
-2.10247 -15.8141 36.1866  255 255 255
59.7199 -14.917 3.05569  255 255 255
59.566 -14.8222 2.65046  255 255 255
61.8273 -16.7855 6.08634  255 255 255
62.8364 -16.5401 5.03324  255 255 255
6.80568 -17.1664 34.6478  255 255 255
6.80568 -17.1664 34.6478  255 255 255
7.31561 -17.2575 34.3691  255 255 255
52.7139 -9.07201 -9.16191  255 255 255
60.6005 -16.2574 4.59699  255 255 255
66.6566 -21.8789 15.6016  255 255 255
-11.1847 -13.1681 33.0484  255 255 255
52.9243 -9.51568 -8.84111  255 255 255
-30.633 28.7896 -63.0186  255 255 255
-18.9764 -0.0745111 3.88263  255 255 255
7.56834 -17.5023 34.2224  255 255 255
61.0422 -16.6962 4.90871  255 255 255
-4.85852 -15.672 35.8274  255 255 255
-9.01537 -14.3425 34.4634  255 255 255
62.8071 -17.9113 6.92581  255 255 255
-61.0249 28.8525 -47.9725  255 255 255
56.6824 -13.1065 -2.475  255 255 255
-19.9163 -4.54898 14.673  255 255 255
-11.6747 -13.4549 32.9799  255 255 255
-9.42987 -14.4911 34.311  255 255 255
-42.6823 29.9155 -61.4335  255 255 255
-14.9649 -11.8269 30.2074  255 255 255
-9.87548 -14.4705 34.123  255 255 255
7.32892 -18.0485 34.2479  255 255 255
-3.65256 -16.5333 36.0565  255 255 255
-22.2033 -0.95564 5.57948  255 255 255
-21.1823 -4.95473 15.2816  255 255 255
-10.1599 -14.4919 33.9684  255 255 255
63.9741 -20.1733 9.53135  255 255 255
-10.3634 -14.4635 33.8299  255 255 255
-11.472 -14.0056 33.1097  255 255 255
61.5771 -17.9697 4.71501  255 255 255
61.5771 -17.9697 4.71501  255 255 255
64.204 -20.2208 9.00067  255 255 255
-7.24477 -15.9408 35.2373  255 255 255
2.2491 -18.0545 35.705  255 255 255
58.677 -15.7718 -0.440364  255 255 255
-10.9428 -14.6296 33.5779  255 255 255
60.2075 -17.1057 2.03029  255 255 255
1.24754 -18.3099 35.987  255 255 255
1.24754 -18.3099 35.987  255 255 255
-6.638 -16.5543 35.4255  255 255 255
55.1431 -12.9977 -6.99538  255 255 255
-10.7023 -15.0732 33.7144  255 255 255
-4.17883 -17.3235 35.8927  255 255 255
-20.9292 -6.73832 17.2828  255 255 255
-3.68602 -17.4639 35.989  255 255 255
-8.97825 -15.9234 34.6471  255 255 255
5.51683 -19.1062 34.9066  255 255 255
56.1782 -14.4672 -4.62101  255 255 255
-2.46777 -17.9242 36.1023  255 255 255
-43.7783 27.4186 -60.6445  255 255 255
-5.75266 -17.3254 35.6874  255 255 255
61.174 -18.9863 3.42044  255 255 255
-4.28953 -17.7354 35.9223  255 255 255
57.2587 -15.6754 -3.26932  255 255 255
-22.0699 -7.1604 17.7661  255 255 255
-8.83614 -16.4046 34.6935  255 255 255
58.6261 -16.9907 -0.935249  255 255 255
61.5424 -19.3696 3.36143  255 255 255
59.5394 -17.9996 0.558197  255 255 255
64.5191 -22.0215 8.36169  255 255 255
3.49167 -19.4357 35.3552  255 255 255
-1.9804 -18.6145 36.029  255 255 255
60.5307 -18.902 1.84893  255 255 255
56.5101 -15.6098 -4.57792  255 255 255
55.8519 -15.0968 -5.81144  255 255 255
-25.6016 -3.93335 9.65795  255 255 255
-21.2989 -8.18612 18.6006  255 255 255
60.3004 -18.9446 1.61805  255 255 255
-10.4496 -16.2911 33.9386  255 255 255
-3.00027 -18.6558 35.9804  255 255 255
-1.86394 -18.9883 35.9765  255 255 255
2.89649 -19.8784 35.5146  255 255 255
7.72029 -20.2915 33.822  255 255 255
-21.7568 -8.78258 19.4494  255 255 255
61.7453 -20.5532 3.58008  255 255 255
-24.4202 -5.25146 11.0913  255 255 255
-60.2983 24.9777 -50.7351  255 255 255
-21.7539 -9.02009 19.3548  255 255 255
56.0504 -16.0588 -5.95325  255 255 255
-7.0137 -17.9015 34.5885  255 255 255
-52.9006 25.3456 -56.4661  255 255 255
24.1053 -20.6555 24.1032  255 255 255
1.15768 -20.1631 35.5261  255 255 255
-31.7544 18.4713 -51.2133  255 255 255
-24.3655 -6.46568 12.4017  255 255 255
58.1384 -18.386 -3.16404  255 255 255
-19.5228 -11.8791 24.2533  255 255 255
57.1265 -17.544 -4.81773  255 255 255
57.203 -17.5355 -4.90391  255 255 255
-15.4817 -14.9665 30.3081  255 255 255
-15.4991 -14.9546 30.3101  255 255 255
-2.28386 -19.874 35.808  255 255 255
58.2567 -18.9901 -2.98222  255 255 255
-17.1501 -14.3957 28.5261  255 255 255
-14.4349 -15.864 30.9193  255 255 255
-7.62848 -18.8079 34.9989  255 255 255
21.6732 -22.0556 26.2709  255 255 255
-3.50773 -20.0665 35.7012  255 255 255
59.1817 -20.2105 -2.01202  255 255 255
59.2037 -20.2057 -2.07279  255 255 255
56.477 -18.1304 -6.5592  255 255 255
55.9659 -17.9775 -7.61356  255 255 255
56.4931 -18.4496 -6.44706  255 255 255
58.175 -19.7822 -3.98632  255 255 255
58.104 -19.772 -3.90168  255 255 255
64.4588 -24.9901 6.71937  255 255 255
-17.5493 -14.6411 27.3513  255 255 255
8.33181 -22.2559 32.8674  255 255 255
-27.862 -8.01446 14.8381  255 255 255
-15.1176 -16.5113 30.7607  255 255 255
-15.0964 -16.5162 30.7313  255 255 255
5.95637 -22.2147 33.7906  255 255 255
-7.89103 -19.5644 34.7419  255 255 255
-6.60518 -20.077 35.0581  255 255 255
-22.0556 -12.9404 24.3654  255 255 255
-14.7952 -16.8868 30.9942  255 255 255
56.0669 -18.4849 -8.25955  255 255 255
60.9904 -22.5986 0.315993  255 255 255
-4.80225 -20.6356 35.3311  255 255 255
-1.31128 -21.3993 35.3614  255 255 255
-13.4486 -17.8114 32.0136  255 255 255
4.96358 -22.5839 34.1111  255 255 255
-13.6175 -17.7995 31.912  255 255 255
56.4309 -19.7464 -7.53546  255 255 255
-11.008 -19.178 33.4162  255 255 255
-26.7625 -9.94387 16.3834  255 255 255
-15.3323 -17.455 30.4802  255 255 255
-15.3323 -17.455 30.4802  255 255 255
-9.01047 -20.2143 34.1773  255 255 255
-23.2234 -13.4653 23.5696  255 255 255
62.6841 -25.4836 3.06725  255 255 255
0.663812 -22.6591 34.5206  255 255 255
-7.78791 -20.866 34.528  255 255 255
-1.68083 -22.4012 35.0389  255 255 255
-1.24536 -22.2405 34.3164  255 255 255
57.1428 -21.2843 -7.03063  255 255 255
-12.3201 -19.4504 32.5746  255 255 255
-1.57853 -22.7263 34.8972  255 255 255
-16.7623 -17.9702 29.9391  255 255 255
-9.86212 -20.8582 33.6408  255 255 255
-12.5619 -19.8979 32.3039  255 255 255
-12.0833 -20.0859 32.5643  255 255 255
-4.65153 -22.8008 34.7428  255 255 255
-6.34281 -22.3768 34.5237  255 255 255
-6.16627 -22.4591 34.5776  255 255 255
55.5374 -21.1 -11.4421  255 255 255
-16.9679 -18.9142 31.0598  255 255 255
55.2448 -21.1443 -11.5442  255 255 255
63.9541 -28.8858 5.43019  255 255 255
64.5985 -28.6121 3.73052  255 255 255
56.2011 -22.3998 -9.33776  255 255 255
-27.8262 -13.4506 20.5917  255 255 255
59.0872 -24.416 -6.14301  255 255 255
-15.5991 -20.4839 32.5804  255 255 255
-21.2594 -17.5232 26.9273  255 255 255
63.6907 -28.8097 1.57381  255 255 255
-20.2948 -18.3429 28.4611  255 255 255
-20.466 -18.6491 28.5652  255 255 255
-20.3537 -18.5962 28.3192  255 255 255
-18.2272 -20.1415 31.689  255 255 255
-9.26392 -23.4264 35.4178  255 255 255
75.4677 -31.4895 -1.06857  255 255 255
-18.0449 -20.402 31.7834  255 255 255
-18.2299 -20.3808 31.6335  255 255 255
-21.2066 -18.2331 27.1786  255 255 255
-28.8839 -12.8814 15.242  255 255 255
-11.9683 -23.3576 35.4654  255 255 255
12.0337 -28.8325 34.9525  255 255 255
-16.7797 -21.3886 32.4857  255 255 255
9.132 -28.6576 35.2022  255 255 255
-13.3594 -23.2608 34.5947  255 255 255
-13.3608 -23.2575 34.6047  255 255 255
-13.3724 -23.4797 34.5601  255 255 255
10.1815 -29.8247 36.6141  255 255 255
14.8606 -30.1623 33.7217  255 255 255
61.3998 -29.5745 -3.45227  255 255 255
62.5238 -30.7354 -1.23167  255 255 255
-12.5265 -24.183 34.9951  255 255 255
-12.5041 -24.1839 34.948  255 255 255
-12.5304 -24.1867 34.9953  255 255 255
-12.1271 -24.244 35.0406  255 255 255
-25.6466 -18.6223 26.7578  255 255 255
-39.7253 2.95156 -34.0533  255 255 255
-24.982 -18.9478 26.7048  255 255 255
-13.2522 -24.0775 34.4373  255 255 255
-27.3473 -18.2524 25.4529  255 255 255
-33.9817 0.178106 -30.5443  255 255 255
-10.8055 -25.143 35.1975  255 255 255
-0.534911 -27.8047 35.9313  255 255 255
-8.91601 -25.7469 35.5141  255 255 255
-40.6795 1.82497 -32.2636  255 255 255
-18.1394 -22.3125 31.0364  255 255 255
-18.1394 -22.3125 31.0364  255 255 255
-8.08557 -26.235 35.6199  255 255 255
-8.08764 -26.2426 35.6395  255 255 255
7.26045 -30.3695 37.0442  255 255 255
-16.1964 -23.5107 32.303  255 255 255
-14.325 -24.3711 33.4585  255 255 255
-7.41361 -26.6548 35.6589  255 255 255
-4.51877 -27.5192 36.109  255 255 255
-27.7751 -18.87 24.1821  255 255 255
-27.7751 -18.87 24.1821  255 255 255
-23.5478 -21.5837 29.9077  255 255 255
-10.6192 -26.1146 34.8712  255 255 255
-8.53876 -26.7207 35.2192  255 255 255
-16.0813 -24.363 32.47  255 255 255
66.1424 -35.6477 2.55356  255 255 255
-40.4812 -0.986287 -28.7536  255 255 255
-9.37663 -26.8616 34.9698  255 255 255
-29.6845 -4.55002 -25.5377  255 255 255
-27.9236 -6.12077 -23.8165  255 255 255
-25.089 -21.9247 28.6669  255 255 255
67.857 -37.9867 4.33192  255 255 255
-23.7806 -23.3366 31.8448  255 255 255
-25.0032 -22.192 28.7186  255 255 255
-8.87686 -28.2201 36.2076  255 255 255
-17.8606 -25.503 33.8938  255 255 255
0.397053 -31.7257 38.5389  255 255 255
-6.20735 -29.9969 37.9589  255 255 255
-26.5524 -21.5152 25.2123  255 255 255
-48.0907 -2.3166 -26.5586  255 255 255
-0.622157 -31.6808 38.4822  255 255 255
1.10818 -32.0688 38.1054  255 255 255
15.0496 -33.4574 30.2814  255 255 255
62.8498 -38.8229 6.0417  255 255 255
-42.4021 -5.4398 -23.4897  255 255 255
-21.2712 -25.8405 31.9207  255 255 255
-24.7174 -24.0115 27.5268  255 255 255
0.718879 -33.2491 37.0512  255 255 255
-44.2367 -6.93433 -21.5944  255 255 255
-49.5232 -5.80738 -22.3078  255 255 255
-18.5977 -27.7969 33.1932  255 255 255
-23.1918 -25.8379 29.7494  255 255 255
-10.9231 -30.73 36.8784  255 255 255
-23.4917 -25.981 29.9935  255 255 255
-10.2167 -31.1134 36.9573  255 255 255
-10.7523 -31.0552 36.9294  255 255 255
-23.4641 -26.3695 29.4585  255 255 255
-19.4067 -27.9794 31.8385  255 255 255
-0.745245 -33.9906 36.6074  255 255 255
-27.0698 -23.7067 22.2303  255 255 255
-0.500182 -34.1757 36.3529  255 255 255
-36.908 -11.9635 -16.5875  255 255 255
-15.6444 -30.5811 35.5809  255 255 255
-5.26365 -34.0114 38.2918  255 255 255
-39.2407 -12.2256 -15.8817  255 255 255
10.4088 -36.402 30.6117  255 255 255
-22.6778 -27.6064 28.669  255 255 255
-22.6778 -27.6064 28.669  255 255 255
-11.3516 -32.2255 35.4385  255 255 255
5.4298 -36.3698 33.8442  255 255 255
-21.5649 -28.3536 29.5492  255 255 255
-10.2804 -32.9984 35.0379  255 255 255
-48.2143 -11.7498 -15.8206  255 255 255
5.52391 -37.1733 33.9351  255 255 255
-15.7552 -31.8358 34.6223  255 255 255
-11.1211 -33.095 34.5818  255 255 255
-49.132 -12.1114 -15.6175  255 255 255
11.4748 -37.9066 29.1924  255 255 255
-48.8273 -12.3763 -15.0642  255 255 255
-26.2377 -26.6321 22.494  255 255 255
-6.39996 -34.8236 35.3973  255 255 255
41.0743 -41.3612 8.75263  255 255 255
-14.2012 -32.4485 33.6472  255 255 255
-15.8231 -31.9523 32.8778  255 255 255
-54.1739 -11.9389 -15.2065  255 255 255
14.888 -38.9116 25.2782  255 255 255
-41.1897 -16.1917 -11.3306  255 255 255
-46.7803 -14.4082 -13.3111  255 255 255
9.48538 -38.7089 29.8395  255 255 255
-9.99911 -34.5941 33.5453  255 255 255
5.41047 -38.586 32.5851  255 255 255
46.3776 -46.0508 15.6035  255 255 255
-6.03489 -36.0909 34.6896  255 255 255
-11.8835 -34.4608 33.1877  255 255 255
-23.347 -30.0135 26.3019  255 255 255
-23.3047 -30.2509 26.177  255 255 255
-23.0651 -30.416 26.4742  255 255 255
-23.7518 -30.5936 26.0084  255 255 255
-23.7191 -30.5763 25.3715  255 255 255
-53.443 -15.8803 -10.6804  255 255 255
-20.6473 -32.1514 28.0412  255 255 255
-24.9727 -30.6387 25.7414  255 255 255
-7.98589 -37.0277 32.9274  255 255 255
-26.2837 -29.604 20.5295  255 255 255
5.46921 -40.7039 30.2533  255 255 255
-21.8663 -32.3995 26.4101  255 255 255
-21.9101 -32.5744 25.7679  255 255 255
-1.84124 -39.4443 31.7481  255 255 255
-19.0439 -34.2371 28.3755  255 255 255
-16.8153 -35.2232 29.2028  255 255 255
-6.07005 -38.9104 32.5918  255 255 255
-5.91329 -38.8932 32.3229  255 255 255
-12.2449 -37.0295 31.0491  255 255 255
4.84978 -41.6191 29.3051  255 255 255
5.12188 -41.7618 29.3022  255 255 255
3.77704 -41.4703 29.464  255 255 255
-12.0409 -37.3204 30.6471  255 255 255
-6.12922 -39.4681 31.5971  255 255 255
-6.24948 -39.7636 32.8745  255 255 255
-23.5639 -33.9493 22.771  255 255 255
-23.9092 -33.9312 22.9632  255 255 255
-17.9956 -36.5912 26.9025  255 255 255
-12.0561 -38.9834 29.2929  255 255 255
14.6581 -47.1821 25.1448  255 255 255
-43.3022 -27.6593 1.93416  255 255 255
-6.27801 -43.2563 30.5008  255 255 255
-15.9816 -40.6261 28.1575  255 255 255
-16.9808 -40.985 27.121  255 255 255
-5.57177 -44.8269 29.1176  255 255 255
-6.73237 -46.066 32.1596  255 255 255
-6.59423 -47.4944 31.6831  255 255 255
-27.815 -39.9386 21.8477  255 255 255
-27.8108 -39.9382 21.8469  255 255 255
-1.12192 -49.071 29.4312  255 255 255
-46.6125 -34.226 9.12226  255 255 255
-27.3674 -40.9884 21.7211  255 255 255
-42.8655 -35.7489 10.7664  255 255 255
-45.8902 -35.1041 9.84481  255 255 255
-5.26535 -50.2456 29.4988  255 255 255
-18.1712 -46.3419 27.2564  255 255 255
-17.0079 -47.5476 27.1097  255 255 255
-9.02268 -51.0804 29.5553  255 255 255
6.92618 -56.5362 30.9088  255 255 255
0.886272 -54.6989 31.0221  255 255 255
-23.8077 -47.591 26.5752  255 255 255
-6.48623 -58.301 34.287  255 255 255
-42.0263 -46.402 22.8611  255 255 255
-11.4034 -57.1115 33.0851  255 255 255
-2.3491 -61.1652 36.1458  255 255 255
-1.91203 -61.4574 37.3436  255 255 255
-47.9908 85.9391 -18.9907  255 255 255
4.03022 94.5252 -39.2948  255 255 255
-7.41379 90.8593 -33.856  255 255 255
15.073 98.0328 -45.6142  255 255 255
19.6582 99.1483 -47.471  255 255 255
3.93197 94.229 -39.7641  255 255 255
12.0546 96.4969 -44.1293  255 255 255
38.2176 103.675 -56.3114  255 255 255
46.401 106 -59.971  255 255 255
-7.77955 90.045 -34.4978  255 255 255
38.9329 103.753 -56.9857  255 255 255
42.6967 105.202 -59.2321  255 255 255
25.2854 99.4676 -51.0541  255 255 255
37.0795 102.84 -57.7656  255 255 255
50.2927 106.33 -63.6157  255 255 255
50.1292 106.138 -63.295  255 255 255
30.2048 100.568 -54.5807  255 255 255
10.1052 94.3244 -44.7056  255 255 255
12.0768 95.0726 -45.9108  255 255 255
30.3917 100.143 -54.7815  255 255 255
11.9405 94.5547 -45.9825  255 255 255
9.28718 93.3498 -44.73  255 255 255
8.08226 92.4484 -44.6332  255 255 255
52.5585 105.571 -66.4032  255 255 255
52.5449 105.558 -66.3864  255 255 255
10.4316 92.6861 -45.5891  255 255 255
9.06377 92.2417 -45.786  255 255 255
50.2019 103.685 -66.3276  255 255 255
13.3076 92.6899 -48.4146  255 255 255
55.2881 104.836 -69.0462  255 255 255
-25.96 78.763 -25.1896  255 255 255
-20.9136 82.7392 -31.0913  255 255 255
8.96146 91.3782 -46.3816  255 255 255
49.2566 60.5303 -10.758  255 255 255
49.0273 60.8143 -11.3053  255 255 255
50.2407 58.7291 -8.73401  255 255 255
5.68568 90.2666 -45.0442  255 255 255
16.8123 93.4178 -50.7626  255 255 255
4.60811 89.8532 -44.647  255 255 255
49.3298 59.7724 -10.7346  255 255 255
49.7979 58.8339 -9.59941  255 255 255
48.7001 60.9841 -12.5822  255 255 255
15.9185 92.5048 -50.2953  255 255 255
-6.1887 86.3403 -39.4434  255 255 255
52.4422 55.3635 -5.83048  255 255 255
0.484602 87.8787 -42.6455  255 255 255
50.2573 58.2207 -9.45679  255 255 255
19.0773 93.4574 -52.5279  255 255 255
49.2267 59.3147 -11.2217  255 255 255
-20.6558 81.5841 -31.8175  255 255 255
-27.0573 79.8084 -28.7329  255 255 255
2.43606 88.369 -44.0743  255 255 255
16.8965 92.5605 -51.6655  255 255 255
-1.87158 86.7004 -41.6671  255 255 255
-1.29973 86.7603 -41.8694  255 255 255
52.1705 55.6852 -7.31975  255 255 255
53.1631 30.8958 25.7131  255 255 255
-44.6308 74.3528 -19.641  255 255 255
-43.1114 74.8282 -20.6042  255 255 255
-36.6387 76.7529 -24.0945  255 255 255
-14.0645 83.0803 -35.9997  255 255 255
-47.0068 73.5176 -18.5632  255 255 255
10.5143 90.0008 -49.0233  255 255 255
-11.3432 83.6717 -37.6709  255 255 255
1.4963 87.2191 -44.241  255 255 255
-38.7053 75.6215 -22.9747  255 255 255
11.2106 90.0768 -49.5897  255 255 255
-32.4601 77.4158 -26.394  255 255 255
-26.5911 79.1913 -29.7698  255 255 255
48.9591 60.0026 -14.4219  255 255 255
51.5228 55.9004 -9.15341  255 255 255
-1.20716 86.1972 -43.2566  255 255 255
-27.5462 78.7803 -29.4176  255 255 255
20.5099 92.3951 -54.7996  255 255 255
48.5238 99.7678 -68.4283  255 255 255
49.9607 56.9336 -11.1688  255 255 255
49.9607 56.9336 -11.1688  255 255 255
49.2061 37.2486 15.5368  255 255 255
52.0652 32.0614 22.4195  255 255 255
-10.7984 83.0789 -38.6473  255 255 255
14.4641 90.3051 -51.8774  255 255 255
13.4738 89.9303 -51.5082  255 255 255
-0.335912 85.6264 -44.2395  255 255 255
14.0078 89.7973 -51.7418  255 255 255
-44.3359 73.3634 -21.1656  255 255 255
53.3778 33.9062 18.8301  255 255 255
7.8726 87.6385 -48.7354  255 255 255
49.0023 57.7897 -13.743  255 255 255
56.5362 28.1171 26.1972  255 255 255
-67.9201 66.5492 -8.48631  255 255 255
0.824032 85.8197 -45.4461  255 255 255
0.677289 85.5686 -45.0053  255 255 255
0.824032 85.8197 -45.4461  255 255 255
13.9973 89.4779 -52.2031  255 255 255
-68.1974 66.4477 -8.64518  255 255 255
-46.8711 72.2652 -20.1023  255 255 255
54.7808 30.0163 22.8793  255 255 255
55.7407 100.256 -73.6286  255 255 255
-57.8205 68.8961 -14.2966  255 255 255
56.9762 29.2748 23.4584  255 255 255
-44.9712 72.1879 -21.381  255 255 255
20.9877 89.8329 -56.0066  255 255 255
-0.963589 84.2666 -45.3404  255 255 255
58.6711 24.293 29.2706  255 255 255
51.4832 98.084 -72.5858  255 255 255
45.8686 96.4584 -70.068  255 255 255
25.3658 90.8205 -59.7697  255 255 255
63.339 21.7094 31.6445  255 255 255
-2.71744 82.7662 -45.2006  255 255 255
48.8611 55.3784 -15.6618  255 255 255
48.8085 55.4758 -15.6189  255 255 255
41.4524 94.6195 -69.295  255 255 255
-9.71016 80.4438 -42.0718  255 255 255
84.0649 105.398 -90.5451  255 255 255
-16.3031 78.3909 -38.5538  255 255 255
-15.3259 78.4761 -38.9939  255 255 255
-15.3259 78.4761 -38.9939  255 255 255
-61.7738 66.0378 -13.5331  255 255 255
48.8587 55.1635 -16.3366  255 255 255
-13.7063 78.5398 -40.5725  255 255 255
-13.7144 78.548 -40.5801  255 255 255
6.10702 83.8911 -51.4498  255 255 255
-12.032 78.9322 -41.6517  255 255 255
62.1514 98.6965 -80.5576  255 255 255
59.9427 97.6789 -78.9558  255 255 255
12.6343 85.2037 -54.704  255 255 255
14.7393 85.8012 -55.8867  255 255 255
-15.3106 77.6671 -39.9194  255 255 255
-15.2973 77.7366 -40.0902  255 255 255
-15.2704 77.7756 -40.1004  255 255 255
-56.9594 66.5857 -16.97  255 255 255
-51.0548 67.6929 -19.4486  255 255 255
-50.9756 68.4044 -20.4905  255 255 255
-11.4366 78.4098 -42.1265  255 255 255
13.0826 84.8043 -55.5124  255 255 255
39.8263 91.7515 -69.376  255 255 255
54.9513 23.489 25.9275  255 255 255
41.8706 92.2235 -70.6248  255 255 255
-49.2254 68.3451 -21.5111  255 255 255
38.7032 91.5548 -69.2738  255 255 255
3.23304 81.5541 -49.8435  255 255 255
52.6383 29.5456 17.2366  255 255 255
12.0327 84.2152 -55.19  255 255 255
55.4151 95.82 -78.1702  255 255 255
53.8512 47.3759 -9.00827  255 255 255
-54.2759 66.5907 -18.5378  255 255 255
-65.9523 63.6785 -12.3378  255 255 255
4.53242 82.063 -51.4447  255 255 255
-60.7249 64.9291 -15.612  255 255 255
-50.7572 67.1211 -20.7418  255 255 255
-66.0455 63.2117 -12.4961  255 255 255
41.4624 91.0778 -71.3973  255 255 255
0.128493 79.9863 -48.9851  255 255 255
40.6877 90.6686 -71.3151  255 255 255
47.7756 92.2766 -75.1404  255 255 255
49.8827 31.7579 11.4451  255 255 255
70.5262 97.6967 -87.7492  255 255 255
70.5262 97.6967 -87.7492  255 255 255
-14.5727 75.4667 -42.3145  255 255 255
-17.4703 74.6303 -40.9518  255 255 255
-19.5338 73.839 -39.4905  255 255 255
29.9345 86.626 -66.7264  255 255 255
-59.0465 64.2336 -18.1405  255 255 255
-5.13467 77.4944 -48.1266  255 255 255
30.3143 86.3212 -67.302  255 255 255
6.85254 80.4479 -54.8492  255 255 255
39.7045 88.7841 -72.4958  255 255 255
-10.3189 75.9223 -45.467  255 255 255
15.53 82.0975 -59.2958  255 255 255
57.5055 40.482 -4.89577  255 255 255
13.3916 81.6804 -58.8396  255 255 255
21.9966 83.7315 -63.4691  255 255 255
-48.4995 66.0272 -24.2381  255 255 255
38.1123 87.517 -72.225  255 255 255
-50.5939 65.3606 -23.2018  255 255 255
57.4726 40.0218 -5.37486  255 255 255
-49.9545 65.3645 -23.771  255 255 255
-21.2451 72.3288 -39.9305  255 255 255
52.5624 26.6033 15.2581  255 255 255
52.6229 26.6286 15.1758  255 255 255
58.1305 20.5294 23.661  255 255 255
-10.3032 75.0101 -46.0579  255 255 255
25.6173 84.0956 -66.3286  255 255 255
55.8703 90.7905 -82.04  255 255 255
-24.4622 71.1101 -38.5691  255 255 255
27.9927 83.8967 -67.924  255 255 255
27.9856 83.8942 -67.9151  255 255 255
55.5777 40.3509 -7.46563  255 255 255
-25.2783 70.6337 -38.2793  255 255 255
-25.2943 70.606 -38.1914  255 255 255
56.0925 90.5251 -83.0902  255 255 255
27.3878 83.484 -68.0101  255 255 255
27.4061 83.5 -68.0333  255 255 255
-62.4913 61.6555 -17.751  255 255 255
12.6485 79.575 -59.6669  255 255 255
-10.85 73.7772 -46.9721  255 255 255
-10.8341 73.7839 -47.0327  255 255 255
42.5812 86.4499 -75.8144  255 255 255
1.06071 76.3074 -53.2218  255 255 255
-13.7218 72.7959 -45.5203  255 255 255
7.20218 77.6512 -57.5181  255 255 255
-37.3278 66.9579 -32.5359  255 255 255
-49.6261 60.8868 -20.9417  255 255 255
29.4713 82.8875 -70.3887  255 255 255
-20.3718 70.6614 -42.4003  255 255 255
-41.9081 65.4317 -30.2241  255 255 255
30.9605 83.1155 -71.8885  255 255 255
51.9032 24.9191 13.2785  255 255 255
52.5298 43.1609 -15.2183  255 255 255
-36.3927 66.1753 -32.9705  255 255 255
53.3227 23.6711 14.6993  255 255 255
-44.0272 64.6726 -29.4252  255 255 255
56.5428 37.7201 -8.19277  255 255 255
-9.55097 72.4396 -48.9832  255 255 255
-43.3154 64.7066 -30.1208  255 255 255
12.4814 77.6209 -61.5068  255 255 255
-44.1939 64.2597 -29.4638  255 255 255
-46.106 63.616 -28.6302  255 255 255
-67.2671 58.2535 -15.8716  255 255 255
-45.7406 63.5162 -28.7138  255 255 255
16.1591 77.5664 -63.4821  255 255 255
-49.6467 62.5664 -26.7576  255 255 255
-48.5022 62.0197 -26.1867  255 255 255
14.094 76.9972 -62.6307  255 255 255
14.7106 77.1588 -62.8915  255 255 255
56.5608 86.9914 -86.1005  255 255 255
-50.7025 62.0658 -26.0583  255 255 255
-50.7025 62.0658 -26.0583  255 255 255
-43.4421 63.7345 -30.289  255 255 255
-43.4558 63.6975 -30.2229  255 255 255
14.493 76.8239 -63.2142  255 255 255
-42.8913 63.7885 -31.125  255 255 255
-46.1242 62.7776 -28.9626  255 255 255
-16.299 69.4484 -45.771  255 255 255
-67.5674 58.0466 -16.8359  255 255 255
-4.39279 72.384 -53.1102  255 255 255
57.5519 86.6734 -87.5853  255 255 255
-65.8354 58.2241 -17.7568  255 255 255
-64.366 58.4983 -18.4872  255 255 255
16.1254 77.1089 -65.3195  255 255 255
-66.7569 57.7949 -17.518  255 255 255
58.8962 16.0509 21.619  255 255 255
-17.33 68.5295 -45.9611  255 255 255
53.0032 84.6479 -85.4818  255 255 255
-42.767 62.9911 -31.7736  255 255 255
-42.7601 62.9872 -31.6634  255 255 255
-42.7588 62.8181 -31.4826  255 255 255
-55.9851 59.7957 -23.6352  255 255 255
-69.732 56.9163 -16.2344  255 255 255
-69.732 56.9163 -16.2344  255 255 255
-41.993 62.956 -32.1304  255 255 255
-41.9761 62.9755 -32.0794  255 255 255
17.3618 76.6455 -66.4579  255 255 255
19.8483 77.1659 -67.9051  255 255 255
-56.3761 59.7825 -24.0216  255 255 255
-56.3553 59.8113 -24.0096  255 255 255
-36.1214 64.2593 -35.6328  255 255 255
-28.5675 65.67 -40.337  255 255 255
-28.5626 65.7459 -40.3667  255 255 255
-28.5675 65.67 -40.337  255 255 255
-46.737 61.5338 -29.7001  255 255 255
-46.7263 61.5226 -29.6863  255 255 255
-66.0321 57.0448 -18.3944  255 255 255
-4.00774 70.8419 -54.672  255 255 255
48.0607 26.4381 5.0832  255 255 255
-67.0634 56.7224 -18.2148  255 255 255
-47.4878 60.8954 -29.4548  255 255 255
13.4429 74.7329 -65.0416  255 255 255
-68.1927 56.3521 -17.4153  255 255 255
-26.8938 65.6551 -41.9454  255 255 255
16.9558 75.2796 -66.9368  255 255 255
16.9558 75.2796 -66.9368  255 255 255
-21.776 66.3471 -44.4748  255 255 255
18.7965 75.362 -67.9879  255 255 255
18.8854 75.4883 -68.2672  255 255 255
-57.3936 58.6495 -24.1533  255 255 255
-57.3856 58.7078 -24.2485  255 255 255
-50.9566 59.8556 -27.6713  255 255 255
-50.9568 59.907 -27.7788  255 255 255
-24.2586 65.7052 -43.5905  255 255 255
14.0901 74.2996 -65.8878  255 255 255
55.9702 34.2857 -10.5517  255 255 255
58.2121 14.4601 20.9254  255 255 255
-4.75625 69.7514 -55.0843  255 255 255
-4.68837 69.8792 -55.3635  255 255 255
-48.0923 60.4053 -30.1825  255 255 255
-67.0218 56.0444 -19.0725  255 255 255
-67.5962 55.7989 -18.7468  255 255 255
61.542 83.4785 -92.3887  255 255 255
65.4867 84.4386 -94.9682  255 255 255
65.455 84.4515 -94.9197  255 255 255
2.07473 70.6054 -59.9329  255 255 255
30.8551 77.2968 -76.6606  255 255 255
56.7303 15.785 17.3275  255 255 255
58.0101 14.5735 18.9881  255 255 255
-54.6295 57.9398 -26.4093  255 255 255
53.9819 13.9916 20.1096  255 255 255
45.3332 79.3753 -84.8695  255 255 255
-35.6738 61.7574 -38.2754  255 255 255
60.7727 82.5719 -94.3994  255 255 255
-55.4732 56.8126 -27.6819  255 255 255
-6.1568 67.0122 -57.0239  255 255 255
6.84912 69.5433 -64.5923  255 255 255
58.3936 80.0264 -93.7941  255 255 255
-59.3484 55.6292 -25.3749  255 255 255
-6.15842 66.4272 -56.9097  255 255 255
-49.0755 57.4543 -31.9109  255 255 255
56.922 30.6349 -12.6599  255 255 255
12.3388 69.7542 -68.2041  255 255 255
56.4709 31.1171 -13.9132  255 255 255
52.473 17.9674 9.09096  255 255 255
-50.0518 56.8433 -31.619  255 255 255
-50.0507 56.8492 -31.6258  255 255 255
12.8508 70.7881 -70.8578  255 255 255
-41.2378 58.2829 -36.6418  255 255 255
65.8283 80.1463 -99.187  255 255 255
32.9489 73.551 -80.7724  255 255 255
52.4085 17.1258 8.89998  255 255 255
59.6448 78.0798 -96.0768  255 255 255
-50.3072 56.3313 -32.5096  255 255 255
-25.754 60.925 -47.2076  255 255 255
-66.1901 51.9695 -21.556  255 255 255
74.9995 80.5627 -105.351  255 255 255
40.2281 73.3852 -86.3433  255 255 255
50.9145 18.0154 5.40847  255 255 255
55.6055 29.6833 -15.8574  255 255 255
-28.4964 59.5212 -45.9005  255 255 255
32.3309 71.7374 -82.3858  255 255 255
55.7244 29.2785 -15.2822  255 255 255
50.9522 34.8182 -24.4064  255 255 255
-50.5454 54.9541 -32.9475  255 255 255
-65.0946 51.8592 -23.6274  255 255 255
33.9163 71.7663 -84.065  255 255 255
51.0443 33.7114 -23.2716  255 255 255
-65.4116 48.9235 -19.043  255 255 255
50.9585 34.0271 -23.9769  255 255 255
-25.9856 59.1629 -47.8592  255 255 255
-50.8527 53.8954 -32.7646  255 255 255
72.6806 78.0496 -106.242  255 255 255
47.9965 19.6683 0.396684  255 255 255
17.767 67.059 -74.9634  255 255 255
15.0236 66.2789 -73.7945  255 255 255
56.3145 10.7913 12.9294  255 255 255
52.8892 30.4852 -21.1257  255 255 255
49.7572 17.3442 2.7115  255 255 255
55.8881 27.2916 -16.5919  255 255 255
-36.9855 55.9718 -42.4565  255 255 255
49.2784 34.4419 -28.455  255 255 255
50.9942 32.0873 -24.9915  255 255 255
50.9942 32.0956 -24.9989  255 255 255
-57.5663 51.7785 -30.1285  255 255 255
-57.5818 51.7206 -29.945  255 255 255
5.8086 63.3432 -69.0408  255 255 255
54.278 28.4238 -20.1382  255 255 255
-51.8894 52.3397 -33.6326  255 255 255
53.9994 28.5908 -20.6846  255 255 255
53.4839 12.8643 7.61716  255 255 255
52.6728 29.8599 -22.7542  255 255 255
16.954 65.0654 -76.079  255 255 255
53.8578 28.4672 -21.2465  255 255 255
-56.7922 51.3691 -31.3189  255 255 255
-38.2023 54.773 -42.7928  255 255 255
54.4341 27.5905 -20.2184  255 255 255
43.0116 69.1968 -91.4838  255 255 255
24.9338 64.8966 -79.4882  255 255 255
51.4614 14.5511 3.51686  255 255 255
56.5354 5.40982 17.5095  255 255 255
-37.4703 53.783 -43.9311  255 255 255
62.9631 1.62117 22.0927  255 255 255
-5.18196 58.9004 -64.1584  255 255 255
-65.046 48.3214 -27.533  255 255 255
-55.3375 50.0231 -33.5735  255 255 255
46.5227 67.819 -96.0205  255 255 255
-39.8607 52.4121 -43.4364  255 255 255
51.3223 10.587 6.36432  255 255 255
52.8564 26.8294 -24.2275  255 255 255
30.7877 64.1337 -86.8523  255 255 255
-33.4398 52.9444 -47.9353  255 255 255
55.3132 23.8095 -20.6288  255 255 255
22.9238 62.7289 -83.2765  255 255 255
57.3185 5.64494 12.3089  255 255 255
-50.8468 49.5623 -37.4164  255 255 255
-11.7081 55.9599 -62.1983  255 255 255
12.5067 60.5183 -78.3795  255 255 255
51.3685 11.3147 1.70489  255 255 255
-15.4226 54.8349 -60.5592  255 255 255
-23.2361 53.0951 -55.2531  255 255 255
48.1406 29.6891 -33.7295  255 255 255
19.7189 60.3345 -82.9548  255 255 255
-60.0625 46.8689 -32.6599  255 255 255
-9.63411 55.0517 -64.6507  255 255 255
25.4842 60.2946 -86.6591  255 255 255
-65.5045 42.946 -24.7809  255 255 255
-24.7178 51.8933 -55.6441  255 255 255
51.1245 9.90349 0.32747  255 255 255
50.966 9.85886 0.533089  255 255 255
25.5943 59.9687 -87.64  255 255 255
-64.0866 44.9984 -30.3231  255 255 255
-47.9217 47.111 -40.6075  255 255 255
-65.6571 44.7878 -30.1333  255 255 255
-28.9556 50.6151 -53.772  255 255 255
66.2777 -5.62015 24.794  255 255 255
53.8901 6.5289 4.63588  255 255 255
54.8998 21.0673 -24.1362  255 255 255
5.57028 55.4366 -75.9733  255 255 255
51.0457 24.2329 -30.3096  255 255 255
-8.88376 52.5806 -67.0152  255 255 255
57.7437 -0.0519419 13.756  255 255 255
58.2198 1.01258 11.3557  255 255 255
63.2792 -3.87248 19.2667  255 255 255
-59.4858 44.6513 -35.5529  255 255 255
58.8195 0.293175 12.0777  255 255 255
56.1029 3.12308 7.146  255 255 255
-5.43996 52.523 -70.2418  255 255 255
22.8926 56.9261 -88.3366  255 255 255
58.576 -1.93959 16.1523  255 255 255
49.757 9.24493 -3.79933  255 255 255
57.6608 1.18425 9.51633  255 255 255
52.2173 6.58101 0.371787  255 255 255
-55.0195 44.3968 -38.4295  255 255 255
49.4418 23.6051 -33.8512  255 255 255
59.0912 -0.830138 11.4577  255 255 255
-26.0283 47.5233 -56.5977  255 255 255
56.8936 1.27882 7.70054  255 255 255
-30.8954 47.574 -55.0458  255 255 255
-30.8954 47.574 -55.0458  255 255 255
48.1912 9.79735 -6.66839  255 255 255
54.4509 3.64954 3.69773  255 255 255
59.3376 -1.14403 11.5967  255 255 255
66.9861 -8.75692 24.7175  255 255 255
-59.2577 42.979 -36.53  255 255 255
62.3284 -4.44887 16.2561  255 255 255
-12.7395 49.2481 -67.484  255 255 255
62.4852 -4.66472 15.8321  255 255 255
-63.165 41.7251 -33.9804  255 255 255
-11.0496 49.2228 -68.7612  255 255 255
6.87632 51.7754 -80.5453  255 255 255
57.7622 -0.718077 8.7175  255 255 255
-59.1822 42.1338 -37.6069  255 255 255
58.1813 -1.25143 9.01103  255 255 255
58.381 -1.56941 9.34371  255 255 255
61.3998 -4.42942 13.7543  255 255 255
-67.8593 40.1751 -32.0323  255 255 255
-51.6128 42.0976 -41.9971  255 255 255
-51.5094 42.7756 -43.4159  255 255 255
63.4038 -6.96797 17.1277  255 255 255
-66.1455 39.8678 -32.5922  255 255 255
66.9274 -10.6322 23.2097  255 255 255
66.9274 -10.6322 23.2097  255 255 255
58.135 -2.0516 8.26562  255 255 255
7.40727 -1.95978 25.1978  255 255 255
60.1501 -4.21488 11.6451  255 255 255
66.706 -10.5805 22.7607  255 255 255
-0.456793 -1.8037 27.1254  255 255 255
61.294 -5.26831 13.279  255 255 255
60.9976 -5.01089 12.8058  255 255 255
-67.9846 39.6958 -32.8605  255 255 255
-0.201618 -1.81709 27.124  255 255 255
7.35433 -2.31897 25.4403  255 255 255
53.7003 15.8483 -29.3992  255 255 255
-41.9982 42.625 -49.9279  255 255 255
60.2224 -4.88987 11.2369  255 255 255
-41.6405 42.6467 -50.7662  255 255 255
58.9978 -3.89383 9.1811  255 255 255
-44.237 41.6342 -48.2792  255 255 255
-64.1286 39.4504 -36.2343  255 255 255
-18.1044 44.4275 -65.1242  255 255 255
1.49188 47.851 -79.7206  255 255 255
-53.4701 40.2179 -43.7887  255 255 255
-13.8083 45.3352 -70.7983  255 255 255
6.03202 -6.76527 31.9924  255 255 255
53.1016 0.431227 -0.802231  255 255 255
-18.3844 43.3978 -65.8804  255 255 255
-52.9676 39.7364 -44.1696  255 255 255
-59.9357 39.0765 -40.2245  255 255 255
-53.5574 39.473 -43.8816  255 255 255
-41.7752 41.3017 -52.4152  255 255 255
67.326 -13.423 22.5638  255 255 255
-55.9058 39.3507 -43.0504  255 255 255
-26.7138 42.526 -61.5542  255 255 255
3.96683 -7.74601 33.6914  255 255 255
-17.9365 42.2236 -64.594  255 255 255
-57.3545 38.6607 -42.0991  255 255 255
-42.0716 40.549 -52.3889  255 255 255
60.2692 -6.98762 9.83371  255 255 255
-11.661 -2.17041 26.7607  255 255 255
3.86468 -8.42785 33.7822  255 255 255
-1.21811 -7.53484 33.9258  255 255 255
-0.991791 -7.86146 34.1363  255 255 255
-4.92211 -6.74826 33.1616  255 255 255
55.6735 -3.15702 1.48609  255 255 255
-0.484951 -8.41825 34.5324  255 255 255
-1.91033 -8.25803 34.4502  255 255 255
61.2597 -8.85587 10.8555  255 255 255
-59.5135 37.1609 -41.5894  255 255 255
-41.2675 39.3463 -54.0967  255 255 255
-28.3649 40.6337 -63.2992  255 255 255
-59.796 36.7706 -41.4016  255 255 255
-12.4875 -3.91699 27.7063  255 255 255
48.6363 2.31878 -10.8704  255 255 255
-14.6578 -1.36319 22.7463  255 255 255
-35.9856 39.552 -58.5698  255 255 255
61.5978 -9.98615 11.2236  255 255 255
68.5803 -14.5682 18.3046  255 255 255
68.5803 -14.5682 18.3046  255 255 255
-5.02585 -8.50854 34.1305  255 255 255
16.0958 35.7429 -73.6999  255 255 255
-8.27966 -7.49657 32.6419  255 255 255
-13.3928 41.4012 -74.4873  255 255 255
-14.4324 -3.82727 26.8814  255 255 255
-8.66338 41.5725 -77.2628  255 255 255
-8.56842 41.7199 -77.6904  255 255 255
-6.44363 41.751 -79.1507  255 255 255
-4.48495 -9.48441 34.7444  255 255 255
-7.80038 -8.53132 33.3419  255 255 255
68.9177 -16.1173 18.1317  255 255 255
-7.95474 -8.851 33.5155  255 255 255
58.8353 -11.9721 12.3446  255 255 255
61.3337 -11.3239 9.85015  255 255 255
-54.7262 35.5387 -47.053  255 255 255
47.9302 0.970144 -13.0974  255 255 255
-36.3038 37.3945 -59.6228  255 255 255
63.2881 -13.0829 12.2747  255 255 255
63.285 -13.0866 12.284  255 255 255
-11.175 -7.91118 31.4039  255 255 255
-7.91946 -9.62093 33.8414  255 255 255
55.5721 -6.63362 -0.608577  255 255 255
48.642 -0.392919 -12.3268  255 255 255
5.48346 32.6176 -69.7384  255 255 255
53.526 -4.9379 -4.22317  255 255 255
7.95042 31.5081 -68.9676  255 255 255
-15.543 -4.95044 25.7593  255 255 255
-60.8045 33.8419 -43.8146  255 255 255
54.3652 -5.94131 -3.20395  255 255 255
-56.5061 34.1864 -47.0111  255 255 255
-43.4015 35.1749 -56.0077  255 255 255
-40.8569 35.2935 -58.3104  255 255 255
-52.243 33.8286 -50.2792  255 255 255
60.9094 -12.629 7.18122  255 255 255
59.852 -11.8556 5.40196  255 255 255
-15.2026 -6.99647 27.8201  255 255 255
-15.9136 -6.17316 26.2268  255 255 255
-28.2083 35.9202 -67.5039  255 255 255
-7.63552 -11.3413 34.5487  255 255 255
-53.918 33.3363 -49.4512  255 255 255
58.9252 -11.1737 3.67151  255 255 255
52.8866 -5.83111 -6.36334  255 255 255
59.8646 -12.2357 5.55587  255 255 255
-14.5531 -8.17485 29.1784  255 255 255
51.0484 -4.52283 -9.67261  255 255 255
-33.3018 34.4066 -65.0317  255 255 255
-36.1258 33.9004 -62.8267  255 255 255
-14.903 -8.59135 28.7004  255 255 255
60.2292 -13.7566 5.10615  255 255 255
67.2982 -18.117 12.2076  255 255 255
-5.45927 -13.6095 35.5539  255 255 255
57.2539 -11.4158 0.195432  255 255 255
-9.71507 -12.1528 33.9167  255 255 255
4.07013 -16.005 35.7241  255 255 255
68.0998 -19.8482 13.7065  255 255 255
4.33862 -16.1397 35.4298  255 255 255
59.845 -14.3793 3.93368  255 255 255
50.8389 -6.82527 -11.5512  255 255 255
-18.9388 -3.58871 13.8877  255 255 255
-2.35642 -15.926 36.1982  255 255 255
-56.7276 26.3341 -45.5934  255 255 255
-22.1472 -0.465346 5.11441  255 255 255
56.6222 -13.1423 -3.42998  255 255 255
55.4878 -13.4109 -2.15824  255 255 255
-16.6027 -10.7967 28.2314  255 255 255
57.7149 -14.4238 -1.5631  255 255 255
-19.7811 -5.52713 15.8163  255 255 255
58.5888 -15.5029 0.0387681  255 255 255
-6.60734 -16.041 35.402  255 255 255
-6.60734 -16.041 35.402  255 255 255
-44.2655 28.911 -61.2318  255 255 255
58.8651 -16.1212 0.340224  255 255 255
58.8472 -16.0946 0.336989  255 255 255
-12.1102 -14.2154 32.8475  255 255 255
-20.2458 -6.34956 16.7758  255 255 255
7.01524 -18.8255 34.3426  255 255 255
-0.376722 -18.199 36.1902  255 255 255
-19.5308 -9.25181 22.9971  255 255 255
-9.18691 -16.0122 34.5691  255 255 255
56.2547 -14.807 -4.96417  255 255 255
63.1415 -19.2981 2.73381  255 255 255
8.50134 -19.6623 33.3736  255 255 255
8.50134 -19.6623 33.3736  255 255 255
-23.5394 -3.91142 9.01777  255 255 255
53.6796 -13.6724 -9.38114  255 255 255
-19.4755 -10.9365 23.7647  255 255 255
-4.47519 -18.5842 35.8336  255 255 255
-4.47519 -18.5842 35.8336  255 255 255
3.50503 -20.0119 34.8852  255 255 255
-19.3911 -11.3394 24.2942  255 255 255
-9.65355 -17.1242 34.3226  255 255 255
-21.826 -10.1745 21.2347  255 255 255
-4.54076 -19.2612 35.7681  255 255 255
24.2303 -22.0822 25.9014  255 255 255
3.89618 -21.2464 34.7594  255 255 255
3.95812 -21.2148 34.6667  255 255 255
-18.2397 -13.7853 26.9496  255 255 255
-18.2413 -13.7849 26.9791  255 255 255
1.62697 -21.1514 35.1993  255 255 255
60.6024 -21.4214 0.432956  255 255 255
60.8608 -21.8802 1.27086  255 255 255
-8.91899 -18.8263 34.4662  255 255 255
60.107 -21.2524 -0.901509  255 255 255
-17.9023 -14.1754 26.4227  255 255 255
-17.9023 -14.1754 26.4227  255 255 255
-7.63224 -19.5509 34.8565  255 255 255
-3.28988 -20.8049 35.3503  255 255 255
6.39415 -22.4635 33.6955  255 255 255
3.71993 -22.509 34.6344  255 255 255
-65.2181 21.5384 -50.7684  255 255 255
-20.1125 -15.0318 26.8882  255 255 255
-28.1698 -9.67831 16.174  255 255 255
-28.1887 -9.7025 16.2503  255 255 255
59.4459 -22.4212 -3.16757  255 255 255
7.45313 -24.2653 34.7916  255 255 255
10.7152 -24.9215 33.6185  255 255 255
62.4586 -27.99 5.38132  255 255 255
-26.1062 -12.9364 19.9694  255 255 255
-22.3933 -16.0358 26.1227  255 255 255
62.1327 -26.8564 0.886502  255 255 255
-0.982212 -24.2553 35.8483  255 255 255
0.410931 -24.8026 36.224  255 255 255
-22.3495 -16.3028 25.9709  255 255 255
-17.4905 -19.1584 31.2675  255 255 255
66.4508 -30.7607 8.20271  255 255 255
62.7667 -27.4066 0.132828  255 255 255
58.6388 -24.4386 -6.72134  255 255 255
57.3783 -24.5447 -5.24534  255 255 255
-28.1072 -13.9433 21.4965  255 255 255
63.8331 -28.8331 2.44474  255 255 255
-28.4663 -14.3671 21.7199  255 255 255
-27.5982 2.7541 -34.009  255 255 255
-16.8623 -21.0461 32.3739  255 255 255
66.7807 -29.78 -1.66487  255 255 255
-15.7315 -22.1219 33.0561  255 255 255
-7.64268 -25.0854 36.2132  255 255 255
-15.9945 -22.2543 32.8647  255 255 255
63.3446 -30.9811 0.687599  255 255 255
14.4014 -29.941 34.1316  255 255 255
-24.0237 -18.5924 26.4407  255 255 255
-28.1496 -17.2007 24.8513  255 255 255
-17.9497 -21.5668 31.4785  255 255 255
-18.1511 -21.5422 31.3497  255 255 255
-13.3645 -23.7144 34.5073  255 255 255
63.3547 -31.143 -0.709251  255 255 255
-18.7946 -21.4529 30.798  255 255 255
8.08218 -29.7086 36.3901  255 255 255
62.9014 -31.3843 -0.663137  255 255 255
-18.5356 -21.8131 30.8905  255 255 255
-18.5406 -21.8157 30.904  255 255 255
13.9585 -30.5708 34.2758  255 255 255
-15.7297 -23.2031 32.777  255 255 255
-6.48464 -26.5462 35.9893  255 255 255
-3.50949 -27.6052 36.4851  255 255 255
5.62135 -30.0828 36.7426  255 255 255
12.5642 -31.0459 34.3736  255 255 255
-26.584 -19.4655 26.7109  255 255 255
-21.9934 -21.3844 29.5587  255 255 255
-14.5097 -24.4085 33.3114  255 255 255
-13.3367 -24.8971 34.1514  255 255 255
71.3446 -34.4946 -2.07791  255 255 255
13.1642 -31.2242 33.7939  255 255 255
65.1805 -34.6606 2.54612  255 255 255
65.1805 -34.6606 2.54612  255 255 255
-28.06 -18.6309 23.8705  255 255 255
-59.9338 5.34577 -35.0117  255 255 255
-34.0818 -1.8337 -30.2048  255 255 255
2.92292 -30.3699 37.5523  255 255 255
14.7158 -31.7058 32.0285  255 255 255
14.7158 -31.7058 32.0285  255 255 255
68.8999 -34.739 -2.54933  255 255 255
67.8291 -37.5416 6.46658  255 255 255
-20.4174 -23.5489 31.8938  255 255 255
-25.3657 -21.6077 28.1767  255 255 255
-23.3892 -23.303 31.5754  255 255 255
-25.8228 -21.4687 27.0435  255 255 255
-26.5276 -21.0723 26.3316  255 255 255
-21.1654 -24.3599 32.7195  255 255 255
-31.6217 -5.56105 -25.4545  255 255 255
67.8217 -38.8037 5.86386  255 255 255
1.80666 -31.784 38.3566  255 255 255
5.32361 -32.4775 37.3494  255 255 255
-1.81653 -31.5126 38.9433  255 255 255
-25.9732 -22.0628 25.6821  255 255 255
-23.0161 -25.1184 30.5857  255 255 255
-23.0391 -25.1319 30.6616  255 255 255
-15.5438 -28.7151 37.1697  255 255 255
-14.5164 -29.4692 38.641  255 255 255
-0.30278 -32.8199 37.5648  255 255 255
-48.3136 -5.27055 -23.3009  255 255 255
-2.21803 -32.5838 38.0069  255 255 255
61.5128 -41.3577 8.90062  255 255 255
-12.4086 -30.08 36.7507  255 255 255
-10.6365 -30.7907 36.9841  255 255 255
-37.2187 -11.3536 -17.1491  255 255 255
-39.2921 -10.9006 -17.336  255 255 255
4.39597 -35.1869 34.867  255 255 255
-12.729 -31.0119 35.7318  255 255 255
-2.97935 -33.9328 36.7806  255 255 255
5.82058 -35.9567 34.2652  255 255 255
-4.92742 -34.2625 38.1725  255 255 255
-19.2485 -29.0553 31.4658  255 255 255
-42.2826 -12.1753 -15.9618  255 255 255
12.3084 -37.2465 28.8632  255 255 255
-40.6929 -13.5738 -14.2571  255 255 255
-18.8001 -29.9192 31.2364  255 255 255
12.5582 -37.5933 28.5368  255 255 255
-25.0765 -26.9976 25.0434  255 255 255
11.3683 -37.6388 29.1592  255 255 255
-46.2942 -12.5538 -16.7373  255 255 255
-67.6215 -7.08471 -19.577  255 255 255
-49.5977 -12.5588 -14.8092  255 255 255
-40.8321 -15.6328 -11.6132  255 255 255
-23.5386 -28.8258 27.2962  255 255 255
-18.4758 -31.2918 30.5785  255 255 255
-15.9557 -32.8045 33.9141  255 255 255
-5.4922 -35.9187 34.9022  255 255 255
9.46751 -38.9431 29.3558  255 255 255
-5.53725 -36.0509 34.3884  255 255 255
5.48859 -38.9426 32.5295  255 255 255
-23.1686 -29.6441 25.2689  255 255 255
-22.177 -30.4563 27.3175  255 255 255
-7.49011 -35.9348 33.9901  255 255 255
5.36497 -39.1008 32.2415  255 255 255
9.36422 -39.6026 28.7577  255 255 255
14.962 -40.2662 24.7283  255 255 255
14.1521 -40.2831 25.2997  255 255 255
-50.2599 -16.0285 -10.6555  255 255 255
-44.0803 -18.071 -8.82443  255 255 255
-43.9992 -18.0024 -9.2558  255 255 255
1.88933 -38.9164 32.106  255 255 255
-44.1884 -18.5803 -7.98008  255 255 255
-3.91498 -37.8057 33.759  255 255 255
-13.1278 -35.7549 31.5858  255 255 255
-9.41752 -37.2919 32.0313  255 255 255
-5.81765 -38.6475 32.4338  255 255 255
-19.5615 -34.1331 28.0115  255 255 255
-7.00188 -38.5924 32.2816  255 255 255
-6.88212 -38.5744 32.0445  255 255 255
-5.83562 -39.1141 32.3564  255 255 255
-52.9584 -19.4325 -6.28657  255 255 255
-52.9463 -19.4093 -6.46681  255 255 255
-19.6913 -34.465 27.6935  255 255 255
-19.4081 -34.5958 27.7567  255 255 255
-19.0801 -34.7909 28.0556  255 255 255
-19.2001 -34.834 28.3742  255 255 255
-1.37956 -40.4976 31.6788  255 255 255
-19.8558 -34.6211 27.6033  255 255 255
-12.0603 -37.5981 30.9782  255 255 255
-22.6429 -33.5708 24.4116  255 255 255
-1.45223 -40.9937 30.2067  255 255 255
-14.5653 -37.4033 29.5251  255 255 255
-21.2656 -35.0436 25.2651  255 255 255
-21.1586 -35.0289 25.0103  255 255 255
-10.4608 -39.1966 30.4482  255 255 255
-60.114 -20.2145 -4.63351  255 255 255
-22.9462 -34.8238 22.9584  255 255 255
-21.9827 -35.4645 23.633  255 255 255
-22.7931 -35.7796 23.0566  255 255 255
-35.2032 -31.3112 9.06183  255 255 255
-5.92949 -43.2794 30.6076  255 255 255
-15.9967 -40.2539 28.4975  255 255 255
-44.137 -28.8982 3.3274  255 255 255
-33.1562 -33.6025 12.9164  255 255 255
-43.3671 -31.5606 6.09549  255 255 255
-26.8139 -39.0211 23.3957  255 255 255
-26.0966 -39.5433 23.7509  255 255 255
-45.6061 -32.275 7.2631  255 255 255
-6.9291 -47.6431 31.3774  255 255 255
-25.7781 -41.7907 22.6755  255 255 255
-27.3565 -41.2922 21.2772  255 255 255
-11.9922 -46.8889 29.479  255 255 255
-48.1466 -34.5437 10.0024  255 255 255
-18.0168 -45.0902 28.276  255 255 255
-18.9385 -44.9756 27.8732  255 255 255
-18.9451 -45.6206 27.2002  255 255 255
-28.0782 -42.3456 21.2963  255 255 255
-55.3658 -34.8098 10.5736  255 255 255
12.2346 -57.6593 31.3388  255 255 255
14.7572 -61.8255 36.3007  255 255 255
13.3959 -61.5115 36.0908  255 255 255
15.5178 -62.6825 37.4138  255 255 255
2.06652 -57.9338 32.6962  255 255 255
8.40082 -60.4009 33.3364  255 255 255
-13.435 -53.2611 30.6847  255 255 255
0.969895 -58.7629 30.8646  255 255 255
-1.56753 -59.3259 32.8034  255 255 255
-17.3175 -54.0653 29.9724  255 255 255
-0.651702 -60.7893 34.8263  255 255 255
-15.4871 -55.6984 31.8916  255 255 255
-12.7961 -57.0201 33.2063  255 255 255
-13.0156 -56.939 33.0094  255 255 255
12.3938 97.5489 -42.1141  255 255 255
10.9845 96.3261 -43.5701  255 255 255
3.1687 93.1025 -39.7937  255 255 255
3.21828 93.1631 -39.8663  255 255 255
9.29631 94.8098 -43.2891  255 255 255
12.2788 95.8336 -44.9881  255 255 255
10.1348 95.0035 -44.014  255 255 255
25.679 99.2451 -52.1035  255 255 255
38.5418 103.284 -58.664  255 255 255
41.2747 104.077 -59.9834  255 255 255
26.6297 99.3644 -52.8514  255 255 255
24.8344 98.5456 -51.9191  255 255 255
40.0667 103.282 -59.699  255 255 255
64.1702 110.018 -70.5594  255 255 255
7.59182 93.2886 -43.8205  255 255 255
51.7372 106.287 -65.105  255 255 255
51.6259 106.218 -65.0123  255 255 255
40.4844 102.883 -60.1951  255 255 255
40.4711 102.916 -60.2363  255 255 255
8.62026 93.0064 -44.4037  255 255 255
9.21275 92.9058 -45.0697  255 255 255
8.65775 92.2223 -45.4458  255 255 255
30.3737 98.913 -56.5942  255 255 255
10.4556 92.2202 -46.0496  255 255 255
63.9124 107.956 -72.361  255 255 255
52.6031 104.403 -67.1893  255 255 255
49.6161 62.0837 -12.1293  255 255 255
49.8273 59.3 -8.53771  255 255 255
56.4081 105.455 -69.7223  255 255 255
53.0204 56.609 -5.8756  255 255 255
-27.1354 79.7994 -26.5133  255 255 255
37.0158 99.5536 -60.5558  255 255 255
50.8 57.2051 -6.97771  255 255 255
18.6691 93.9425 -51.6096  255 255 255
-11.4762 85.1183 -36.231  255 255 255
1.45597 88.4569 -42.7611  255 255 255
47.7401 38.4503 17.6269  255 255 255
-13.3654 84.2949 -35.466  255 255 255
19.5772 93.8835 -52.5343  255 255 255
48.9828 59.9534 -11.5538  255 255 255
-0.997191 87.4083 -41.9634  255 255 255
8.49821 90.1242 -46.7873  255 255 255
-2.36691 86.8067 -41.0566  255 255 255
22.8808 94.6645 -54.6175  255 255 255
16.0467 92.2808 -51.2387  255 255 255
-31.3126 78.5106 -26.6653  255 255 255
54.0575 32.7081 23.3949  255 255 255
-64.9262 67.9094 -8.06583  255 255 255
50.3411 101.254 -68.9229  255 255 255
-34.2135 76.8798 -25.48  255 255 255
-10.5294 83.6075 -38.2164  255 255 255
-10.5127 83.6419 -38.273  255 255 255
-35.9891 76.3246 -24.7355  255 255 255
51.6149 36.3476 17.1564  255 255 255
-4.03022 85.2057 -41.8297  255 255 255
53.2507 34.4285 19.2953  255 255 255
17.0205 91.3571 -53.2203  255 255 255
51.4028 35.552 17.7479  255 255 255
58.0897 47.4712 0.417885  255 255 255
-14.2138 81.7556 -36.4338  255 255 255
-8.72592 83.3307 -39.9061  255 255 255
51.9857 33.5933 19.6094  255 255 255
-36.8661 75.5737 -25.1838  255 255 255
54.7944 29.7816 24.4629  255 255 255
-4.51129 84.3921 -42.3896  255 255 255
-15.3876 81.3082 -36.7191  255 255 255
67.4118 103.993 -78.8502  255 255 255
51.9132 33.5144 19.0052  255 255 255
55.143 29.7736 23.6596  255 255 255
2.85481 86.054 -46.5589  255 255 255
58.5921 101.047 -74.7935  255 255 255
55.4539 28.084 25.7012  255 255 255
-58.9035 68.7354 -13.7172  255 255 255
55.1645 29.2498 23.7003  255 255 255
59.6576 27.2487 26.083  255 255 255
59.6576 27.2487 26.083  255 255 255
51.6369 98.6971 -71.5699  255 255 255
10.0557 87.6114 -51.1114  255 255 255
49.5991 56.1745 -13.4367  255 255 255
-1.93603 84.0948 -44.6161  255 255 255
55.4449 28.997 23.2776  255 255 255
60.891 26.7644 25.8812  255 255 255
21.0513 89.472 -56.3407  255 255 255
68.3523 23.5605 29.0172  255 255 255
50.2421 97.484 -71.9435  255 255 255
62.7647 24.2968 27.7101  255 255 255
-12.7743 79.8284 -39.9204  255 255 255
-63.4846 66.0481 -12.397  255 255 255
-63.4944 66.1226 -12.4887  255 255 255
-15.0899 79.0682 -38.8181  255 255 255
-15.0566 79.1348 -39.0725  255 255 255
65.4078 100.132 -80.2341  255 255 255
62.1317 98.9618 -78.6178  255 255 255
-11.1855 79.5058 -41.1505  255 255 255
66.6228 100.157 -81.6153  255 255 255
96.9296 108.213 -97.5011  255 255 255
46.8881 94.4661 -72.2997  255 255 255
41.9116 92.8568 -69.7991  255 255 255
49.618 33.1488 13.4588  255 255 255
55.7155 45.9796 -5.71508  255 255 255
56.0666 26.0846 22.7635  255 255 255
56.0666 26.0846 22.7635  255 255 255
-59.3144 65.8451 -15.8511  255 255 255
43.5507 92.3611 -71.0506  255 255 255
35.6742 90.5026 -67.7636  255 255 255
12.9602 83.9975 -56.1187  255 255 255
56.0833 95.3123 -79.3991  255 255 255
41.5581 90.675 -72.1487  255 255 255
-34.4009 71.0154 -30.8806  255 255 255
22.2172 85.7679 -62.2355  255 255 255
-24.78 72.9049 -36.6993  255 255 255
-4.61545 77.7619 -48.0952  255 255 255
22.0222 84.7913 -62.9272  255 255 255
55.1119 92.622 -80.0485  255 255 255
55.2144 92.6915 -80.1541  255 255 255
57.5243 93.0693 -81.3481  255 255 255
67.1114 95.9703 -86.9473  255 255 255
-59.0229 63.7674 -18.4591  255 255 255
33.0148 86.1443 -69.945  255 255 255
32.9586 86.0698 -69.8126  255 255 255
8.37381 79.8756 -56.5512  255 255 255
8.35276 79.8624 -56.4985  255 255 255
-40.3965 67.6619 -29.3198  255 255 255
33.9319 86.2039 -70.505  255 255 255
85.8871 98.1562 -97.0188  255 255 255
49.7385 29.5679 10.6666  255 255 255
32.304 85.4802 -69.9072  255 255 255
57.8858 39.2306 -5.0123  255 255 255
12.6768 80.5894 -59.1064  255 255 255
50.0322 47.9373 -17.3124  255 255 255
-6.37737 75.7744 -48.9816  255 255 255
-62.0815 61.59 -17.4155  255 255 255
-49.8681 64.4943 -24.4926  255 255 255
-41.4073 66.5175 -29.4744  255 255 255
42.206 86.9958 -76.3269  255 255 255
33.6959 84.8399 -71.4957  255 255 255
-59.564 62.0472 -19.1265  255 255 255
-42.1988 66.2687 -29.2645  255 255 255
44.3484 87.091 -77.2324  255 255 255
21.6638 81.5751 -65.139  255 255 255
28.0633 83.1924 -68.7612  255 255 255
-20.9392 70.9171 -41.3048  255 255 255
52.3021 43.7603 -14.3174  255 255 255
55.8169 88.9016 -83.3874  255 255 255
95.7781 98.4002 -104.384  255 255 255
-47.9781 64.0064 -26.6763  255 255 255
51.033 46.095 -19.0039  255 255 255
54.0585 41.2804 -12.4015  255 255 255
29.5476 82.5857 -71.0737  255 255 255
25.545 81.3629 -68.6853  255 255 255
54.4355 88.6495 -84.7906  255 255 255
57.004 37.7923 -7.89413  255 255 255
68.0834 90.8139 -90.97  255 255 255
-46.3628 63.96 -28.0838  255 255 255
46.6309 85.7231 -79.9704  255 255 255
-48.4232 62.9916 -27.0211  255 255 255
-48.6412 61.3985 -24.5371  255 255 255
-8.14978 72.2629 -50.2473  255 255 255
-16.8802 69.8874 -45.8227  255 255 255
-61.1246 59.594 -20.2297  255 255 255
-44.5442 63.4647 -29.9549  255 255 255
-44.5354 63.4762 -29.967  255 255 255
72.5013 90.4643 -95.1895  255 255 255
56.0325 86.4695 -86.2781  255 255 255
12.9946 76.4773 -62.7858  255 255 255
-35.6783 65.4244 -35.4108  255 255 255
17.1051 77.4727 -65.5186  255 255 255
-67.0527 57.7823 -16.8867  255 255 255
14.3914 76.5827 -63.9219  255 255 255
-29.2387 66.5001 -39.2457  255 255 255
44.6457 83.1794 -80.6272  255 255 255
44.61 83.097 -80.4925  255 255 255
-49.9738 61.4565 -27.3971  255 255 255
57.3276 85.6758 -88.0076  255 255 255
-65.7416 54.0744 -12.8813  255 255 255
58.685 16.2442 20.6313  255 255 255
54.5295 85.1326 -87.8971  255 255 255
53.8722 84.4663 -86.6177  255 255 255
55.0576 19.1099 15.9655  255 255 255
-24.7845 65.9457 -42.4016  255 255 255
78.7177 89.3191 -100.554  255 255 255
50.9452 23.5178 8.94026  255 255 255
-23.9822 66.0197 -43.3633  255 255 255
-50.0021 60.4532 -28.508  255 255 255
72.9369 87.4625 -97.9229  255 255 255
-11.35 68.7146 -51.0739  255 255 255
-11.3722 68.6914 -50.9907  255 255 255
56.1782 34.96 -11.467  255 255 255
-47.6183 60.5996 -29.811  255 255 255
-47.6221 60.6043 -29.8148  255 255 255
48.3373 25.7001 4.87144  255 255 255
48.3373 25.7001 4.87144  255 255 255
24.0072 76.1782 -70.9237  255 255 255
1.72399 71.3834 -58.8297  255 255 255
0.634913 71.1139 -58.4736  255 255 255
-1.49991 70.4151 -57.382  255 255 255
-56.9951 58.2424 -24.9744  255 255 255
-2.63182 69.9137 -56.5551  255 255 255
-2.58334 69.9854 -56.7441  255 255 255
-3.82624 69.6352 -56.0635  255 255 255
-3.80655 69.6767 -56.1779  255 255 255
-40.8548 60.976 -33.7645  255 255 255
-64.8044 56.2088 -20.6224  255 255 255
-2.30727 69.116 -57.397  255 255 255
52.1118 80.8795 -88.2422  255 255 255
49.1482 79.8714 -86.6128  255 255 255
31.3003 75.2967 -77.794  255 255 255
31.3336 75.3626 -77.8865  255 255 255
62.2806 81.713 -95.3164  255 255 255
71.922 83.4164 -100.916  255 255 255
71.922 83.4164 -100.916  255 255 255
72.9014 83.2466 -101.313  255 255 255
26.9744 73.9088 -76.355  255 255 255
71.3208 83.125 -101.513  255 255 255
-31.9675 61.0169 -41.8294  255 255 255
-62.7433 54.5273 -23.5852  255 255 255
55.7595 14.7495 14.1808  255 255 255
51.0537 18.9157 6.80385  255 255 255
63.3474 79.294 -97.9255  255 255 255
58.6469 77.9531 -96.3947  255 255 255
54.3427 76.2972 -93.6183  255 255 255
50.7897 75.4076 -92.4337  255 255 255
56.319 28.7915 -14.993  255 255 255
57.9889 9.32582 16.9535  255 255 255
14.2812 66.7798 -72.5174  255 255 255
70.8592 77.504 -105.597  255 255 255
54.9905 12.5379 11.3706  255 255 255
50.761 32.4882 -24.6619  255 255 255
-26.6072 57.9059 -49.0427  255 255 255
53.7441 29.0034 -20.6509  255 255 255
47.8073 18.6113 -1.51552  255 255 255
53.375 29.3107 -22.2845  255 255 255
-4.55602 60.8063 -62.9261  255 255 255
-9.11769 59.4655 -61.3918  255 255 255
9.18795 60.1325 -67.9276  255 255 255
-51.0897 51.6686 -35.35  255 255 255
-6.49341 59.3926 -62.7674  255 255 255
54.4531 26.7728 -20.9756  255 255 255
9.69051 58.4764 -67.6191  255 255 255
-3.94202 59.4578 -65.6288  255 255 255
8.47716 59.4324 -70.0172  255 255 255
53.9325 25.4352 -22.855  255 255 255
57.5708 5.95076 12.4315  255 255 255
48.9637 14.2182 -1.17113  255 255 255
49.0592 14.0228 -1.86605  255 255 255
-25.0285 53.0995 -54.066  255 255 255
49.8623 27.7415 -30.9061  255 255 255
55.0406 6.91032 7.14953  255 255 255
55.1012 6.93831 7.01295  255 255 255
55.5497 5.95592 8.16646  255 255 255
-35.2832 50.4462 -48.8961  255 255 255
-62.4452 46.049 -31.8009  255 255 255
52.4555 64.3397 -104.012  255 255 255
48.4876 12.5765 -3.86658  255 255 255
9.03491 57.0358 -77.125  255 255 255
58.6664 2.04137 12.0533  255 255 255
62.6415 -2.49021 19.2277  255 255 255
-52.8441 46.2255 -38.9082  255 255 255
58.1878 0.915402 12.0855  255 255 255
3.33883 54.2646 -75.2092  255 255 255
57.9055 1.37649 10.2886  255 255 255
58.6544 -0.534355 13.3427  255 255 255
-65.3454 43.386 -31.8548  255 255 255
51.8707 22.0014 -30.3418  255 255 255
-44.7594 46.5003 -45.9867  255 255 255
-44.7495 46.518 -45.9864  255 255 255
57.8596 0.834798 9.66843  255 255 255
47.5071 10.16 -7.87774  255 255 255
-55.4856 43.5802 -39.0752  255 255 255
20.0316 54.4536 -87.4761  255 255 255
60.6957 -2.85824 13.334  255 255 255
-16.1125 48.4222 -65.7925  255 255 255
66.8072 -9.71349 23.5886  255 255 255
60.5894 -4.86338 15.186  255 255 255
58.2922 -1.76579 8.82058  255 255 255
-0.640904 -0.823206 25.4782  255 255 255
51.6123 3.46144 -1.92145  255 255 255
-18.2253 46.4641 -66.2276  255 255 255
62.4777 -6.62934 15.1838  255 255 255
-61.1705 40.5143 -37.7697  255 255 255
52.3572 2.18721 -0.301009  255 255 255
-10.6622 46.9566 -71.1788  255 255 255
-53.5351 40.7066 -43.8672  255 255 255
-26.5411 43.838 -61.7205  255 255 255
6.58942 -6.58245 31.7202  255 255 255
-60.9895 39.1845 -38.8163  255 255 255
-57.8446 39.5232 -40.7872  255 255 255
-57.8337 39.4694 -40.7424  255 255 255
54.3199 -0.269208 0.667644  255 255 255
54.3842 -0.256461 0.573202  255 255 255
7.01844 -6.95903 31.7946  255 255 255
-16.4374 43.2127 -65.8862  255 255 255
58.9671 -5.11068 8.26854  255 255 255
-68.0035 38.0463 -34.4817  255 255 255
64.7022 -11.03 18.0909  255 255 255
4.45015 -8.08808 33.7973  255 255 255
-50.995 38.2993 -44.865  255 255 255
1.70945 45.4852 -82.0394  255 255 255
-12.8629 -0.989174 24.1065  255 255 255
-59.4052 37.7094 -41.3161  255 255 255
56.3157 -4.07978 2.95155  255 255 255
-9.56 43.3963 -75.569  255 255 255
-5.76985 -7.20327 33.3461  255 255 255
-67.4018 35.9081 -35.41  255 255 255
-13.9818 -1.22735 23.0616  255 255 255
-12.499 42.5833 -73.9559  255 255 255
15.1446 37.2856 -75.2862  255 255 255
-58.3632 36.8148 -43.3449  255 255 255
53.5735 -3.05707 -2.55414  255 255 255
-2.74533 -9.60161 35.0199  255 255 255
47.7161 2.23024 -12.463  255 255 255
54.7353 -5.17643 1.26428  255 255 255
-12.3411 -5.37769 29.0994  255 255 255
61.8832 -10.9104 10.7125  255 255 255
6.72446 -11.2749 33.7786  255 255 255
-9.05697 -8.05106 32.5721  255 255 255
-16.3525 39.7717 -72.9794  255 255 255
-13.0802 -6.27289 29.2942  255 255 255
-11.7164 -7.42551 30.71  255 255 255
4.19055 33.4951 -70.5192  255 255 255
-12.9927 38.2637 -74.9557  255 255 255
58.1433 -9.65689 4.12294  255 255 255
58.1433 -9.65689 4.12294  255 255 255
-0.04169 -12.5728 35.8748  255 255 255
-18.7297 37.5704 -72.7282  255 255 255
-54.7346 33.9026 -49.3585  255 255 255
12.2039 -13.3993 30.9938  255 255 255
-17.0735 -5.46781 24.5627  255 255 255
-59.3946 32.4547 -45.714  255 255 255
-53.9518 32.9536 -49.9954  255 255 255
-53.9518 32.9536 -49.9954  255 255 255
-51.4998 32.6928 -51.7609  255 255 255
-25.8093 35.2672 -70.1404  255 255 255
-56.7979 32.1161 -48.11  255 255 255
-26.7111 34.8734 -69.3419  255 255 255
-1.72205 27.2604 -62.9829  255 255 255
6.59395 -14.9886 34.2478  255 255 255
-5.40918 -13.2058 35.4242  255 255 255
59.1608 -12.5531 3.44711  255 255 255
63.5319 -17.0575 10.1473  255 255 255
-0.167686 25.5956 -63.7861  255 255 255
60.7232 -14.7878 5.35431  255 255 255
-10.4449 -12.1895 33.3815  255 255 255
-2.05957 -15.084 36.1657  255 255 255
59.0305 -13.5338 2.49905  255 255 255
-31.4335 32.7012 -67.2178  255 255 255
65.2784 -17.6723 8.44303  255 255 255
-12.1071 -12.3249 32.4814  255 255 255
-18.6293 -7.56578 22.6822  255 255 255
60.4852 -16.0459 3.67816  255 255 255
-10.11 -14.0278 33.8517  255 255 255
10.8288 -17.3385 31.3073  255 255 255
60.4425 -16.8443 3.51711  255 255 255
62.9221 -18.8445 7.25078  255 255 255
62.9356 -18.849 7.253  255 255 255
-39.0508 29.2004 -63.0247  255 255 255
63.9196 -20.6095 7.92058  255 255 255
-15.0717 -12.8835 29.7289  255 255 255
57.0175 -15.3959 -3.97023  255 255 255
-17.3126 -12.0634 27.9726  255 255 255
-0.18638 -18.6227 35.8961  255 255 255
-21.0321 -7.75593 18.2989  255 255 255
-8.37649 -17.0318 34.8149  255 255 255
-26.5775 -3.99829 9.02079  255 255 255
63.2667 -21.8981 5.71703  255 255 255
-22.7554 -9.08018 20.0327  255 255 255
-22.579 -9.35154 20.0331  255 255 255
2.9365 -20.3684 35.1265  255 255 255
63.5462 -22.6184 5.51127  255 255 255
-14.073 -15.6393 31.5476  255 255 255
-22.3505 -10.3072 21.0981  255 255 255
-13.456 -16.2558 32.167  255 255 255
1.35136 -20.746 35.6064  255 255 255
5.02971 -21.7627 34.2816  255 255 255
-21.0262 -12.3008 23.4408  255 255 255
63.5769 -24.3028 5.4045  255 255 255
62.6941 -23.7058 3.08618  255 255 255
62.7285 -23.696 3.0001  255 255 255
3.21043 -22.0366 34.67  255 255 255
8.22989 -23.1769 33.7528  255 255 255
68.9484 -26.7782 4.73938  255 255 255
-29.1045 -10.1263 16.4827  255 255 255
-23.4449 -13.8451 23.5888  255 255 255
65.5099 -28.2788 7.39658  255 255 255
-25.8099 6.88192 -39.2969  255 255 255
-18.8111 -17.716 29.5949  255 255 255
55.718 -21.037 -10.6261  255 255 255
-4.71425 -22.7127 34.7047  255 255 255
68.922 -28.8684 1.49375  255 255 255
-16.0653 -20.1441 32.1467  255 255 255
-21.6704 -17.6028 26.9704  255 255 255
65.6531 -30.6807 5.05084  255 255 255
72.7733 -30.4065 -2.44891  255 255 255
-27.7868 -16.0367 23.6941  255 255 255
-47.8966 7.54503 -37.7852  255 255 255
59.1991 -26.9629 -7.05132  255 255 255
10.0895 -28.9827 35.3691  255 255 255
10.5286 -29.1726 35.5687  255 255 255
-27.0809 -16.8797 24.1725  255 255 255
-27.7744 -17.1709 25.0544  255 255 255
-27.5204 -17.4504 25.3873  255 255 255
10.9647 -29.8123 36.1133  255 255 255
-27.73 -17.643 25.2467  255 255 255
-18.3233 -21.6887 31.1461  255 255 255
11.3427 -30.0671 35.4447  255 255 255
65.6092 -34.1299 3.33178  255 255 255
66.2811 -35.5896 4.34404  255 255 255
67.6934 -37.0537 6.67842  255 255 255
-35.0986 -3.11538 -26.3913  255 255 255
-35.123 -3.08747 -26.4982  255 255 255
-21.7676 -23.2565 31.5941  255 255 255
-25.2453 -21.6168 28.7319  255 255 255
-25.2101 -21.8823 28.2308  255 255 255
-4.68596 -29.9757 37.9443  255 255 255
10.2015 -32.6885 34.5087  255 255 255
11.3743 -32.7219 33.4257  255 255 255
11.3743 -32.7219 33.4257  255 255 255
-23.9701 -23.6747 32.0453  255 255 255
-5.78381 -30.8444 38.9063  255 255 255
-19.3645 -26.1765 33.8623  255 255 255
-3.8841 -31.5517 39.415  255 255 255
12.7453 -33.5967 31.4913  255 255 255
-18.1579 -26.8748 34.4575  255 255 255
-12.0753 -29.742 37.2193  255 255 255
-43.5878 -6.43771 -22.4563  255 255 255
-26.5923 -23.1794 23.9136  255 255 255
-12.736 -30.1916 36.4759  255 255 255
-1.32719 -33.3763 37.1909  255 255 255
-1.33369 -33.3796 37.2161  255 255 255
-5.09444 -32.8841 38.6432  255 255 255
-2.16923 -33.9761 37.8842  255 255 255
-37.9573 -11.5568 -16.2906  255 255 255
-1.61114 -34.3089 36.508  255 255 255
-56.7454 -7.70458 -19.7044  255 255 255
-20.8015 -28.411 30.4216  255 255 255
-5.46173 -34.3197 37.8476  255 255 255
-10.6166 -32.438 35.5787  255 255 255
-18.3027 -29.6744 32.2488  255 255 255
10.5283 -36.8319 30.0976  255 255 255
-18.4627 -29.7147 31.8429  255 255 255
-5.3198 -34.4429 36.7879  255 255 255
-6.14717 -34.1852 35.8891  255 255 255
-19.4383 -29.6797 30.8796  255 255 255
9.8907 -37.2401 30.3271  255 255 255
-10.1135 -33.1836 35.0734  255 255 255
-19.9477 -29.6386 30.2076  255 255 255
-47.5569 -12.2058 -16.3658  255 255 255
46.1468 -43.4276 12.4104  255 255 255
-41.6958 -15.3682 -12.2325  255 255 255
-46.68 -14.0032 -13.4316  255 255 255
-46.68 -14.0032 -13.4316  255 255 255
15.4372 -38.9466 25.6344  255 255 255
15.276 -38.8086 25.3  255 255 255
-5.5814 -35.7614 35.9043  255 255 255
9.25914 -38.4842 30.037  255 255 255
-9.87902 -34.5501 33.8771  255 255 255
-43.3877 -16.6229 -10.4948  255 255 255
5.59559 -38.9948 32.8424  255 255 255
-13.0811 -34.138 32.5536  255 255 255
-1.43752 -37.8753 32.6093  255 255 255
-41.6611 -19.0571 -7.82175  255 255 255
-20.1683 -32.0741 28.0649  255 255 255
-45.9359 -18.2541 -8.73787  255 255 255
-9.3081 -36.5881 32.4929  255 255 255
0.717177 -39.393 32.2778  255 255 255
-26.5511 -29.6377 20.5035  255 255 255
-9.32909 -36.8625 32.3354  255 255 255
-26.5015 -30.0216 20.3666  255 255 255
-8.92796 -37.3425 32.0206  255 255 255
-25.7608 -30.5906 21.0236  255 255 255
-44.1747 -20.8889 -5.72671  255 255 255
-44.1775 -20.8953 -5.75947  255 255 255
-45.4249 -20.6579 -6.17857  255 255 255
-5.54861 -38.7376 32.5168  255 255 255
-44.5288 -21.0725 -5.48574  255 255 255
-0.930982 -39.8092 31.0991  255 255 255
-49.999 -19.8667 -7.17003  255 255 255
-6.15078 -38.9454 32.1654  255 255 255
-48.734 -20.4725 -6.71468  255 255 255
-21.1259 -34.3384 25.6489  255 255 255
-21.3599 -34.4058 26.339  255 255 255
-19.1406 -35.3912 27.6344  255 255 255
-60.6616 -18.6426 -7.2064  255 255 255
-7.5897 -39.6297 30.9016  255 255 255
22.4355 -46.5104 20.6389  255 255 255
-46.6338 -23.6955 -2.43209  255 255 255
-22.3631 -34.7432 23.7715  255 255 255
-22.8546 -34.625 23.2353  255 255 255
-21.2598 -35.4893 24.7667  255 255 255
-21.2598 -35.4893 24.7667  255 255 255
-54.3506 -22.5044 -3.19194  255 255 255
-43.0243 -26.7762 0.270252  255 255 255
-53.2635 -24.4029 -0.958469  255 255 255
-52.0535 -24.8311 -0.743904  255 255 255
19.9073 -49.5465 25.3654  255 255 255
5.55606 -46.5317 31.6217  255 255 255
-25.0724 -36.3205 21.7301  255 255 255
-5.35774 -43.83 30.4279  255 255 255
-43.0423 -29.6084 3.21436  255 255 255
-8.23617 -43.2086 28.0119  255 255 255
-47.5135 -28.7507 3.2821  255 255 255
-43.0553 -30.2572 4.58005  255 255 255
-5.86015 -45.7518 31.7047  255 255 255
-28.0569 -38.3704 23.3379  255 255 255
-6.33058 -46.0046 32.025  255 255 255
-47.9673 -31.1615 6.74613  255 255 255
-26.9587 -39.1708 23.0593  255 255 255
-28.1205 -40.148 21.7049  255 255 255
12.4235 -53.9376 27.9257  255 255 255
-51.8584 -34.2928 9.59211  255 255 255
-45.2486 -36.7113 12.3226  255 255 255
-52.5791 -34.5736 9.77068  255 255 255
-53.2249 -35.4095 11.0499  255 255 255
11.4268 -59.1269 31.5911  255 255 255
9.24311 -61.6932 36.8464  255 255 255
9.80724 -61.98 37.0831  255 255 255
11.1776 -63.6181 34.7115  255 255 255
10.0817 -63.4178 36.5496  255 255 255
-32.8945 -49.1969 25.7897  255 255 255
-9.3235 -57.6902 33.6311  255 255 255
-9.0704 -58.3049 34.2809  255 255 255
-7.52959 -59.8938 36.0758  255 255 255
-7.81518 90.7721 -34.3701  255 255 255
2.92437 93.7878 -39.3926  255 255 255
33.9989 103.18 -54.2732  255 255 255
4.67455 94.2216 -40.449  255 255 255
39.8796 104.059 -57.1366  255 255 255
43.1171 104.953 -58.3061  255 255 255
30.73 101.082 -52.8275  255 255 255
7.36824 94.0757 -42.6544  255 255 255
23.8403 97.914 -52.0473  255 255 255
-8.48463 86.6724 -36.5136  255 255 255
-8.46028 86.7193 -36.5898  255 255 255
40.2196 100.658 -61.7699  255 255 255
41.4005 101.043 -62.3214  255 255 255
41.4948 101.107 -62.3993  255 255 255
46.8091 102.886 -65.3584  255 255 255
46.4584 102.491 -64.7536  255 255 255
24.6606 96.2067 -54.3555  255 255 255
29.5206 97.4426 -56.7174  255 255 255
29.4696 97.3714 -56.7199  255 255 255
-10.0103 85.8146 -36.8603  255 255 255
-6.98258 86.3708 -37.8597  255 255 255
34.3601 98.8301 -59.0531  255 255 255
-35.4095 75.6074 -20.2731  255 255 255
55.0512 103.978 -69.5229  255 255 255
9.44067 91.0687 -47.277  255 255 255
48.8482 60.2561 -12.6042  255 255 255
-56.8432 68.1064 -8.84676  255 255 255
-53.7544 67.8456 -9.08015  255 255 255
11.347 90.6847 -48.6749  255 255 255
9.3762 89.9798 -48.0498  255 255 255
17.334 92.556 -52.5805  255 255 255
49.5828 36.6187 18.0299  255 255 255
-3.06213 86.0377 -41.9966  255 255 255
-4.58816 85.4012 -40.9628  255 255 255
51.0824 100.921 -70.242  255 255 255
6.57648 88.1562 -47.6084  255 255 255
-33.2964 76.9045 -26.6575  255 255 255
2.16782 86.6815 -45.2099  255 255 255
56.6279 28.7817 26.3398  255 255 255
55.7188 28.2385 27.2214  255 255 255
56.501 27.7779 27.8629  255 255 255
0.82113 86.3035 -44.6323  255 255 255
24.3572 92.8361 -56.8503  255 255 255
-65.2165 67.9773 -9.97507  255 255 255
-63.0904 68.3327 -10.8642  255 255 255
56.5498 26.7046 28.8964  255 255 255
54.2752 29.1086 25.6166  255 255 255
-11.4902 82.3334 -38.2644  255 255 255
-11.378 82.5941 -38.7499  255 255 255
-39.8191 74.5009 -23.6548  255 255 255
12.719 89.1695 -51.364  255 255 255
63.4671 24.8122 30.1962  255 255 255
54.3173 30.2204 23.5512  255 255 255
11.4727 88.8135 -51.049  255 255 255
53.2984 32.1196 20.539  255 255 255
56.2995 27.9588 25.8363  255 255 255
56.8169 28.2451 25.3738  255 255 255
-56.8753 68.9615 -14.8159  255 255 255
-38.1774 74.2454 -25.061  255 255 255
23.6515 92.0741 -58.8284  255 255 255
23.6515 92.0741 -58.8284  255 255 255
8.84587 87.0361 -50.3509  255 255 255
52.2044 33.1373 17.9633  255 255 255
-57.3776 68.7348 -15.1059  255 255 255
-48.435 71.0211 -20.0844  255 255 255
-14.5672 80.123 -38.3477  255 255 255
-11.2267 80.9124 -40.1081  255 255 255
26.2764 91.109 -60.0318  255 255 255
12.0761 86.7722 -52.4986  255 255 255
12.0286 86.6603 -52.3611  255 255 255
20.9458 89.19 -57.5545  255 255 255
-64.1268 65.7406 -11.6916  255 255 255
23.1261 89.4027 -59.3326  255 255 255
25.9048 89.9323 -60.5713  255 255 255
22.1532 88.7171 -59.2594  255 255 255
58.6552 98.1015 -77.5262  255 255 255
55.0734 47.7357 -6.15036  255 255 255
-14.7532 78.2554 -39.335  255 255 255
-14.6269 78.4725 -39.6835  255 255 255
-4.75717 81.0327 -44.6228  255 255 255
56.0248 46.3157 -4.78807  255 255 255
3.88907 83.3917 -49.6204  255 255 255
29.3715 89.9584 -63.5693  255 255 255
39.6384 92.6389 -69.5418  255 255 255
-50.6495 67.8908 -20.8578  255 255 255
43.873 92.1563 -72.395  255 255 255
56.9711 95.125 -79.2666  255 255 255
-9.25352 77.9795 -44.3181  255 255 255
80.6781 100.659 -92.2738  255 255 255
80.7438 100.674 -92.4186  255 255 255
38.5049 89.6401 -70.7177  255 255 255
-30.4371 71.8211 -33.4848  255 255 255
-15.5148 74.7296 -42.0179  255 255 255
-15.5103 74.7142 -42.0017  255 255 255
42.0203 89.4575 -73.0465  255 255 255
56.6436 23.4623 21.7415  255 255 255
56.7253 23.4897 21.644  255 255 255
40.7534 89.1999 -72.713  255 255 255
40.9096 89.4669 -73.0137  255 255 255
36.3559 87.9562 -70.5526  255 255 255
66.4652 95.363 -85.986  255 255 255
-23.2091 72.6254 -38.2557  255 255 255
80.9253 98.4412 -94.3255  255 255 255
-10.858 75.414 -45.8053  255 255 255
-9.48226 75.815 -46.4772  255 255 255
41.5188 88.4119 -73.8272  255 255 255
63.247 93.4739 -84.8001  255 255 255
91.0583 100.636 -99.7896  255 255 255
55.9891 41.4805 -7.21145  255 255 255
42.2571 87.9057 -74.6161  255 255 255
50.2937 90.1357 -79.1488  255 255 255
29.5144 85.0449 -67.9346  255 255 255
-8.00278 74.728 -46.9084  255 255 255
-52.2161 63.741 -21.7274  255 255 255
-48.6098 64.9045 -24.8719  255 255 255
45.3855 88.376 -77.2799  255 255 255
24.5481 82.3418 -66.3052  255 255 255
9.91598 78.542 -58.8945  255 255 255
-9.67344 73.6126 -47.8927  255 255 255
51.488 88.1936 -81.5739  255 255 255
-48.4591 63.5679 -25.2379  255 255 255
-45.4375 65.0255 -27.9527  255 255 255
-36.2851 67.0512 -33.2043  255 255 255
-12.2848 72.6245 -46.5952  255 255 255
51.5895 44.1857 -16.4098  255 255 255
55.6045 39.4203 -9.70912  255 255 255
-61.0902 60.6542 -19.2483  255 255 255
-61.0459 60.5699 -19.0721  255 255 255
-26.853 68.5628 -39.1999  255 255 255
23.6787 80.8261 -68.1885  255 255 255
-44.8644 63.2491 -27.8165  255 255 255
-43.9783 64.1161 -29.8671  255 255 255
29.0836 81.0957 -71.342  255 255 255
29.0065 80.9864 -71.1891  255 255 255
-10.8399 71.3978 -49.0134  255 255 255
-48.1949 62.4313 -27.3066  255 255 255
-22.2176 68.8344 -42.764  255 255 255
-12.4623 70.9708 -48.3576  255 255 255
15.1818 76.951 -63.7691  255 255 255
19.5215 78.115 -66.2063  255 255 255
-13.4995 70.4741 -48.244  255 255 255
-13.607 70.2552 -47.8888  255 255 255
-44.3507 63.2613 -30.6222  255 255 255
1.11389 72.9022 -56.1904  255 255 255
18.194 77.1659 -66.3527  255 255 255
18.194 77.1659 -66.3527  255 255 255
-18.2481 68.091 -45.5233  255 255 255
-72.6367 56.3175 -14.7195  255 255 255
-72.5616 56.0935 -14.4245  255 255 255
54.6771 84.3346 -86.1345  255 255 255
54.8852 84.6174 -86.6106  255 255 255
-20.1751 67.7498 -45.0945  255 255 255
8.0599 74.3256 -61.3032  255 255 255
8.09475 74.3854 -61.4054  255 255 255
75.2218 89.0503 -98.5508  255 255 255
-72.7464 55.7308 -14.8955  255 255 255
-44.0222 62.0647 -31.7207  255 255 255
56.0323 17.9655 17.548  255 255 255
-45.0719 61.5928 -30.8297  255 255 255
71.8107 88.0578 -97.4967  255 255 255
42.6233 81.0546 -81.2222  255 255 255
19.9935 75.8073 -69.0761  255 255 255
22.1579 76.356 -70.6191  255 255 255
22.3023 76.6233 -71.0345  255 255 255
-70.5153 55.6229 -16.9268  255 255 255
-15.4499 67.1801 -48.8052  255 255 255
-6.09449 69.6011 -54.5868  255 255 255
48.0275 81.5626 -85.4846  255 255 255
48.0496 81.6479 -85.6299  255 255 255
48.0555 81.6124 -85.5842  255 255 255
56.6821 83.1675 -89.7505  255 255 255
-68.4047 55.961 -18.7431  255 255 255
-4.88186 69.4465 -55.8904  255 255 255
59.6582 13.5875 21.0608  255 255 255
22.884 74.9084 -71.909  255 255 255
-10.1415 67.48 -52.8763  255 255 255
66.3955 84.3361 -96.4944  255 255 255
80.2767 87.0187 -104.1  255 255 255
63.466 83.256 -94.8959  255 255 255
77.6621 86.2252 -103.045  255 255 255
-25.7537 63.8949 -44.2864  255 255 255
-4.90417 68.4 -56.44  255 255 255
-5.94645 68.1615 -56.4765  255 255 255
71.3987 84.4717 -100.15  255 255 255
71.2813 84.4444 -100.129  255 255 255
52.5831 80.009 -89.7274  255 255 255
48.4299 78.5576 -87.2396  255 255 255
40.9742 77.1544 -84.0162  255 255 255
55.8546 15.319 14.9294  255 255 255
55.8546 15.319 14.9294  255 255 255
-68.1073 53.6843 -20.1505  255 255 255
55.6906 31.688 -14.0535  255 255 255
-2.00838 65.6885 -61.1998  255 255 255
-2.96248 64.4846 -60.1792  255 255 255
33.749 72.4093 -82.8019  255 255 255
50.8079 35.1472 -23.6057  255 255 255
-26.2319 59.9669 -47.556  255 255 255
23.9586 69.9483 -77.8429  255 255 255
-27.8803 59.4544 -46.7002  255 255 255
21.1718 68.7682 -75.6754  255 255 255
30.8979 70.1278 -81.868  255 255 255
28.252 67.7663 -78.0854  255 255 255
-73.7685 44.5774 -11.7943  255 255 255
-15.881 60.1388 -55.2876  255 255 255
-17.3165 59.591 -54.4966  255 255 255
-33.6733 55.6195 -45.1361  255 255 255
54.7993 27.5256 -19.5212  255 255 255
53.4566 28.4072 -22.0043  255 255 255
-28.747 55.9485 -48.8059  255 255 255
50.4929 14.8314 2.45906  255 255 255
51.2444 29.9877 -25.7184  255 255 255
-54.3969 50.7729 -33.3188  255 255 255
56.078 24.7595 -18.0624  255 255 255
48.1525 16.6128 -2.13979  255 255 255
22.2779 62.7254 -79.0682  255 255 255
6.05821 60.4717 -71.1602  255 255 255
24.7921 63.9654 -83.0551  255 255 255
19.4219 63.331 -81.0688  255 255 255
-65.7975 47.4864 -26.6919  255 255 255
-65.795 47.6077 -26.9494  255 255 255
-65.7895 47.6601 -27.0504  255 255 255
55.7907 23.8065 -19.1328  255 255 255
-51.9776 49.9422 -36.3298  255 255 255
-51.9648 49.9227 -36.2662  255 255 255
19.2208 62.1168 -80.1343  255 255 255
-32.9289 53.3823 -48.8501  255 255 255
-32.9289 53.3823 -48.8501  255 255 255
6.4278 58.4073 -70.6689  255 255 255
32.3434 64.4344 -88.998  255 255 255
49.947 66.6327 -99.6023  255 255 255
62.8025 -0.0191878 20.943  255 255 255
47.88 31.2944 -33.9318  255 255 255
-26.2379 53.3598 -53.1436  255 255 255
31.9206 62.8848 -89.3009  255 255 255
31.9419 62.9067 -89.3487  255 255 255
-23.814 53.3396 -54.7487  255 255 255
-23.7754 53.4633 -55.0732  255 255 255
-23.7785 53.4179 -54.8501  255 255 255
-10.4306 55.1565 -62.9044  255 255 255
50.3888 27.8272 -30.4178  255 255 255
25.9435 61.3597 -86.2842  255 255 255
16.3568 59.4396 -81.0311  255 255 255
48.5877 13.0969 -3.36246  255 255 255
48.7151 13.156 -3.52949  255 255 255
30.4972 61.0399 -89.9309  255 255 255
62.9503 -2.45033 20.3132  255 255 255
7.01207 56.2124 -75.4668  255 255 255
-52.157 46.8695 -39.2417  255 255 255
48.5674 11.474 -4.58537  255 255 255
33.8196 59.5471 -93.8395  255 255 255
6.82877 55.1669 -76.3877  255 255 255
4.70463 54.6646 -76.0093  255 255 255
-5.08701 53.2113 -70.0798  255 255 255
25.5017 57.8048 -89.4899  255 255 255
51.3435 23.1851 -30.6395  255 255 255
51.211 23.1694 -30.5203  255 255 255
51.8703 22.4747 -29.8406  255 255 255
28.5907 57.6583 -91.6442  255 255 255
53.6648 19.908 -27.0121  255 255 255
-11.6884 50.2902 -67.2879  255 255 255
3.74305 52.7491 -77.6201  255 255 255
-10.7946 50.2123 -67.5619  255 255 255
-10.7709 50.2109 -67.5803  255 255 255
57.8652 -0.29979 8.78881  255 255 255
-33.3986 46.2883 -54.1505  255 255 255
-11.9812 49.406 -68.1729  255 255 255
59.0636 -1.79124 10.663  255 255 255
53.3767 17.7367 -29.0441  255 255 255
63.5753 -7.87549 18.8226  255 255 255
-50.4673 41.0648 -41.489  255 255 255
54.1407 16.0011 -28.2514  255 255 255
-46.1706 42.8271 -47.1942  255 255 255
-31.7911 44.0154 -57.1797  255 255 255
-31.7911 44.0154 -57.1797  255 255 255
60.78 -5.6362 11.6943  255 255 255
-55.7455 40.6979 -42.1345  255 255 255
-8.51869 -1.84692 28.2194  255 255 255
-8.48935 -1.81978 28.1053  255 255 255
-58.7199 39.5274 -40.2532  255 255 255
-58.7299 39.5024 -40.2214  255 255 255
-62.0648 38.9736 -38.1866  255 255 255
-57.2851 39.4098 -41.6005  255 255 255
-11.9287 45.2589 -71.9143  255 255 255
59.974 -5.97167 9.98912  255 255 255
5.27807 -8.13216 33.1014  255 255 255
-62.3982 37.8892 -38.7674  255 255 255
-45.2284 39.6029 -50.2587  255 255 255
59.2293 -5.9915 7.59111  255 255 255
59.208 -5.96344 7.63961  255 255 255
-15.8991 42.6931 -69.5284  255 255 255
-11.9082 -2.7623 26.8482  255 255 255
61.1382 -8.23653 10.4633  255 255 255
-49.7761 38.7585 -47.8477  255 255 255
-9.18673 42.9692 -75.934  255 255 255
-9.38614 -6.49716 31.4129  255 255 255
2.84202 39.354 -76.6685  255 255 255
61.3823 -10.6083 10.6482  255 255 255
15.4309 34.4269 -72.5276  255 255 255
-12.7102 -5.11169 28.3717  255 255 255
59.2551 -9.2916 5.83389  255 255 255
-15.7774 -3.88943 24.7903  255 255 255
63.3131 -14.0787 11.5756  255 255 255
-30.8731 36.6643 -64.984  255 255 255
-16.7119 -5.08026 24.604  255 255 255
-26.3492 36.3585 -68.0648  255 255 255
11.1951 -13.5148 31.6721  255 255 255
51.6764 -4.46725 -8.4214  255 255 255
12.005 -14.3232 31.4449  255 255 255
-41.257 32.3732 -60.5663  255 255 255
-7.19947 -13.4441 35.0919  255 255 255
-7.19947 -13.4441 35.0919  255 255 255
-17.9639 -1.60987 10.833  255 255 255
-18.7105 -6.31921 22.2123  255 255 255
-35.7153 29.8108 -63.3642  255 255 255
55.59 -13.3031 -4.87153  255 255 255
-2.94831 -18.1404 36.048  255 255 255
67.0716 -24.668 13.7323  255 255 255
66.4398 -24.6888 11.6296  255 255 255
65.8668 -23.1661 4.74862  255 255 255
-13.9035 -16.7601 31.844  255 255 255
10.319 -22.2857 31.1314  255 255 255
24.4479 -24.4886 28.2787  255 255 255
9.47969 -23.3111 33.3163  255 255 255
62.0845 -23.9294 1.9568  255 255 255
-10.2264 -19.3162 33.7089  255 255 255
-27.0675 -10.4176 16.9622  255 255 255
57.5752 -21.3209 -6.54021  255 255 255
58.7694 -24.3651 -6.12944  255 255 255
64.5137 -29.8548 2.49048  255 255 255
-28.3423 -16.2291 23.8987  255 255 255
59.227 -27.3437 -6.43191  255 255 255
10.8172 -29.8145 36.0976  255 255 255
-24.1743 -19.1138 27.052  255 255 255
68.807 -31.5369 -4.12205  255 255 255
68.807 -31.5369 -4.12205  255 255 255
-4.73582 -27.0377 36.8103  255 255 255
-5.39559 -26.8108 36.2056  255 255 255
-5.39862 -26.8098 36.2351  255 255 255
67.1005 -30.8195 -7.42379  255 255 255
-26.6527 -19.1596 26.7993  255 255 255
65.3734 -34.3086 2.00862  255 255 255
-25.1129 -21.2239 29.266  255 255 255
13.3408 -32.3887 32.3432  255 255 255
-29.1405 -19.5487 22.7877  255 255 255
-22.5155 -24.2596 32.9459  255 255 255
-32.9874 -6.75157 -22.4746  255 255 255
-29.0948 -20.3608 21.895  255 255 255
-4.14101 -31.2663 39.1725  255 255 255
-4.13169 -31.2919 39.1805  255 255 255
60.5028 -39.078 6.64751  255 255 255
-13.335 -29.0443 37.1922  255 255 255
-23.8552 -24.954 31.3223  255 255 255
-14.1614 -28.8819 37.1322  255 255 255
-5.13532 -31.9278 39.8764  255 255 255
-47.0857 -5.71905 -22.6656  255 255 255
-12.3328 -29.8907 37.0268  255 255 255
-34.9576 -10.4098 -18.5411  255 255 255
-6.1171 -32.2967 37.8973  255 255 255
-40.2239 -10.1445 -18.385  255 255 255
5.86624 -35.1294 34.9317  255 255 255
6.07503 -35.1332 34.629  255 255 255
-38.7003 -10.948 -17.4067  255 255 255
-19.7341 -28.3219 31.5985  255 255 255
-12.0691 -31.6685 35.4905  255 255 255
-38.1828 -13.2873 -14.6674  255 255 255
-22.8352 -27.6097 28.7654  255 255 255
-22.8288 -27.6122 28.7368  255 255 255
-39.2607 -13.0891 -14.932  255 255 255
-10.9185 -32.5338 35.2798  255 255 255
-5.32969 -34.6285 37.4176  255 255 255
-40.3757 -14.092 -13.9559  255 255 255
5.0063 -36.9302 33.7135  255 255 255
-25.5608 -26.6631 24.0241  255 255 255
-10.5008 -32.9753 34.9718  255 255 255
-9.12669 -33.43 34.6288  255 255 255
-64.7849 -8.39312 -18.4249  255 255 255
-15.629 -32.1255 33.1113  255 255 255
9.00403 -38.8483 30.7229  255 255 255
-44.1833 -17.0183 -9.91119  255 255 255
-4.79597 -37.0419 35.5121  255 255 255
5.12373 -38.8945 31.489  255 255 255
-27.3043 -27.8548 20.6896  255 255 255
-43.9469 -17.4851 -9.72778  255 255 255
-37.5447 -20.1488 -4.93709  255 255 255
-41.5328 -18.471 -8.55298  255 255 255
-15.7927 -34.0757 33.1134  255 255 255
-19.1265 -32.1838 28.6241  255 255 255
-19.7249 -32.192 28.5371  255 255 255
17.5987 -42.1797 26.2426  255 255 255
-14.0248 -35.4612 31.3321  255 255 255
-5.79825 -38.0107 32.9776  255 255 255
-52.5549 -17.6479 -8.74995  255 255 255
-19.4582 -33.2941 27.5252  255 255 255
-24.3323 -31.8175 25.4002  255 255 255
-25.538 -30.8773 21.6053  255 255 255
-49.6112 -19.2238 -7.76497  255 255 255
-20.2298 -33.5923 26.6535  255 255 255
2.77857 -40.725 29.9874  255 255 255
-1.6781 -39.8518 31.3551  255 255 255
-11.743 -37.2262 31.1142  255 255 255
-0.209585 -40.817 30.807  255 255 255
-49.5793 -20.994 -5.42258  255 255 255
0.337517 -41.1512 30.2413  255 255 255
-19.1228 -35.9175 27.2893  255 255 255
-21.9116 -35.2411 23.8355  255 255 255
-49.0808 -23.8779 -2.06422  255 255 255
-47.677 -24.3779 -1.571  255 255 255
-52.0836 -23.3198 -2.17161  255 255 255
-6.44697 -41.5766 29.9274  255 255 255
-16.5413 -39.6266 28.5797  255 255 255
-4.95511 -43.4352 30.7387  255 255 255
-42.7992 -28.661 2.35477  255 255 255
-44.9807 -28.105 2.44278  255 255 255
-62.8353 -23.4219 -1.55023  255 255 255
-44.348 -30.2146 4.47695  255 255 255
-43.0261 -31.313 5.88522  255 255 255
10.4221 -51.7874 28.6173  255 255 255
-27.7162 -41.0089 21.2743  255 255 255
11.9078 -56.6735 30.8099  255 255 255
-53.2864 -36.5089 12.0337  255 255 255
10.3753 -59.7965 31.9526  255 255 255
3.17279 -57.6856 30.3446  255 255 255
-1.10384 -56.9482 31.5815  255 255 255
-0.863266 -57.5833 32.3863  255 255 255
6.59015 -62.6563 38.0941  255 255 255
-2.86658 -59.787 33.7639  255 255 255
-8.21791 -58.0234 34.063  255 255 255
-9.82806 -57.6402 33.1499  255 255 255
2.39176 -61.9186 34.9653  255 255 255
-11.0437 -57.9637 35.417  255 255 255
-7.82632 -59.1604 35.0113  255 255 255
1.13058 93.0853 -38.4055  255 255 255
-2.66204 91.8945 -36.6594  255 255 255
25.0259 99.3856 -49.9565  255 255 255
51.6858 107.861 -63.1866  255 255 255
23.9411 99.0783 -50.2497  255 255 255
10.5587 93.3598 -45.9744  255 255 255
50.3099 105.043 -65.0718  255 255 255
6.59289 91.3292 -43.2911  255 255 255
6.89118 91.94 -44.1184  255 255 255
47.826 104.011 -64.3678  255 255 255
47.8159 103.974 -64.3062  255 255 255
39.7894 101.453 -60.6764  255 255 255
-7.75972 86.5767 -37.2747  255 255 255
17.4796 93.9476 -50.6324  255 255 255
-12.9964 84.6908 -35.0326  255 255 255
49.2508 60.0038 -10.3224  255 255 255
30.8804 97.6719 -57.6616  255 255 255
12.3253 92.0782 -48.4107  255 255 255
-13.9108 84.281 -34.9702  255 255 255
10.6427 91.5408 -47.697  255 255 255
57.2924 32.0687 25.4271  255 255 255
-4.42653 86.7026 -40.5282  255 255 255
51.2504 56.8191 -7.94478  255 255 255
-17.7752 82.2798 -34.0297  255 255 255
49.3661 58.9122 -12.0107  255 255 255
51.8795 56.0415 -8.44846  255 255 255
-56.9927 70.3389 -12.8646  255 255 255
-53.2909 71.8123 -15.57  255 255 255
15.2846 91.1189 -51.7018  255 255 255
14.9485 90.5742 -50.9384  255 255 255
53.7813 52.9475 -5.34209  255 255 255
-9.02271 83.9215 -38.9853  255 255 255
-28.3412 78.4186 -29.0456  255 255 255
50.9165 34.7471 19.1198  255 255 255
56.6559 26.2051 29.5885  255 255 255
-27.4522 77.942 -29.7889  255 255 255
-7.02681 83.6528 -40.638  255 255 255
18.876 91.2589 -54.6234  255 255 255
55.9822 28.3396 26.1778  255 255 255
26.6437 93.3266 -58.7057  255 255 255
-8.06398 82.6551 -40.8592  255 255 255
1.41186 85.241 -45.8225  255 255 255
14.8271 88.9655 -53.1135  255 255 255
19.9823 90.4316 -56.0446  255 255 255
-9.00918 82.1831 -41.0657  255 255 255
-24.4257 78.0896 -32.9535  255 255 255
-11.9969 81.3479 -39.583  255 255 255
11.7074 87.7566 -51.8334  255 255 255
56.5464 26.9714 24.5455  255 255 255
-9.17633 81.0573 -41.7575  255 255 255
-7.17573 81.6685 -42.7411  255 255 255
-61.2567 66.541 -13.6515  255 255 255
10.145 85.492 -52.6758  255 255 255
10.1417 85.5323 -52.7758  255 255 255
-67.7712 64.6136 -10.6241  255 255 255
-56.5964 67.4727 -16.8942  255 255 255
-56.5763 67.4228 -16.8098  255 255 255
-9.26325 80.1199 -42.8255  255 255 255
-12.3356 79.0086 -40.9721  255 255 255
49.5217 95.2458 -73.3291  255 255 255
69.7891 100.525 -83.8744  255 255 255
12.1005 85.5316 -54.7855  255 255 255
26.3495 89.0205 -61.7359  255 255 255
84.6751 104.036 -91.5401  255 255 255
-28.3612 74.1659 -32.4602  255 255 255
-28.3363 74.299 -32.6593  255 255 255
-5.29527 80.3137 -45.1946  255 255 255
63.5627 98.3426 -81.4496  255 255 255
63.7174 98.4667 -81.7171  255 255 255
30.3121 88.9219 -63.6859  255 255 255
30.3121 88.9219 -63.6859  255 255 255
-60.2551 65.503 -15.8649  255 255 255
40.9268 91.5736 -70.9086  255 255 255
40.8522 91.4914 -70.8375  255 255 255
36.5753 90.1899 -68.595  255 255 255
38.0872 90.5916 -69.3175  255 255 255
38.1425 90.6726 -69.5333  255 255 255
58.5921 95.6688 -79.7037  255 255 255
-6.37205 77.807 -46.491  255 255 255
-6.27785 77.9944 -46.8009  255 255 255
30.4611 87.253 -66.9832  255 255 255
-59.6713 63.9636 -17.5934  255 255 255
-18.0571 73.6962 -40.8118  255 255 255
-23.6275 72.0681 -38.6792  255 255 255
56.4106 91.8436 -81.8484  255 255 255
7.30125 79.6885 -56.3087  255 255 255
-50.3909 64.8475 -23.924  255 255 255
-50.384 64.8624 -23.9783  255 255 255
28.5854 84.3453 -68.2184  255 255 255
42.9146 87.2427 -74.6611  255 255 255
54.2111 90.8575 -82.4259  255 255 255
53.9888 90.6245 -81.8855  255 255 255
-20.2831 71.9412 -41.092  255 255 255
51.4933 44.102 -12.8878  255 255 255
7.86367 78.5539 -56.9493  255 255 255
7.88141 78.5477 -57.0193  255 255 255
25.8016 82.9544 -67.1436  255 255 255
-56.1809 62.6783 -21.3223  255 255 255
-56.1809 62.6783 -21.3223  255 255 255
-56.1529 62.8049 -21.4657  255 255 255
28.4439 83.1226 -69.4635  255 255 255
-22.2025 70.4012 -40.8771  255 255 255
57.2581 37.943 -6.90443  255 255 255
-24.3889 69.8815 -40.5032  255 255 255
-23.5656 69.8449 -40.7604  255 255 255
-67.4957 58.9089 -14.9796  255 255 255
-9.88149 72.635 -48.942  255 255 255
21.1605 79.6207 -66.4453  255 255 255
-42.7441 64.536 -30.6804  255 255 255
25.6796 80.158 -69.2329  255 255 255
-45.5443 63.4228 -28.8991  255 255 255
-45.5391 63.4415 -28.9936  255 255 255
-18.7592 69.8239 -44.7212  255 255 255
54.6926 21.4976 16.0669  255 255 255
-30.3819 66.7714 -37.8668  255 255 255
-21.266 68.5594 -43.1828  255 255 255
-40.4569 64.2008 -32.2508  255 255 255
-50.317 61.8465 -26.6441  255 255 255
50.2683 84.6646 -84.0781  255 255 255
56.7036 35.4863 -8.34848  255 255 255
-66.5962 57.3692 -17.2532  255 255 255
52.0487 22.6692 11.3372  255 255 255
50.1381 83.5498 -84.7016  255 255 255
-6.01916 70.5827 -53.4837  255 255 255
23.3557 77.2807 -70.2593  255 255 255
57.9932 16.0754 20.0704  255 255 255
49.3277 43.3692 -22.3482  255 255 255
-10.2846 69.0004 -51.2795  255 255 255
-9.31796 68.8686 -51.6749  255 255 255
-9.28617 68.9297 -51.7878  255 255 255
-51.5964 59.436 -27.8432  255 255 255
-51.6121 59.6108 -28.2337  255 255 255
-51.6151 59.476 -27.969  255 255 255
-50.4556 59.7903 -28.51  255 255 255
-58.3454 58.022 -24.1339  255 255 255
77.6938 87.8417 -102.104  255 255 255
-26.3326 64.6179 -43.1097  255 255 255
73.581 87.4054 -101.608  255 255 255
47.8263 43.1728 -26.4348  255 255 255
-53.4003 57.9094 -28.1176  255 255 255
73.685 84.8326 -101.039  255 255 255
29.9867 75.0573 -77.6472  255 255 255
50.9176 19.2001 9.37069  255 255 255
22.9121 72.789 -74.3355  255 255 255
52.1308 18.4806 8.89597  255 255 255
-53.1561 56.1661 -29.2011  255 255 255
67.8204 80.5418 -100.049  255 255 255
52.3075 18.2153 7.7072  255 255 255
-32.1855 59.6731 -42.156  255 255 255
-32.1855 59.6731 -42.156  255 255 255
35.5705 72.7871 -83.1735  255 255 255
49.7505 35.885 -26.1032  255 255 255
49.8253 35.9131 -26.187  255 255 255
56.4747 27.8167 -13.7579  255 255 255
56.4831 27.807 -13.7696  255 255 255
-29.3527 58.9474 -45.7344  255 255 255
52.217 15.9079 6.9252  255 255 255
-39.691 56.2403 -39.7568  255 255 255
22.1343 67.4105 -76.8725  255 255 255
13.9134 67.774 -75.7145  255 255 255
-8.65022 61.4694 -59.4983  255 255 255
-29.3624 56.7471 -46.3629  255 255 255
55.6888 10.9367 11.9772  255 255 255
-54.0547 52.4003 -32.1562  255 255 255
-15.1087 59.434 -56.6291  255 255 255
9.40551 61.8926 -69.1592  255 255 255
57.5181 7.98175 14.3595  255 255 255
7.52156 63.0083 -71.2257  255 255 255
55.8093 25.3642 -17.0042  255 255 255
-51.8778 51.731 -34.7989  255 255 255
-51.8816 51.7578 -34.8406  255 255 255
-51.8436 51.7014 -34.6729  255 255 255
-51.8722 51.7925 -34.9221  255 255 255
-38.3563 54.2221 -43.1586  255 255 255
27.11 65.3649 -81.3334  255 255 255
-57.0323 50.5238 -31.3012  255 255 255
48.1171 17.3487 -1.39445  255 255 255
38.5942 68.149 -90.2394  255 255 255
-34.481 54.6194 -45.7895  255 255 255
51.8694 29.3038 -24.7363  255 255 255
-8.83237 58.822 -62.3745  255 255 255
54.2869 26.2306 -21.5876  255 255 255
55.2044 24.8392 -19.8747  255 255 255
-29.006 54.7411 -50.4968  255 255 255
-31.7634 53.6971 -48.4145  255 255 255
54.8626 9.08833 7.77584  255 255 255
48.3979 15.4465 -2.30478  255 255 255
54.7064 24.5485 -21.5721  255 255 255
54.6694 24.5271 -21.5148  255 255 255
52.3835 10.9506 4.11276  255 255 255
-65.354 47.1157 -28.4018  255 255 255
-53.0936 48.614 -36.527  255 255 255
47.9779 29.9628 -34.1989  255 255 255
56.2222 5.75955 8.39122  255 255 255
52.7658 24.0082 -26.1826  255 255 255
-37.7615 49.6505 -47.0952  255 255 255
51.504 24.889 -28.9508  255 255 255
51.504 24.889 -28.9508  255 255 255
-28.1329 51.7211 -55.7192  255 255 255
50.2378 25.7589 -31.4918  255 255 255
52.4853 23.1826 -26.9356  255 255 255
-53.2038 46.6211 -38.3029  255 255 255
-25.1021 51.0423 -56.3369  255 255 255
52.985 22.1264 -25.716  255 255 255
-9.06312 53.1071 -66.5124  255 255 255
-1.82257 54.2298 -71.4067  255 255 255
54.5968 20.6608 -24.6292  255 255 255
-33.9132 48.9831 -51.2217  255 255 255
21.7964 57.7477 -86.3179  255 255 255
54.8881 62.2064 -105.865  255 255 255
-64.3685 43.9921 -32.3678  255 255 255
54.0533 20.2015 -25.7526  255 255 255
54.5897 19.7962 -25.1104  255 255 255
54.5168 19.7748 -24.9797  255 255 255
-33.1374 48.3255 -52.4919  255 255 255
-28.6243 48.67 -55.5395  255 255 255
-40.757 46.8604 -48.2197  255 255 255
51.5769 6.62518 -0.550637  255 255 255
-21.5366 48.1735 -59.1604  255 255 255
54.8129 18.3745 -25.4883  255 255 255
56.1098 1.71296 6.74579  255 255 255
5.34434 52.486 -78.1106  255 255 255
-23.9896 47.1492 -57.5719  255 255 255
52.7843 4.66503 0.886375  255 255 255
-41.4092 45.3774 -48.5082  255 255 255
58.4528 -4.9222 17.8546  255 255 255
58.4528 -4.9222 17.8546  255 255 255
60.7559 -3.19594 13.4196  255 255 255
3.91578 0.955356 22.7752  255 255 255
-13.5147 47.4035 -68.5194  255 255 255
-13.4921 47.405 -68.5032  255 255 255
-51.4794 41.7971 -43.4168  255 255 255
-14.9399 47.0571 -67.9648  255 255 255
-39.1489 43.0489 -52.1176  255 255 255
-64.7705 39.7149 -35.6928  255 255 255
-54.6228 40.9311 -42.2351  255 255 255
66.7934 -11.392 22.2765  255 255 255
-59.3455 40.0613 -39.2308  255 255 255
56.7114 -2.11135 4.86293  255 255 255
-5.78178 -4.76798 31.5582  255 255 255
-11.205 -1.88421 26.7116  255 255 255
54.7897 -1.47933 1.0347  255 255 255
-68.0782 37.4901 -34.8339  255 255 255
-25.8938 42.588 -63.0003  255 255 255
-63.4862 37.6015 -38.0038  255 255 255
-41.4007 40.2683 -53.1182  255 255 255
-7.16586 -5.42331 31.6853  255 255 255
2.74865 -8.18082 33.8231  255 255 255
-57.3762 38.1046 -42.3718  255 255 255
-9.4542 -4.96366 30.5141  255 255 255
53.7145 -2.14489 -2.18878  255 255 255
-57.1704 36.9881 -43.4624  255 255 255
50.6877 0.118006 -6.60873  255 255 255
-10.5265 41.8227 -75.6148  255 255 255
-15.6067 -1.6775 21.711  255 255 255
-13.6045 40.5254 -74.3598  255 255 255
57.1496 -7.0839 2.64583  255 255 255
-13.4545 -5.51596 28.52  255 255 255
-5.50907 -9.74685 34.4433  255 255 255
1.00135 -11.4805 35.5855  255 255 255
66.6074 -15.9466 17.7647  255 255 255
1.55732 -11.9677 35.5203  255 255 255
-3.69932 -11.7077 36.0882  255 255 255
-39.3219 35.949 -58.5772  255 255 255
-14.8671 -6.11502 27.6372  255 255 255
-14.8533 -6.11196 27.5671  255 255 255
50.7594 -2.92178 -9.19882  255 255 255
61.879 -14.7707 13.6557  255 255 255
-40.1896 35.7894 -58.5022  255 255 255
59.6976 -11.3742 5.36133  255 255 255
7.54811 27.873 -64.8196  255 255 255
51.2755 -4.57094 -9.39069  255 255 255
-34.4179 34.7198 -64.3374  255 255 255
-3.75325 -13.5317 35.8202  255 255 255
-9.73728 -11.5174 33.5982  255 255 255
-14.7112 -9.72437 29.67  255 255 255
52.5016 -7.64341 -7.84617  255 255 255
-36.5741 32.7922 -63.8777  255 255 255
50.8012 -6.25362 -11.1965  255 255 255
-18.4889 -6.80229 23.1824  255 255 255
-9.38806 -13.1514 34.1719  255 255 255
56.7637 -11.9303 -1.39907  255 255 255
-11.1474 -12.905 33.0056  255 255 255
-18.2826 -8.38801 24.878  255 255 255
11.7774 -16.9822 30.7697  255 255 255
69.9407 -20.6975 10.1962  255 255 255
69.9407 -20.6975 10.1962  255 255 255
-1.41952 -16.6355 36.2388  255 255 255
-1.38355 -16.5929 36.1534  255 255 255
-40.3845 30.5564 -63.1947  255 255 255
27.6921 -16.9752 20.2152  255 255 255
-18.6531 -9.6858 25.1323  255 255 255
-18.3668 -9.44152 24.4089  255 255 255
59.9787 -18.3301 1.76837  255 255 255
60.0662 -18.3749 1.68342  255 255 255
-25.3651 -4.48212 9.32307  255 255 255
58.9269 -19.7459 -0.501573  255 255 255
58.9269 -19.7459 -0.501573  255 255 255
72.3378 -25.891 5.9012  255 255 255
63.8036 -24.565 4.49936  255 255 255
59.6831 -21.8386 -2.47802  255 255 255
62.3052 -24.8432 3.17917  255 255 255
57.0679 -20.5999 -7.1518  255 255 255
-25.9646 -10.6823 17.171  255 255 255
64.871 -25.7063 1.74711  255 255 255
-23.317 -13.6505 23.3782  255 255 255
-8.39922 -20.9552 34.2696  255 255 255
56.3827 -21.5339 -9.87319  255 255 255
11.44 -26.5091 33.3243  255 255 255
66.5843 -28.224 -3.12907  255 255 255
56.9692 -24.224 -9.55542  255 255 255
-28.4498 -15.3982 22.0243  255 255 255
-27.6209 -17.9022 25.491  255 255 255
69.0409 -31.1675 -7.00055  255 255 255
-16.0307 -23.199 32.5362  255 255 255
-5.00487 -26.9534 36.3977  255 255 255
-4.41629 -27.327 36.2809  255 255 255
-26.3439 -19.5801 27.3242  255 255 255
64.3726 -33.3375 1.01609  255 255 255
7.41911 -31.2543 38.2685  255 255 255
65.5909 -34.9505 2.73334  255 255 255
66.256 -35.5625 3.39801  255 255 255
-12.1838 -25.7677 34.5109  255 255 255
67.8335 -37.4184 5.15395  255 255 255
6.09126 -32.4719 39.6843  255 255 255
-24.1713 -22.8114 31.1227  255 255 255
-24.9461 -22.3279 29.1064  255 255 255
-24.1318 -23.3358 31.6768  255 255 255
-21.7133 -24.3403 32.3813  255 255 255
-20.2482 -25.446 33.8056  255 255 255
-40.4579 -4.71662 -24.3736  255 255 255
-19.2156 -25.96 34.1051  255 255 255
-21.9918 -25.0485 31.787  255 255 255
-16.4887 -27.6319 35.8667  255 255 255
64.7308 -40.5682 7.35596  255 255 255
-28.2942 -21.1492 21.6034  255 255 255
-12.7361 -29.3246 37.5602  255 255 255
-0.0122928 -32.6658 37.7203  255 255 255
12.3866 -34.1068 31.0623  255 255 255
13.1757 -34.4438 30.6088  255 255 255
-22.839 -25.8597 30.2947  255 255 255
-8.19125 -31.5037 37.5861  255 255 255
60.3112 -41.8894 9.5459  255 255 255
5.33109 -34.7627 35.2815  255 255 255
-18.8018 -28.0851 32.9725  255 255 255
-37.4829 -12.9583 -15.2695  255 255 255
-49.2353 -10.8796 -16.8725  255 255 255
-24.5112 -27.5599 28.855  255 255 255
-19.7152 -29.4119 30.6135  255 255 255
-14.3049 -32.6922 33.6334  255 255 255
-8.79557 -34.5768 34.5084  255 255 255
-0.467858 -37.0318 33.7763  255 255 255
11.1228 -39.2057 28.1914  255 255 255
-40.273 -17.6008 -9.78363  255 255 255
-58.7403 -12.307 -14.5526  255 255 255
-20.0538 -31.7724 28.6815  255 255 255
-27.5328 -27.9235 18.7926  255 255 255
-25.8178 -29.2236 22.498  255 255 255
-27.0863 -28.9467 21.022  255 255 255
-5.99795 -37.2006 33.6867  255 255 255
-2.19833 -38.1718 33.0017  255 255 255
-9.10598 -36.2634 33.0436  255 255 255
-13.4137 -35.5254 31.5661  255 255 255
-45.0247 -19.7457 -7.34057  255 255 255
5.02768 -41.661 29.3309  255 255 255
-23.0583 -33.1923 24.2362  255 255 255
-61.8898 -17.3176 -8.57747  255 255 255
-21.0442 -34.9184 25.7871  255 255 255
-10.46 -38.9112 30.7373  255 255 255
-19.7508 -35.7508 26.7854  255 255 255
-49.5435 -24.3735 -1.37939  255 255 255
-48.7781 -24.8602 -1.33286  255 255 255
-6.18727 -42.2518 30.1415  255 255 255
-6.22362 -42.2484 30.2145  255 255 255
-6.45765 -43.0924 30.6524  255 255 255
-54.2364 -26.8045 2.05728  255 255 255
-44.5551 -32.1169 6.07803  255 255 255
-10.2921 -48.2004 29.0994  255 255 255
-18.5256 -47.1563 26.8872  255 255 255
1.13395 -57.4379 32.5379  255 255 255
-38.0344 -48.4195 24.6392  255 255 255
4.65989 -63.9845 39.7244  255 255 255
-4.9848 91.9249 -34.1909  255 255 255
-8.455 91.5305 -35.7358  255 255 255
-5.75098 87.1705 -37.1269  255 255 255
11.1194 92.3123 -46.9027  255 255 255
54.4665 104.913 -68.092  255 255 255
43.2906 101.596 -63.1336  255 255 255
43.2906 101.596 -63.1336  255 255 255
47.4006 38.3597 18.3287  255 255 255
3.82827 89.4317 -44.3032  255 255 255
6.78926 90.0669 -45.6746  255 255 255
6.77957 90.0621 -45.6438  255 255 255
-6.73231 85.7199 -39.1273  255 255 255
-13.6299 83.6423 -35.9057  255 255 255
52.3327 55.2082 -6.36838  255 255 255
54.0637 101.938 -69.0453  255 255 255
54.5087 51.7958 -4.18892  255 255 255
-57.4022 70.0178 -13.6887  255 255 255
-38.7618 75.0218 -23.4664  255 255 255
57.267 101.846 -73.1281  255 255 255
52.7701 30.8604 23.5662  255 255 255
-63.1406 67.9874 -10.8084  255 255 255
-51.0657 71.2126 -17.3114  255 255 255
-48.7032 71.852 -18.6834  255 255 255
-48.6673 71.9587 -18.9111  255 255 255
54.4433 50.9229 -5.16947  255 255 255
-47.7744 72.0784 -19.6502  255 255 255
-35.6382 75.1847 -26.1974  255 255 255
-4.3409 83.6454 -43.1095  255 255 255
0.143988 84.8976 -45.375  255 255 255
54.3623 50.4485 -6.47354  255 255 255
-47.2286 71.3079 -20.3221  255 255 255
-51.246 69.9711 -18.5805  255 255 255
-2.28663 83.1439 -44.8689  255 255 255
2.85451 84.4914 -47.5223  255 255 255
-56.4832 68.3119 -16.1351  255 255 255
-3.49999 82.5031 -44.8508  255 255 255
-60.0176 66.9659 -14.1676  255 255 255
3.19819 83.8355 -48.6105  255 255 255
3.22583 83.8866 -48.783  255 255 255
-51.875 68.9772 -18.8834  255 255 255
-55.7133 67.7538 -17.1097  255 255 255
-59.7549 66.4216 -15.3166  255 255 255
-59.7549 66.4216 -15.3166  255 255 255
51.9177 96.0642 -75.1005  255 255 255
51.209 28.4114 19.4335  255 255 255
-48.8917 68.387 -21.8857  255 255 255
-50.0007 67.9433 -22.2054  255 255 255
-32.249 72.2574 -31.5974  255 255 255
-59.7021 64.4565 -16.7967  255 255 255
40.0649 90.0495 -71.591  255 255 255
40.019 89.938 -71.4253  255 255 255
6.64504 81.1221 -53.7107  255 255 255
6.87068 81.5327 -54.4825  255 255 255
57.0874 41.4881 -5.71239  255 255 255
28.2549 85.3528 -66.7571  255 255 255
49.8504 31.871 8.41285  255 255 255
49.8504 31.871 8.41285  255 255 255
55.2035 21.4878 22.6636  255 255 255
-60.4029 62.4442 -18.0359  255 255 255
-18.7003 72.4901 -41.7853  255 255 255
-18.6969 72.4918 -41.7918  255 255 255
36.6882 87.6146 -74.2478  255 255 255
-11.8462 73.853 -45.985  255 255 255
-11.8462 73.853 -45.985  255 255 255
-19.9779 71.061 -42.1087  255 255 255
-19.9784 71.0623 -42.1078  255 255 255
-19.9826 71.0326 -42.0447  255 255 255
52.6939 25.3176 13.6649  255 255 255
51.6788 24.7392 14.71  255 255 255
-37.1377 66.3278 -32.998  255 255 255
-49.2137 63.7524 -26.8464  255 255 255
-67.0796 58.6148 -15.4278  255 255 255
-30.0314 67.8027 -37.5015  255 255 255
-29.4342 67.1128 -38.5278  255 255 255
49.0322 27.3444 7.26364  255 255 255
53.0349 22.1539 13.396  255 255 255
53.0349 22.1539 13.396  255 255 255
-46.1023 60.8652 -27.3366  255 255 255
-49.286 61.1803 -28.1089  255 255 255
19.0536 77.7102 -70.3156  255 255 255
17.5349 75.648 -66.7547  255 255 255
17.5692 75.7093 -66.8922  255 255 255
53.3119 21.025 12.5178  255 255 255
-56.258 59.3145 -25.0498  255 255 255
63.7914 85.7354 -93.2625  255 255 255
74.4921 87.5627 -99.0419  255 255 255
-67.3326 56.2585 -18.7134  255 255 255
-69.5038 55.4478 -17.5343  255 255 255
-69.5038 55.4478 -17.5343  255 255 255
-23.8577 65.9154 -45.4114  255 255 255
55.268 34.7208 -12.3253  255 255 255
-57.1162 57.6567 -25.4015  255 255 255
-60.0443 56.6107 -24.3042  255 255 255
-54.5782 57.567 -27.4276  255 255 255
-63.8142 55.5778 -22.1472  255 255 255
-10.5679 66.4437 -53.7474  255 255 255
-61.5456 55.3067 -24.1244  255 255 255
30.3638 73.4746 -78.9441  255 255 255
-61.6123 54.3749 -24.5757  255 255 255
56.346 13.7148 15.0059  255 255 255
50.7504 36.7847 -23.4322  255 255 255
50.5999 36.6121 -23.218  255 255 255
-8.4204 64.3751 -56.9132  255 255 255
67.5354 80.5646 -102.607  255 255 255
74.8454 80.6968 -105.963  255 255 255
71.7199 79.7826 -104.954  255 255 255
51.2651 33.7378 -22.8183  255 255 255
48.4401 19.7825 0.513227  255 255 255
53.6345 14.1022 8.81345  255 255 255
50.0753 34.2471 -26.5537  255 255 255
51.5193 31.7686 -22.7065  255 255 255
-4.22616 60.2643 -64.2117  255 255 255
-6.84499 59.2045 -63.0026  255 255 255
65.0178 -1.01915 25.1642  255 255 255
13.1735 60.9514 -74.5465  255 255 255
11.8723 60.5429 -74.0484  255 255 255
13.8173 60.5692 -76.882  255 255 255
50.9479 11.9061 1.30772  255 255 255
53.4578 8.81877 4.90472  255 255 255
55.3534 19.1323 -19.0313  255 255 255
-64.8857 43.03 -27.7291  255 255 255
-20.2243 50.7959 -58.4585  255 255 255
36.5084 60.5376 -95.7974  255 255 255
-62.3054 44.494 -32.9723  255 255 255
31.8308 58.9794 -92.9433  255 255 255
52.973 21.9161 -27.5981  255 255 255
54.1036 5.13264 4.47199  255 255 255
65.9551 -7.02653 23.4463  255 255 255
65.9551 -7.02653 23.4463  255 255 255
51.226 21.9614 -31.2137  255 255 255
48.7196 9.66851 -5.5939  255 255 255
56.1075 1.83619 6.21515  255 255 255
53.8959 18.4519 -27.3644  255 255 255
-25.6003 46.7638 -57.0922  255 255 255
49.6765 7.32061 -4.36776  255 255 255
59.3744 -2.57398 10.9276  255 255 255
-61.8257 40.6474 -36.7447  255 255 255
-61.8313 40.6752 -36.7693  255 255 255
50.2733 4.38767 -5.22466  255 255 255
-13.0925 45.604 -70.7107  255 255 255
-64.1982 38.8046 -36.597  255 255 255
49.6606 4.06797 -7.12597  255 255 255
49.7465 4.08684 -7.22828  255 255 255
-54.9789 39.6772 -43.0843  255 255 255
57.496 -4.0762 5.19632  255 255 255
-59.1508 37.6172 -41.5949  255 255 255
14.4637 43.1475 -84.5786  255 255 255
20.2549 39.0277 -78.2491  255 255 255
-18.5562 40.7923 -66.8488  255 255 255
54.9685 -3.36823 0.348236  255 255 255
62.3893 -10.3539 12.0234  255 255 255
12.5243 38.2819 -76.6877  255 255 255
63.1727 -11.4055 13.1016  255 255 255
62.4355 -11.567 11.2789  255 255 255
58.1303 -8.27697 4.05996  255 255 255
56.9326 -7.8842 1.67644  255 255 255
-17.471 38.6932 -73.5729  255 255 255
59.8961 -10.677 6.49221  255 255 255
59.8924 -10.6726 6.49411  255 255 255
-43.323 35.7004 -55.5373  255 255 255
-15.9729 -4.68001 25.1623  255 255 255
-15.9575 -4.66364 25.1186  255 255 255
-13.3558 -7.26368 29.3778  255 255 255
7.70458 -13.4984 34.5181  255 255 255
0.67175 30.912 -67.5743  255 255 255
60.5176 -13.0946 6.18878  255 255 255
57.113 -10.2182 0.187328  255 255 255
65.0901 -17.3104 13.2587  255 255 255
1.43122 -14.4459 35.6934  255 255 255
-13.8429 -9.62976 30.405  255 255 255
61.5575 -14.8087 7.05292  255 255 255
-17.0316 -1.72828 11.7268  255 255 255
-15.0624 -9.34244 29.1187  255 255 255
-15.0363 -9.33242 29.0599  255 255 255
2.73642 -16.1978 35.0098  255 255 255
3.88322 -17.3859 36.6745  255 255 255
63.4627 -18.3782 8.70868  255 255 255
-15.0026 -11.0976 29.9377  255 255 255
-15.0104 -11.1025 29.9398  255 255 255
1.1506 -17.4805 36.2891  255 255 255
-18.7114 -8.40401 23.3791  255 255 255
58.7458 -15.466 0.492881  255 255 255
58.6852 -15.4685 0.576434  255 255 255
-22.3615 -1.73842 6.64582  255 255 255
57.404 -15.8871 -2.92345  255 255 255
-9.17384 -16.5253 34.3078  255 255 255
-13.096 -15.3581 32.3421  255 255 255
-11.6422 -16.2052 33.2713  255 255 255
60.8333 -21.4599 0.871219  255 255 255
60.7194 -21.4858 1.00951  255 255 255
-26.6296 -7.01962 12.4572  255 255 255
63.8688 -24.0077 5.15394  255 255 255
-28.8468 -8.41721 16.097  255 255 255
-2.53389 -21.0937 35.7791  255 255 255
-15.8884 -16.6115 30.0338  255 255 255
-15.877 -16.6027 30.0099  255 255 255
60.2655 -22.7518 -1.39017  255 255 255
60.2832 -22.716 -1.43742  255 255 255
-27.3464 -9.91863 16.5858  255 255 255
-27.3739 -9.8599 16.5789  255 255 255
-13.0382 -18.5988 32.2244  255 255 255
-23.1053 -14.109 24.5289  255 255 255
62.7205 -25.6606 1.25951  255 255 255
-26.6278 -12.0219 19.2847  255 255 255
-22.0663 -15.7363 26.1134  255 255 255
61.059 -25.4833 -1.5555  255 255 255
-26.8408 -18.0638 26.1105  255 255 255
-16.8468 -22.323 32.0976  255 255 255
-30.0746 -17.077 24.2959  255 255 255
-27.9734 -17.9839 24.5712  255 255 255
-8.53415 -26.5277 35.3475  255 255 255
13.5 -31.5893 32.9778  255 255 255
65.5572 -35.1015 1.50994  255 255 255
-29.1645 -18.7736 23.5528  255 255 255
12.6494 -31.6751 32.8448  255 255 255
-25.63 -21.9837 27.2487  255 255 255
1.31817 -32.7812 38.5831  255 255 255
5.31313 -33.3987 36.4599  255 255 255
11.7105 -34.6231 31.2547  255 255 255
14.3029 -35.1145 29.482  255 255 255
-36.7464 -11.2059 -17.4643  255 255 255
-46.0274 -8.50614 -19.8624  255 255 255
-35.8581 -12.0295 -16.6873  255 255 255
-39.5378 -11.8452 -16.8736  255 255 255
-16.9446 -29.8161 33.3992  255 255 255
-12.4167 -31.5032 35.479  255 255 255
-59.6918 -7.8291 -19.5733  255 255 255
5.52649 -36.7424 33.7776  255 255 255
-26.9517 -25.615 21.8362  255 255 255
-48.3784 -13.9728 -13.3531  255 255 255
-46.5917 -14.729 -13.274  255 255 255
-3.49677 -36.4663 34.7608  255 255 255
-41.7971 -17.9827 -9.01997  255 255 255
-25.2501 -29.4359 22.4857  255 255 255
-11.5327 -36.1248 32.0448  255 255 255
-46.9268 -19.4106 -7.56477  255 255 255
-2.45558 -39.3221 32.215  255 255 255
-53.5067 -18.0599 -8.04166  255 255 255
-12.4398 -37.6541 30.0877  255 255 255
-48.0242 -21.8955 -4.52906  255 255 255
-5.87345 -40.214 31.2902  255 255 255
-61.6707 -19.3345 -6.21716  255 255 255
-12.6054 -38.4989 29.7447  255 255 255
-58.6572 -20.5204 -4.65999  255 255 255
-47.2724 -25.0574 -0.906628  255 255 255
-44.1438 -26.0828 0.0168673  255 255 255
-53.1599 -24.0616 -1.58827  255 255 255
-62.2693 -23.1816 -2.14921  255 255 255
-48.1343 -29.408 4.12522  255 255 255
-45.2151 -30.7742 5.40446  255 255 255
-50.0043 -31.1561 6.48108  255 255 255
5.18903 -52.5462 30.2601  255 255 255
-54.6937 -34.5544 12.3864  255 255 255
14.1799 -59.5036 36.2752  255 255 255
14.1688 -59.6125 34.0452  255 255 255
-1.97648 -56.5135 31.7341  255 255 255
3.06885 -57.9542 28.6761  255 255 255
3.21033 94.4614 -37.7962  255 255 255
8.63474 94.7519 -43.3555  255 255 255
47.8775 105.987 -63.0408  255 255 255
50.4145 58.4066 -8.1023  255 255 255
-15.9412 83.8864 -34.1868  255 255 255
-50.0727 72.4448 -16.8191  255 255 255
21.7657 92.0938 -56.0374  255 255 255
-54.5302 69.7708 -15.8477  255 255 255
-50.1556 71.6153 -18.9673  255 255 255
-40.5411 73.1551 -23.8241  255 255 255
19.9479 89.9997 -57.818  255 255 255
28.6491 91.1435 -62.7805  255 255 255
55.5135 27.6945 22.1669  255 255 255
-54.3019 68.4356 -18.1413  255 255 255
-30.9659 73.694 -31.8076  255 255 255
54.6102 27.7015 20.1755  255 255 255
-55.0827 67.264 -18.6781  255 255 255
-58.8201 66.1177 -16.5134  255 255 255
-55.7177 66.2464 -19.1578  255 255 255
90.1074 103.727 -98.2956  255 255 255
53.2012 25.6349 15.6257  255 255 255
50.5044 45.78 -17.5317  255 255 255
-59.3051 61.0173 -20.7232  255 255 255
-20.5537 69.8927 -43.1365  255 255 255
-22.8555 66.3085 -43.3374  255 255 255
-60.3141 57.1925 -22.8411  255 255 255
-70.5803 53.8741 -17.6779  255 255 255
56.8221 31.5393 -11.7636  255 255 255
-53.949 56.9068 -28.6823  255 255 255
56.0727 9.33193 24.3374  255 255 255
-70.0568 54.1799 -20.5415  255 255 255
52.9847 78.3229 -90.9829  255 255 255
0.671881 67.2652 -61.63  255 255 255
56.8442 13.004 15.9508  255 255 255
56.8295 76.3798 -95.9566  255 255 255
17.0544 67.4419 -74.2942  255 255 255
51.0179 16.0269 4.84235  255 255 255
57.8716 8.97492 14.8223  255 255 255
47.4241 16.8102 -2.33407  255 255 255
53.662 9.58117 5.92364  255 255 255
56.5901 6.42735 10.4856  255 255 255
4.43201 57.7804 -70.3978  255 255 255
1.77704 56.9571 -69.5592  255 255 255
47.8866 12.5854 -5.24408  255 255 255
57.5668 2.54919 11.6753  255 255 255
9.69082 56.7879 -78.0062  255 255 255
10.6453 55.4452 -78.422  255 255 255
-6.18329 52.6701 -68.1819  255 255 255
9.43884 54.804 -79.6437  255 255 255
54.1183 17.2454 -27.9116  255 255 255
-41.7825 44.5838 -50.0283  255 255 255
-5.96115 1.07779 24.2412  255 255 255
-18.0128 47.2079 -66.0792  255 255 255
7.16575 -2.20387 24.7176  255 255 255
-8.493 -8.33293 33.1403  255 255 255
71.9226 -13.2632 10.2552  255 255 255
64.5961 -14.1982 13.7054  255 255 255
64.6889 -14.1972 13.5931  255 255 255
-9.10459 -10.0259 33.6632  255 255 255
-16.6001 -6.31764 25.9254  255 255 255
-16.5847 -6.30389 25.8834  255 255 255
9.6528 -17.8178 32.7197  255 255 255
56.1913 -13.0056 -3.98337  255 255 255
-41.0381 28.9565 -61.4682  255 255 255
64.4565 -21.4636 8.34264  255 255 255
62.2426 -19.7552 4.92591  255 255 255
-15.419 -13.4203 30.3484  255 255 255
-15.3789 -13.413 30.2827  255 255 255
24.4284 -23.7729 28.1426  255 255 255
60.2817 -21.7913 -0.445387  255 255 255
-26.3431 -8.94738 15.204  255 255 255
-26.3431 -8.94738 15.204  255 255 255
66.1705 -27.3755 9.13431  255 255 255
-29.267 -9.42455 15.9582  255 255 255
17.3249 -29.0898 34.633  255 255 255
-28.8919 -14.9876 12.3118  255 255 255
-26.6424 -19.9627 26.4126  255 255 255
-24.0236 -21.8988 30.3471  255 255 255
-26.3294 -20.9564 26.1205  255 255 255
-24.2288 -24.0676 31.6191  255 255 255
6.09766 -33.4434 37.9162  255 255 255
-28.9558 -18.6867 15.1574  255 255 255
-18.2161 -27.2666 34.0342  255 255 255
-38.5467 -10.3369 -18.6452  255 255 255
-28.9165 -24.8692 18.1655  255 255 255
-42.1763 -14.6639 -12.8883  255 255 255
-24.6674 -27.9633 25.7319  255 255 255
-16.4167 -32.4355 31.9427  255 255 255
-26.9192 -26.9637 19.5372  255 255 255
36.3071 -43.0628 13.9452  255 255 255
-18.0453 -33.9126 29.1387  255 255 255
-0.424703 -40.1736 31.4808  255 255 255
-57.3906 -24.0956 -1.11347  255 255 255
-57.3591 -24.1313 -1.59672  255 255 255
-6.4044 -42.5584 29.3338  255 255 255
-56.9265 -28.9423 3.64959  255 255 255
9.29645 -52.464 29.4688  255 255 255
-52.7837 -35.5845 11.4469  255 255 255
2.11633 -55.0759 31.258  255 255 255
7.88548 -63.7001 39.4004  255 255 255
-0.504851 -61.6861 37.6568  255 255 255
0.789768 -62.1325 37.6948  255 255 255
-6.63956 89.8997 -34.0429  255 255 255
27.8609 99.2831 -53.7576  255 255 255
4.17571 91.0782 -42.7164  255 255 255
49.4761 37.6243 16.1236  255 255 255
49.6853 58.5498 -12.5813  255 255 255
-39.018 73.3096 -23.4748  255 255 255
49.5565 55.0346 -15.2731  255 255 255
-6.4591 81.2829 -44.1332  255 255 255
-2.25186 80.938 -47.1405  255 255 255
20.4419 85.9928 -59.8798  255 255 255
38.1775 88.4877 -72.0574  255 255 255
55.8617 38.4658 -5.68531  255 255 255
49.1861 28.3422 8.36995  255 255 255
-36.5582 64.6776 -33.5099  255 255 255
50.3976 25.3713 9.47511  255 255 255
51.2055 24.3895 10.5123  255 255 255
48.7906 23.3014 4.25681  255 255 255
26.4557 74.3173 -75.308  255 255 255
58.0681 10.5682 16.2417  255 255 255
50.7258 33.6359 -24.1497  255 255 255
50.7258 33.6359 -24.1497  255 255 255
20.9763 65.1873 -78.1094  255 255 255
46.9229 68.5677 -96.0353  255 255 255
47.5654 14.1513 -2.57718  255 255 255
54.8774 21.9041 -24.0754  255 255 255
58.2925 0.717233 11.4421  255 255 255
44.9958 59.6217 -101.512  255 255 255
52.974 5.73537 2.29605  255 255 255
52.974 5.73537 2.29605  255 255 255
-27.097 47.0927 -56.324  255 255 255
18.503 52.3047 -89.6126  255 255 255
15.5396 51.0273 -87.8618  255 255 255
-13.6251 -0.56356 25.4276  255 255 255
-16.6637 42.8283 -67.2876  255 255 255
-17.1775 42.0248 -64.9356  255 255 255
49.0658 1.6767 -10.2042  255 255 255
-11.5697 -6.64654 30.4982  255 255 255
51.8121 -3.48975 -7.41938  255 255 255
65.9104 -12.9955 8.93248  255 255 255
-20.2137 -2.64756 12.0627  255 255 255
-18.6181 -3.62369 13.3312  255 255 255
62.2484 -17.7995 6.52224  255 255 255
62.1684 -17.8238 6.60892  255 255 255
61.9584 -21.0487 4.36823  255 255 255
-18.2691 -12.4673 26.8348  255 255 255
-17.4474 -13.3721 27.9226  255 255 255
22.4457 -24.8752 29.4153  255 255 255
66.4964 -28.7013 5.73434  255 255 255
68.3279 -26.9029 -2.63394  255 255 255
-27.5081 -19.6747 24.7549  255 255 255
-24.8722 -23.7051 27.7293  255 255 255
-26.2478 -22.8271 25.067  255 255 255
-5.50816 -34.9338 36.1902  255 255 255
11.1885 -37.804 29.1275  255 255 255
-40.139 -15.1304 -12.1867  255 255 255
6.86762 -38.8704 31.6545  255 255 255
-5.02325 -36.8681 35.6364  255 255 255
-25.8221 -27.858 19.6621  255 255 255
-28.2453 -27.2446 16.5589  255 255 255
-52.5028 -16.1454 -10.5717  255 255 255
-19.5462 -32.9141 27.9934  255 255 255
-8.73124 -37.9613 31.4395  255 255 255
-1.60261 -40.8354 30.7282  255 255 255
-16.8309 -38.6356 28.3608  255 255 255
-47.6416 -27.1037 0.759581  255 255 255
-46.6653 -29.9171 4.48983  255 255 255
15.2136 -51.8396 26.6081  255 255 255
2.91387 -49.5873 28.8122  255 255 255
7.16451 -56.0584 30.7961  255 255 255
7.16451 -56.0584 30.7961  255 255 255
50.5503 35.5882 15.1184  255 255 255
-10.4073 80.0101 -41.7056  255 255 255
24.7303 89.8826 -61.4426  255 255 255
21.4821 89.0297 -59.9956  255 255 255
2.93527 82.3009 -49.5974  255 255 255
23.9434 86.148 -62.7382  255 255 255
23.782 85.9165 -62.2944  255 255 255
58.7158 20.1739 23.4499  255 255 255
85.1813 97.3749 -96.657  255 255 255
-18.6522 70.6161 -44.4305  255 255 255
-23.5776 67.962 -42.2393  255 255 255
48.9332 41.2964 -23.8115  255 255 255
55.0819 81.2137 -90.8466  255 255 255
-7.63871 65.3971 -56.1146  255 255 255
57.336 30.7879 -14.835  255 255 255
57.4097 28.4206 -12.8604  255 255 255
18.6475 66.8193 -77.76  255 255 255
-24.1664 54.7576 -54.1107  255 255 255
57.9546 -4.4104 18.9438  255 255 255
61.6209 -3.40272 15.5947  255 255 255
64.7328 -9.83461 18.9536  255 255 255
-13.9357 43.9202 -73.0217  255 255 255
59.4023 -8.42513 7.06406  255 255 255
-0.372813 -14.613 35.8556  255 255 255
98.8875 -15.7538 -15.8568  255 255 255
-16.5804 -12.817 30.3296  255 255 255
-21.8488 -7.61712 17.8551  255 255 255
-3.42439 -20.1537 35.7025  255 255 255
63.2577 -24.7752 4.07711  255 255 255
63.6109 -30.5522 1.65061  255 255 255
65.4721 -32.9709 4.39475  255 255 255
-28.5875 -17.6276 23.4649  255 255 255
-14.4292 -31.7963 35.788  255 255 255
4.29075 -37.9868 32.4154  255 255 255
10.0219 -39.3185 29.1151  255 255 255
-6.27608 -41.4901 30.7412  255 255 255
-15.9206 -38.9958 28.5589  255 255 255
-15.9307 -38.9902 28.628  255 255 255
-16.364 -41.1619 27.5842  255 255 255
19.2117 -51.5681 25.9761  255 255 255
16.2945 -52.0413 27.8706  255 255 255
-39.4015 -34.943 11.8503  255 255 255
-32.4909 -44.2211 21.9245  255 255 255
-10.1283 85.2247 -37.6285  255 255 255
51.2701 55.7794 -10.0189  255 255 255
56.0554 38.0766 -1.06189  255 255 255
23.1426 77.0933 -70.2697  255 255 255
23.1217 77.0324 -70.1838  255 255 255
57.9742 80.0313 -96.0299  255 255 255
-70.9165 51.6453 -18.7424  255 255 255
23.5548 71.303 -76.914  255 255 255
26.3695 69.6327 -79.311  255 255 255
-7.86886 53.9022 -63.9542  255 255 255
-8.10683 0.725685 25.8592  255 255 255
-17.8617 44.5011 -65.5183  255 255 255
-7.90686 45.4414 -75.4325  255 255 255
-13.1579 -11.0915 31.5012  255 255 255
60.1794 -14.6951 3.06145  255 255 255
-23.4243 -22.9771 31.2486  255 255 255
-14.7417 -28.1803 36.993  255 255 255
-25.3797 -28.0408 23.8005  255 255 255
-16.1123 -33.2829 31.9186  255 255 255
-14.0482 -35.2897 31.8614  255 255 255
-20.5778 -33.4377 27.115  255 255 255
0.313681 -47.6269 30.0004  255 255 255
12.3578 96.0205 -46.0719  255 255 255
-4.90066 89.6032 -36.8029  255 255 255
-9.63001 87.0526 -34.9781  255 255 255
15.4392 83.1432 -56.8816  255 255 255
16.4988 85.0655 -59.6977  255 255 255
60.0476 72.524 -100.859  255 255 255
54.6934 25.9672 -21.3242  255 255 255
2.54806 52.8757 -76.3966  255 255 255
-4.7331 -7.10232 32.9741  255 255 255
-24.1671 -26.5882 25.1996  255 255 255
12.9083 -48.375 25.574  255 255 255
12.9083 -48.375 25.574  255 255 255
17.0321 95.6462 -49.0254  255 255 255
0.370795 89.9141 -41.029  255 255 255
0.368609 89.9191 -41.0238  255 255 255
-31.7188 76.5059 -25.6344  255 255 255
19.5958 93.1647 -55.4907  255 255 255
54.6469 43.4758 3.78411  255 255 255
-0.861059 78.0515 -49.3798  255 255 255
-1.13278 74.1367 -54.1479  255 255 255
-1.2161 74.0132 -53.8237  255 255 255
-26.2336 -21.1596 26.781  255 255 255
-0.51355 -37.2055 33.9127  255 255 255
-3.74516 -38.9428 32.5983  255 255 255
7.33057 -46.0864 31.9959  255 255 255
0.465262 86.2475 -44.726  255 255 255
53.1239 53.4489 -8.91712  255 255 255
53.627 43.7132 -12.107  255 255 255
16.8778 76.0739 -69.5664  255 255 255
-21.1675 63.5535 -48.6534  255 255 255
36.9163 64.8379 -92.7318  255 255 255
49.3405 65.4546 -100.21  255 255 255
-1.76401 52.7046 -78.287  255 255 255
-3.3631 45.9919 -76.4999  255 255 255
-29.1593 41.5716 -61.6637  255 255 255
-18.1944 -13.1774 26.9167  255 255 255
-22.9558 -12.8292 24.2852  255 255 255
-26.4412 -18.582 27.3389  255 255 255
7.59177 -43.5542 30.906  255 255 255
51.6241 86.7415 -86.5584  255 255 255
-24.5335 50.9487 -54.534  255 255 255
-12.9299 44.8712 -69.374  255 255 255
-12.8988 45.0878 -69.8274  255 255 255
-15.9616 54.4882 -60.451  255 255 255
9.70049 75.9945 -68.2948  255 255 255
-20.4121 120.734 -32.9155  255 255 255
17.9547 135.078 -48.6503  255 255 255
16.0325 134.35 -48.628  255 255 255
18.2177 134.422 -49.33  255 255 255
16.7362 133.969 -49.8757  255 255 255
16.0411 132.269 -50.6199  255 255 255
104.29 226.109 -168.113  255 255 255
16.8231 119.594 -51.9384  255 255 255
-24.0949 94.2788 -31.8649  255 255 255
39.2811 103.906 -56.603  255 255 255
27.7836 99.6093 -53.6597  255 255 255
9.69918 93.8578 -44.8493  255 255 255
-5.609 86.6229 -39.4054  255 255 255
48.5994 60.9543 -11.875  255 255 255
-10.1967 85.1828 -37.2528  255 255 255
53.679 53.9357 -3.54655  255 255 255
-4.06026 85.156 -41.7221  255 255 255
49.9025 36.7061 16.6934  255 255 255
7.57957 88.0153 -47.5579  255 255 255
56.3054 49.6319 -1.978  255 255 255
53.2414 33.9416 19.4624  255 255 255
48.6059 58.5634 -14.6085  255 255 255
89.2447 109.09 -89.9491  255 255 255
41.7035 99.6063 -72.6271  255 255 255
49.7934 35.2131 12.3631  255 255 255
-14.081 79.0184 -39.6607  255 255 255
46.1669 95.5466 -70.889  255 255 255
55.7579 27.0512 22.4215  255 255 255
-52.3839 67.9748 -19.5093  255 255 255
37.1006 92.3852 -66.782  255 255 255
48.9371 54.7101 -15.9666  255 255 255
35.2989 92.1473 -66.4325  255 255 255
-51.1087 67.4085 -20.7832  255 255 255
51.059 51.0344 -13.6238  255 255 255
52.5247 29.0359 16.7593  255 255 255
41.0881 91.6439 -70.3131  255 255 255
24.4642 87.2864 -62.3318  255 255 255
-28.7414 72.5236 -33.9528  255 255 255
55.1032 44.8957 -7.99076  255 255 255
55.1032 44.8957 -7.99076  255 255 255
-6.14929 77.2684 -47.3159  255 255 255
50.3491 29.7231 12.1788  255 255 255
52.2377 27.9767 14.2303  255 255 255
29.4021 86.4029 -66.7425  255 255 255
50.3418 48.0746 -17.0409  255 255 255
54.2966 23.6759 16.7842  255 255 255
-48.0654 64.3332 -25.7285  255 255 255
20.5798 81.7743 -64.3462  255 255 255
29.97 83.6898 -69.1803  255 255 255
23.9183 81.7054 -66.0835  255 255 255
53.0364 42.3753 -14.1832  255 255 255
-42.1736 64.0705 -30.7913  255 255 255
-42.1807 64.1107 -30.7482  255 255 255
57.2131 86.7494 -86.4742  255 255 255
54.1212 20.5715 14.215  255 255 255
-29.3478 65.7139 -39.6679  255 255 255
58.29 14.9178 20.1843  255 255 255
15.2803 75.4682 -65.5827  255 255 255
56.5472 34.5073 -10.6299  255 255 255
58.562 13.9011 19.9067  255 255 255
-1.20425 70.759 -57.072  255 255 255
-25.4206 64.8413 -43.0497  255 255 255
54.8978 36.1331 -14.9338  255 255 255
82.7834 89.0776 -104.766  255 255 255
62.2328 82.4965 -94.1298  255 255 255
38.5899 77.9046 -81.9711  255 255 255
55.2856 15.3788 13.7688  255 255 255
6.69408 69.3296 -64.0411  255 255 255
53.5964 16.5188 10.7564  255 255 255
53.292 16.3249 11.0775  255 255 255
56.5005 29.8722 -12.6483  255 255 255
49.2831 38.352 -25.4334  255 255 255
39.4159 74.6298 -84.7833  255 255 255
56.0723 11.8419 12.765  255 255 255
50.6982 16.0282 3.6643  255 255 255
51.5285 31.2491 -24.3417  255 255 255
52.3274 30.16 -23.1869  255 255 255
57.5061 6.15965 12.7682  255 255 255
52.9115 26.468 -24.0297  255 255 255
49.1191 30.6695 -30.8683  255 255 255
49.4094 30.8766 -31.297  255 255 255
52.3191 10.2513 3.41341  255 255 255
40.5077 66.0022 -93.8081  255 255 255
49.8611 11.7426 -1.25201  255 255 255
19.3739 61.2425 -81.8958  255 255 255
55.1622 20.923 -20.7061  255 255 255
-23.6763 52.8176 -55.4733  255 255 255
49.8591 26.7771 -31.1847  255 255 255
52.376 8.00769 2.11304  255 255 255
52.1625 8.26683 1.69723  255 255 255
53.0353 23.0192 -26.2726  255 255 255
51.5135 8.37525 0.435394  255 255 255
51.4648 8.37333 0.487884  255 255 255
57.4984 1.97665 9.93165  255 255 255
56.1367 2.39242 6.82611  255 255 255
29.9323 58.7292 -90.8179  255 255 255
60.7757 -2.64629 13.7171  255 255 255
23.8234 57.0705 -88.4197  255 255 255
54.4299 18.4012 -26.2389  255 255 255
59.9678 -3.76799 11.2983  255 255 255
-12.04 49.9513 -67.4525  255 255 255
61.159 -5.31545 12.9407  255 255 255
63.5705 -7.32967 15.808  255 255 255
61.2804 -5.665 13.2775  255 255 255
51.6125 3.74434 -2.05016  255 255 255
51.5389 3.68031 -2.47748  255 255 255
59.7779 -4.55464 10.3378  255 255 255
53.4507 1.54262 0.317776  255 255 255
57.9832 -3.95348 7.45974  255 255 255
51.7276 1.76552 -3.55371  255 255 255
59.8847 -6.61019 9.28709  255 255 255
57.0099 -4.03977 4.62095  255 255 255
57.0618 -4.29406 4.74332  255 255 255
54.855 -2.29672 0.87973  255 255 255
-11.2105 45.8859 -71.5981  255 255 255
-11.2105 45.8859 -71.5981  255 255 255
68.2448 -16.7229 22.3128  255 255 255
61.7832 -10.4216 11.2427  255 255 255
4.59747 46.3584 -83.5333  255 255 255
-9.03001 44.4509 -74.3159  255 255 255
59.4376 -8.47236 7.10626  255 255 255
54.4268 -3.45592 -1.19522  255 255 255
54.4205 -3.45093 -1.19332  255 255 255
57.7837 -6.58458 3.15014  255 255 255
69.3985 -19.063 23.0647  255 255 255
-0.315893 44.0755 -81.1194  255 255 255
56.6018 -7.01369 1.69204  255 255 255
-10.5711 -7.11089 31.2056  255 255 255
-12.1769 -6.38338 29.736  255 255 255
58.1912 -9.06017 3.75769  255 255 255
56.4794 -7.57486 0.80522  255 255 255
59.9216 -11.2589 6.14912  255 255 255
69.4398 -20.8582 22.3169  255 255 255
60.9015 -12.2928 7.86801  255 255 255
60.1 -11.6481 6.32848  255 255 255
-7.50607 -10.3011 34.2952  255 255 255
59.2701 -11.1651 4.65928  255 255 255
59.2446 -11.2914 4.32342  255 255 255
-0.434365 -13.2128 35.9435  255 255 255
57.6661 -10.2841 1.60718  255 255 255
6.48467 -14.3598 34.4045  255 255 255
70.4224 -23.2297 23.0421  255 255 255
61.3795 -14.1496 6.98649  255 255 255
-67.6604 -29.26 101.588  255 255 255
57.3143 -11.052 0.394637  255 255 255
-16.879 -6.6007 25.7427  255 255 255
-14.9607 -8.37544 28.9179  255 255 255
58.3154 -12.4738 1.76261  255 255 255
61.5575 -15.4939 6.73362  255 255 255
57.4418 -12.0673 -0.130147  255 255 255
0.430907 -16.0096 36.166  255 255 255
56.7674 -12.2093 -1.47719  255 255 255
-17.6875 -0.61077 9.6314  255 255 255
66.2182 -25.9291 24.5472  255 255 255
56.6865 -12.1699 -2.22232  255 255 255
-17.0001 -8.61669 26.8116  255 255 255
7.06182 -17.2974 34.2424  255 255 255
58.3039 -14.4885 0.312513  255 255 255
59.6403 -15.7734 2.04854  255 255 255
60.0192 -16.2765 2.52944  255 255 255
57.1772 -13.8105 -1.97753  255 255 255
58.8742 -16.5073 0.459272  255 255 255
-19.4904 -7.60368 21.579  255 255 255
60.6738 -18.361 2.56712  255 255 255
60.6603 -18.3366 2.54883  255 255 255
-17.8015 -10.5933 26.7561  255 255 255
17.0197 -19.3415 28.2261  255 255 255
58.8809 -17.3425 -0.408781  255 255 255
59.2152 -17.6524 -0.122912  255 255 255
-14.7399 -13.6779 30.8504  255 255 255
-21.7313 -6.93488 17.3996  255 255 255
57.9596 -17.9366 -2.34512  255 255 255
-3.53604 -19.5725 35.735  255 255 255
-10.3727 -17.2958 33.9492  255 255 255
23.4877 -22.4378 26.5644  255 255 255
-19.4859 -11.5372 24.2131  255 255 255
4.33992 -21.3527 34.5542  255 255 255
-17.7611 -13.7171 27.6108  255 255 255
59.8367 -21.6801 -0.845143  255 255 255
62.6537 -24.2572 3.13729  255 255 255
19.9759 -24.0749 28.9201  255 255 255
21.4228 -24.7462 29.5763  255 255 255
-6.96395 -20.8925 34.868  255 255 255
-12.2693 -18.8682 32.7376  255 255 255
64.125 -27.4699 3.66316  255 255 255
57.195 -21.5411 -7.22571  255 255 255
-8.85369 -20.9715 34.033  255 255 255
-67.3723 -31.7781 98.9712  255 255 255
-16.4011 -19.9217 32.0105  255 255 255
11.5138 -28.0469 34.2688  255 255 255
-14.0987 -22.2065 34.3697  255 255 255
60.3775 -27.9873 -4.38654  255 255 255
60.5453 -27.9943 -4.54707  255 255 255
-16.4772 -21.5082 32.6845  255 255 255
-18.8556 -20.4898 31.0329  255 255 255
1.03509 -27.5398 35.8652  255 255 255
-68.061 -32.2792 98.974  255 255 255
70.1464 -37.4261 12.0559  255 255 255
-29.6002 -12.4019 13.9842  255 255 255
-7.84621 -25.6046 35.9353  255 255 255
-13.265 -24.0784 34.4766  255 255 255
-1.66411 -27.8096 35.8821  255 255 255
-25.8309 -18.1348 25.7888  255 255 255
-7.3979 -26.6483 35.6262  255 255 255
-7.04829 -26.8636 35.7211  255 255 255
-37.8377 4.6737 -35.0115  255 255 255
-9.36684 -26.3129 35.2165  255 255 255
3.01396 -30.6287 37.8611  255 255 255
-24.7938 -20.3583 28.4609  255 255 255
67.6575 -37.4877 4.4605  255 255 255
-27.8901 -18.6455 24.3626  255 255 255
-23.6933 -22.7005 31.3279  255 255 255
-4.29732 -30.1425 37.9987  255 255 255
-23.482 -22.9494 31.6255  255 255 255
-23.4765 -23.1469 31.8498  255 255 255
-23.3215 -23.0776 31.5117  255 255 255
5.12318 -32.6359 37.1519  255 255 255
-14.0168 -27.3051 35.6457  255 255 255
-15.2357 -28.0964 36.6564  255 255 255
-14.9324 -28.6919 37.0703  255 255 255
-11.2965 -30.9039 36.6445  255 255 255
-28.6813 -21.2692 20.5089  255 255 255
-13.4604 -30.3856 35.9767  255 255 255
-42.5568 -5.07823 -23.7569  255 255 255
47.5769 -40.7039 9.61632  255 255 255
-1.26394 -34.791 35.8027  255 255 255
5.39842 -36.385 33.9076  255 255 255
-44.543 -6.81374 -21.6587  255 255 255
-42.2783 -7.94126 -20.458  255 255 255
4.77235 -36.5954 33.6307  255 255 255
-26.5812 -24.3994 22.4206  255 255 255
-18.96 -29.627 31.4218  255 255 255
-10.3052 -33.779 34.5524  255 255 255
-11.3166 -33.4755 34.2598  255 255 255
2.38555 -37.859 32.7145  255 255 255
-8.97793 -35.2706 33.371  255 255 255
-18.4778 -32.4362 29.5782  255 255 255
-21.3735 -31.3085 27.3532  255 255 255
-21.1705 -31.6107 27.3438  255 255 255
-7.52685 -37.3647 32.779  255 255 255
-21.923 -32.3543 25.9761  255 255 255
-8.96585 -37.8249 31.8602  255 255 255
-14.0386 222.686 -126.599  255 255 255
17.9283 135.162 -47.5693  255 255 255
16.8645 135.006 -49.4921  255 255 255
-21.2106 118.13 -35.7007  255 255 255
17.8352 131.6 -52.2092  255 255 255
-16.9819 116.512 -38.0245  255 255 255
-21.1521 114.814 -37.9744  255 255 255
1.47187 114.095 -38.6375  255 255 255
16.3977 126.366 -53.8375  255 255 255
-20.2753 113.433 -38.7657  255 255 255
96.3203 225.521 -169.056  255 255 255
-13.2272 108.765 -36.5488  255 255 255
-5.25746 110.765 -40.4748  255 255 255
-13.4462 105.6 -35.2344  255 255 255
-11.1998 100.588 -34.1938  255 255 255
-9.7347 101.208 -34.9106  255 255 255
17.8853 111.891 -49.2119  255 255 255
-12.5319 101.534 -35.508  255 255 255
-9.39724 96.884 -33.3543  255 255 255
1.3759 94.1536 -36.2888  255 255 255
12.447 97.607 -42.2477  255 255 255
19.7899 99.2023 -47.6309  255 255 255
2.82127 92.7518 -39.9797  255 255 255
-7.09762 86.9755 -36.2151  255 255 255
49.3639 103.344 -66.1728  255 255 255
38.6983 100.072 -61.3629  255 255 255
49.6008 58.7413 -8.75575  255 255 255
-36.6039 76.7669 -24.1702  255 255 255
48.6291 38.938 15.6799  255 255 255
-41.1429 74.8845 -22.0022  255 255 255
54.5626 52.0641 -2.76263  255 255 255
54.548 52.1925 -3.41518  255 255 255
50.1492 36.3573 17.2761  255 255 255
19.7891 92.264 -54.0115  255 255 255
-44.3932 73.3043 -21.0759  255 255 255
17.883 92.0359 -53.7209  255 255 255
49.4447 100.074 -69.1237  255 255 255
58.8514 102.041 -73.6252  255 255 255
15.0142 90.0577 -52.3511  255 255 255
34.4392 95.5947 -62.738  255 255 255
-23.0161 78.3288 -32.5681  255 255 255
37.1055 93.7402 -66.1836  255 255 255
41.1732 94.2641 -68.6863  255 255 255
29.226 90.8505 -62.5388  255 255 255
48.612 55.5674 -16.2731  255 255 255
12.1541 86.1567 -53.8237  255 255 255
52.8664 30.1491 17.4289  255 255 255
6.0827 83.8098 -51.4583  255 255 255
6.13298 83.8911 -51.5785  255 255 255
41.6602 92.1634 -70.4451  255 255 255
55.3528 95.7591 -78.0311  255 255 255
41.482 91.0974 -71.4258  255 255 255
-24.6718 73.0385 -36.8506  255 255 255
-19.5274 73.8422 -39.5074  255 255 255
15.7173 81.6891 -59.7586  255 255 255
13.0522 80.1285 -59.091  255 255 255
-20.2525 71.1181 -41.9303  255 255 255
56.054 40.0199 -9.25111  255 255 255
-41.8848 65.3268 -30.0194  255 255 255
-20.3533 70.6858 -42.4889  255 255 255
-46.7804 63.6355 -27.9263  255 255 255
-25.1696 68.8582 -40.1151  255 255 255
48.6277 27.8326 6.37283  255 255 255
-30.5333 65.8303 -37.72  255 255 255
-24.8088 67.0184 -41.7687  255 255 255
47.2784 44.2596 -26.7711  255 255 255
49.5275 80.7395 -86.8593  255 255 255
56.2644 32.2569 -13.2296  255 255 255
29.5714 73.4029 -78.096  255 255 255
58.3055 10.5891 17.5515  255 255 255
58.3055 10.5891 17.5515  255 255 255
29.7853 72.9851 -79.3505  255 255 255
-5.01472 64.1802 -59.6377  255 255 255
53.2034 27.6488 -22.0311  255 255 255
53.2034 27.6488 -22.0311  255 255 255
53.2034 27.6488 -22.0311  255 255 255
58.5815 4.90699 14.1493  255 255 255
43.3969 67.3753 -93.3647  255 255 255
67.4729 67.6373 -106.209  255 255 255
66.7013 67.003 -107.368  255 255 255
66.7013 67.003 -107.368  255 255 255
-34.3704 50.9644 -48.275  255 255 255
60.1281 -1.75307 15.1219  255 255 255
62.2503 -5.59184 15.8065  255 255 255
52.5247 4.16124 0.217527  255 255 255
4.658 -6.67443 32.4981  255 255 255
3.06347 -7.59151 33.6724  255 255 255
-9.7992 -3.25706 28.8561  255 255 255
-10.2081 -3.44498 28.8292  255 255 255
-13.3856 45.8266 -71.6741  255 255 255
-1.6789 -7.7286 33.953  255 255 255
-13.9697 45.7906 -71.7653  255 255 255
-5.38059 -6.58871 32.6128  255 255 255
1.06149 -10.041 35.0228  255 255 255
55.2061 -5.25766 -0.341267  255 255 255
56.7896 -7.17614 2.13559  255 255 255
69.2919 -20.4206 22.3053  255 255 255
60.6806 -12.3174 7.24121  255 255 255
6.51166 -13.297 34.4098  255 255 255
61.7882 -13.8538 8.52717  255 255 255
51.3416 -5.12546 -9.19734  255 255 255
-9.27206 -13.0905 34.212  255 255 255
59.9566 -15.3736 3.85434  255 255 255
60.1152 -15.9994 3.5374  255 255 255
70.9972 -26.7361 21.274  255 255 255
-16.2904 -10.2423 28.3277  255 255 255
61.1311 -17.9271 4.65077  255 255 255
-10.3162 -14.3428 33.9328  255 255 255
-14.2641 -12.3168 30.9288  255 255 255
-5.55965 -16.4588 35.7324  255 255 255
67.0166 -24.087 13.8799  255 255 255
67.0166 -24.087 13.8799  255 255 255
-4.08761 -17.001 36.0199  255 255 255
-13.3333 -13.7899 31.8637  255 255 255
-19.8562 -5.98461 16.4795  255 255 255
7.73421 -19.6608 33.7578  255 255 255
57.0157 -15.9732 -3.63067  255 255 255
69.0951 -27.6812 16.3956  255 255 255
-19.3393 -10.9309 24.224  255 255 255
-18.8027 -11.6559 25.789  255 255 255
-19.2228 -11.2061 24.6369  255 255 255
59.6147 -19.9552 -0.990058  255 255 255
57.8523 -18.9702 -3.62554  255 255 255
-9.86666 -18.304 34.1348  255 255 255
-66.8056 -30.8849 99.4504  255 255 255
-2.95727 -21.4009 35.3283  255 255 255
17.9926 -25.7571 31.08  255 255 255
4.48279 -24.1818 35.0179  255 255 255
-4.97953 -22.5003 34.7065  255 255 255
-67.1837 -31.5428 98.9582  255 255 255
-67.3976 -31.6114 99.1513  255 255 255
-67.507 -31.6582 99.1897  255 255 255
-68.1512 -31.8577 99.6626  255 255 255
-7.21809 -23.5034 35.3374  255 255 255
4.39315 -27.6023 35.6366  255 255 255
-14.163 -22.4002 34.2335  255 255 255
-28.383 -15.5656 23.2644  255 255 255
-36.9892 7.47369 -38.2526  255 255 255
7.05233 -29.9449 36.9065  255 255 255
-24.2491 -17.8264 25.3784  255 255 255
-8.53769 -26.0705 35.5312  255 255 255
-15.9602 -23.5681 32.3398  255 255 255
-22.3149 -21.6276 29.7786  255 255 255
-23.3159 -21.3394 29.6499  255 255 255
-1.43286 -30.4314 38.1513  255 255 255
-17.6657 -24.6588 32.7889  255 255 255
-26.2551 -20.7247 26.7396  255 255 255
-6.69613 -29.7707 37.718  255 255 255
2.55466 -32.6208 37.4529  255 255 255
-7.89439 -29.8966 37.9959  255 255 255
-8.24439 -30.1488 38.2689  255 255 255
-0.933912 -32.5412 37.8426  255 255 255
-8.72182 -31.5998 37.4222  255 255 255
-9.93798 -31.5701 36.7714  255 255 255
-10.9977 -32.196 35.6351  255 255 255
-13.5044 -31.6175 34.8406  255 255 255
-11.0231 -33.3958 34.4713  255 255 255
-13.1752 -32.9388 33.8949  255 255 255
-13.1752 -32.9388 33.8949  255 255 255
-5.49582 -36.2864 34.5592  255 255 255
-40.9137 -14.3726 -13.236  255 255 255
-41.3566 -13.2509 -17.299  255 255 255
-11.1798 -35.9532 32.2018  255 255 255
-12.5371 -35.9271 31.5945  255 255 255
-6.35337 -39.0295 31.9697  255 255 255
-44.4678 -16.8447 -15.3393  255 255 255
-14.2316 217.096 -130.352  255 255 255
-21.2013 121.718 -33.6586  255 255 255
16.8838 135.867 -49.0376  255 255 255
17.0283 133.68 -50.2044  255 255 255
17.8852 128.669 -54.4573  255 255 255
21.9274 113.903 -51.4026  255 255 255
-13.7522 101.986 -36.9199  255 255 255
-10.0004 98.2829 -33.5274  255 255 255
-45.5262 86.5911 -20.0672  255 255 255
-7.30452 93.1688 -32.5108  255 255 255
-46.6096 85.5362 -20.4852  255 255 255
8.89177 96.7829 -40.3181  255 255 255
9.65685 96.3253 -41.3427  255 255 255
36.783 103.021 -55.5892  255 255 255
30.9515 101.397 -53.2882  255 255 255
63.99 108.063 -72.6087  255 255 255
42.8228 101.65 -63.4932  255 255 255
81.4067 113.872 -84.2204  255 255 255
-43.8358 74.576 -20.2777  255 255 255
10.0171 90.0699 -47.8928  255 255 255
16.9866 91.2727 -53.1452  255 255 255
50.4546 35.9643 16.8833  255 255 255
54.2845 31.1372 21.0069  255 255 255
-55.7524 68.4831 -16.4601  255 255 255
11.3507 86.9799 -52.8511  255 255 255
-33.4782 73.4147 -29.7377  255 255 255
63.8445 99.6047 -79.7821  255 255 255
6.60963 84.3282 -51.1105  255 255 255
37.2665 91.9387 -67.0638  255 255 255
-13.9109 77.7257 -41.1782  255 255 255
54.1902 46.1211 -9.67685  255 255 255
51.496 48.5748 -13.5603  255 255 255
65.6331 95.747 -85.3508  255 255 255
54.9291 92.4209 -79.6158  255 255 255
6.90651 80.2778 -55.3161  255 255 255
-49.8482 64.4624 -24.455  255 255 255
38.7801 86.6202 -74.4748  255 255 255
57.5939 90.1998 -84.5089  255 255 255
51.9159 44.0135 -14.8576  255 255 255
51.9549 43.5972 -16.4062  255 255 255
54.8588 88.1975 -83.8727  255 255 255
19.0632 78.869 -64.8609  255 255 255
56.8112 18.6891 19.02  255 255 255
-29.227 66.5379 -39.2977  255 255 255
-22.353 68.0457 -43.1782  255 255 255
40.6407 81.4871 -78.7798  255 255 255
47.8337 44.2312 -24.8105  255 255 255
46.0276 80.9422 -83.4321  255 255 255
56.4079 82.9056 -89.0857  255 255 255
-0.102092 70.0397 -58.5607  255 255 255
51.9086 81.6401 -88.4079  255 255 255
58.7261 12.7081 19.2066  255 255 255
82.0031 87.5334 -104.896  255 255 255
34.6939 76.9018 -79.217  255 255 255
57.8373 11.6489 19.3458  255 255 255
56.4353 80.6007 -93.0142  255 255 255
75.5757 83.1653 -103.9  255 255 255
63.3474 79.3266 -97.9686  255 255 255
15.9281 70.3352 -71.7929  255 255 255
15.9281 70.3352 -71.7929  255 255 255
55.513 26.4788 -18.465  255 255 255
55.8969 25.9062 -17.7934  255 255 255
-39.9194 54.3343 -41.4341  255 255 255
7.8495 59.8043 -66.7252  255 255 255
20.3097 63.4414 -83.0359  255 255 255
47.8302 14.0239 -4.98407  255 255 255
55.0077 21.2487 -22.6214  255 255 255
48.1399 64.6124 -100.653  255 255 255
23.284 58.7514 -86.9954  255 255 255
66.6429 -9.69125 23.0311  255 255 255
-30.4303 47.9699 -54.7054  255 255 255
57.9111 -1.11783 8.7226  255 255 255
61.8832 -5.58969 14.1825  255 255 255
-4.12842 1.90844 22.3702  255 255 255
60.8998 -6.17734 11.7796  255 255 255
3.88904 -6.8366 32.715  255 255 255
5.15108 49.2896 -81.7841  255 255 255
3.18839 -9.409 34.3428  255 255 255
50.3279 1.10478 -7.27856  255 255 255
-18.6231 42.3431 -65.8117  255 255 255
69.041 -18.3768 22.8132  255 255 255
16.4866 36.1056 -74.7103  255 255 255
-15.496 -6.28393 27.1651  255 255 255
61.0075 -13.7965 7.23871  255 255 255
60.1354 -13.295 5.09649  255 255 255
-15.6105 -7.04293 27.5043  255 255 255
-16.4988 -9.16349 27.7035  255 255 255
5.70746 -17.8168 34.8552  255 255 255
-19.3125 -2.63586 12.1884  255 255 255
-17.2565 -10.0087 27.0811  255 255 255
-20.4488 0.476545 3.77701  255 255 255
-0.35135 -17.7005 36.1153  255 255 255
18.1863 -18.1455 26.5917  255 255 255
-20.9052 -4.00059 13.8769  255 255 255
-19.0692 -8.77581 23.8096  255 255 255
57.3704 -15.0814 -3.2337  255 255 255
69.7258 -28.4479 17.3062  255 255 255
69.782 -28.8149 17.4452  255 255 255
-14.2803 -14.5976 31.4626  255 255 255
70.1853 -29.9897 17.2078  255 255 255
-67.9286 -31.004 100.604  255 255 255
-18.6917 -13.2804 26.3144  255 255 255
-66.8419 -30.9654 99.2631  255 255 255
3.86508 -22.4989 34.3921  255 255 255
-67.6369 -31.0498 99.7529  255 255 255
-17.301 -15.4278 28.3934  255 255 255
-14.3966 -17.4187 31.2913  255 255 255
10.3268 -24.6286 33.8628  255 255 255
69.7226 -32.87 14.702  255 255 255
-21.4217 10.686 -42.9028  255 255 255
-67.6888 -31.5785 99.5614  255 255 255
-67.9027 -31.6239 99.7454  255 255 255
-15.2827 -19.7049 31.8692  255 255 255
-15.6663 -20.1997 32.277  255 255 255
11.7371 -28.793 34.6866  255 255 255
16.1541 -29.9752 34.2216  255 255 255
-28.8869 -16.4283 24.2451  255 255 255
-13.5594 -23.9813 34.2744  255 255 255
68.1155 -36.9049 7.92599  255 255 255
5.92327 -31.4961 38.3502  255 255 255
67.5481 -37.0894 6.13418  255 255 255
4.99322 -31.7795 38.1003  255 255 255
-0.991029 -30.0934 37.6338  255 255 255
-24.8313 -21.5447 29.5989  255 255 255
-27.4372 -19.4341 24.8754  255 255 255
-24.438 -22.3288 30.6937  255 255 255
1.4388 -31.8196 38.0627  255 255 255
-1.13008 -31.4445 38.6793  255 255 255
-12.6859 -28.1148 36.1573  255 255 255
-17.6959 -27.702 34.5404  255 255 255
-17.6536 -27.7169 34.4846  255 255 255
53.476 -40.032 7.93139  255 255 255
-1.40051 -33.8285 36.7482  255 255 255
-23.2324 -26.2431 29.7252  255 255 255
-18.6984 -28.5147 32.5224  255 255 255
-27.1302 -23.4854 22.6678  255 255 255
-19.5099 -28.3662 31.559  255 255 255
-29.7877 -21.6319 16.7894  255 255 255
-15.8527 -31.2249 35.4873  255 255 255
-43.8628 -8.58348 -19.633  255 255 255
44.9985 -44.7682 13.9999  255 255 255
-19.8375 -31.0039 29.4027  255 255 255
-21.287 -31.0844 27.6383  255 255 255
-27.8392 -28.3643 23.5552  255 255 255
-21.5319 -31.4238 26.9648  255 255 255
-26.9505 -28.5083 21.3279  255 255 255
-42.0823 -16.0167 -11.2227  255 255 255
-27.8224 -28.8621 22.5268  255 255 255
-43.3935 -17.2255 -9.85288  255 255 255
-13.7642 -36.3875 31.6258  255 255 255
17.1822 135.1 -47.7894  255 255 255
-13.1679 100.66 -36.5809  255 255 255
-12.8693 99.9491 -36.5621  255 255 255
-49.4108 83.95 -18.9449  255 255 255
33.6149 101.997 -54.2021  255 255 255
27.0233 96.7032 -55.8167  255 255 255
40.1978 100.673 -61.8853  255 255 255
49.5139 59.0405 -8.96236  255 255 255
-52.9762 71.2078 -16.1007  255 255 255
51.9432 55.6617 -8.00179  255 255 255
54.3879 30.2483 23.4659  255 255 255
-43.7637 71.724 -22.557  255 255 255
11.3928 87.4725 -51.223  255 255 255
54.7068 97.861 -75.4235  255 255 255
30.1129 91.0538 -62.8813  255 255 255
49.951 53.5125 -14.4823  255 255 255
-42.0067 69.501 -24.2147  255 255 255
51.9721 50.1537 -11.9829  255 255 255
25.9395 87.8743 -62.5035  255 255 255
55.8066 95.1899 -79.0765  255 255 255
81.1777 100.002 -93.5932  255 255 255
53.2978 45.1076 -10.882  255 255 255
10.0393 80.4766 -57.0617  255 255 255
58.7619 93.0635 -83.2269  255 255 255
48.7253 49.6102 -19.9844  255 255 255
-18.6855 71.613 -42.9978  255 255 255
54.7205 89.6126 -82.5108  255 255 255
54.6656 40.2876 -10.5606  255 255 255
55.9479 40.0121 -13.2125  255 255 255
80.3472 90.6136 -101.035  255 255 255
56.6919 84.2011 -88.7656  255 255 255
64.8534 84.8465 -93.7452  255 255 255
58.5851 82.7629 -91.1705  255 255 255
67.2152 83.7871 -95.3228  255 255 255
27.6387 75.3359 -74.9426  255 255 255
52.5509 79.9217 -89.6673  255 255 255
48.0848 41.0111 -26.778  255 255 255
41.7869 76.7111 -85.0333  255 255 255
58.0202 10.3307 18.7902  255 255 255
10.819 68.3228 -69.2675  255 255 255
50.6064 34.765 -25.0177  255 255 255
50.6798 34.7902 -25.1224  255 255 255
52.3879 12.7187 5.89832  255 255 255
50.485 28.002 -19.9537  255 255 255
21.1844 66.0903 -78.4635  255 255 255
55.4268 25.5399 -18.8704  255 255 255
53.0164 27.8673 -22.9927  255 255 255
69.4946 71.5076 -108.288  255 255 255
-18.7524 56.1422 -56.3347  255 255 255
51.4592 26.1537 -28.4087  255 255 255
51.3633 26.0795 -28.2517  255 255 255
65.8531 67.4875 -108.781  255 255 255
67.0314 66.4111 -106.981  255 255 255
44.253 63.578 -97.1721  255 255 255
-25.8264 51.8451 -54.6119  255 255 255
-7.33643 54.2371 -65.9209  255 255 255
7.7895 54.8558 -77.638  255 255 255
57.9541 -0.305079 8.65927  255 255 255
57.4374 -0.375246 7.57474  255 255 255
3.13231 2.28137 21.396  255 255 255
61.8357 -5.56644 15.3935  255 255 255
1.57204 -7.05687 33.6715  255 255 255
-9.60794 -3.95272 29.7089  255 255 255
-12.0217 -2.90519 27.1797  255 255 255
67.8258 -18.1563 20.1662  255 255 255
-12.6223 -5.75449 29.2078  255 255 255
-2.94657 -10.6682 35.3332  255 255 255
-4.04361 -10.4516 35.1059  255 255 255
-4.86901 -11.6093 35.3563  255 255 255
69.7202 -21.6401 22.3533  255 255 255
59.9433 -13.5147 4.55619  255 255 255
-17.4099 -9.00417 26.7437  255 255 255
58.9328 -15.6799 0.710898  255 255 255
-15.6746 -11.5025 29.5758  255 255 255
61.4889 -18.9307 4.06748  255 255 255
61.4889 -18.9307 4.06748  255 255 255
-3.40889 -17.5941 35.4484  255 255 255
-16.1578 -12.644 30.2217  255 255 255
-24.4678 -2.09391 7.38422  255 255 255
70.3262 -29.1915 17.894  255 255 255
-19.0043 -10.9782 25.1399  255 255 255
-17.5732 -13.0341 27.7194  255 255 255
69.669 -29.9769 15.8886  255 255 255
0.445275 -22.3981 34.327  255 255 255
-16.9424 -19.4942 31.7131  255 255 255
-9.82076 -22.6675 34.7178  255 255 255
-7.75522 -23.4822 35.536  255 255 255
-9.89741 -23.2229 35.1989  255 255 255
-67.6093 -32.0885 98.5516  255 255 255
-66.9711 -31.9503 97.6085  255 255 255
-66.9711 -31.9503 97.6085  255 255 255
-6.47803 -26.5766 36.0351  255 255 255
-30.334 -16.7456 23.2906  255 255 255
-22.6139 -21.3532 29.6734  255 255 255
-29.029 -14.5019 13.1181  255 255 255
-25.51 -20.7014 28.714  255 255 255
-36.0986 0.232454 -29.9395  255 255 255
-38.2745 0.0742127 -29.8616  255 255 255
-14.4838 -27.3041 35.4746  255 255 255
-11.0907 -29.2107 37.7131  255 255 255
-43.6654 -5.86717 -22.7432  255 255 255
-0.451642 -37.0755 33.6904  255 255 255
-24.0189 -28.9323 27.4438  255 255 255
-10.8068 -34.3466 33.3646  255 255 255
-24.2772 -29.3979 26.2021  255 255 255
-11.073 -36.751 31.6371  255 255 255
-5.57479 -38.7924 32.4602  255 255 255
-8.8286 -37.7306 32.192  255 255 255
-26.5788 -30.0561 20.5975  255 255 255
16.1605 134.339 -49.7734  255 255 255
15.5342 134.933 -52.7225  255 255 255
-12.5039 100.424 -35.8011  255 255 255
-8.76242 98.3787 -33.866  255 255 255
-22.1393 95.3504 -31.7902  255 255 255
-2.25034 92.665 -37.8213  255 255 255
25.1897 99.6426 -50.3975  255 255 255
23.4439 100.038 -51.259  255 255 255
50.3458 62.1216 -8.52167  255 255 255
-7.82844 85.9146 -38.2252  255 255 255
49.6679 57.6595 -12.5743  255 255 255
-55.6578 67.7491 -17.1331  255 255 255
-48.8058 68.3876 -21.8417  255 255 255
49.683 33.1841 13.3334  255 255 255
9.8079 82.0077 -55.5894  255 255 255
56.3707 42.3695 -6.70708  255 255 255
56.4183 91.9449 -82.0302  255 255 255
13.3135 77.573 -62.1525  255 255 255
-41.2706 62.8525 -32.6126  255 255 255
54.5894 35.7379 -14.6683  255 255 255
48.7841 41.7926 -24.605  255 255 255
48.7841 41.7926 -24.605  255 255 255
49.9459 17.1208 8.37021  255 255 255
-31.3877 58.1975 -44.8888  255 255 255
59.9879 8.62828 14.9346  255 255 255
63.0634 56.2909 -70.1126  255 255 255
54.8489 26.6245 -20.0508  255 255 255
51.7389 11.0211 2.35037  255 255 255
49.3192 12.8304 -3.28729  255 255 255
52.0422 6.97409 0.647538  255 255 255
51.1111 7.37361 -1.38896  255 255 255
51.1265 7.37926 -1.4225  255 255 255
50.9356 7.29442 -1.16212  255 255 255
-8.5067 49.6582 -69.8657  255 255 255
57.8008 -1.84407 5.974  255 255 255
50.7262 4.48888 -4.66595  255 255 255
50.3345 4.50785 -3.70219  255 255 255
-7.93263 49.5099 -73.8287  255 255 255
-8.68566 48.4149 -71.2511  255 255 255
6.82456 49.5766 -80.5349  255 255 255
-8.57425 47.5627 -72.8885  255 255 255
-8.57425 47.5627 -72.8885  255 255 255
-4.24609 49.6496 -79.4718  255 255 255
58.9644 -9.35115 5.06541  255 255 255
68.8222 -19.5761 21.8835  255 255 255
-17.9657 -6.19442 23.8502  255 255 255
-2.74667 -15.3229 35.9266  255 255 255
-17.9919 -9.42556 25.9256  255 255 255
69.9852 -29.1545 17.201  255 255 255
0.79423 -20.2717 35.5759  255 255 255
-8.01556 -18.1799 34.9122  255 255 255
70.4315 -31.8853 16.1207  255 255 255
68.3497 -30.1154 12.672  255 255 255
-15.2931 -17.0514 30.6012  255 255 255
-26.4232 -9.62209 16.0162  255 255 255
-67.314 -31.4653 99.1663  255 255 255
-13.7181 -19.9233 31.9926  255 255 255
2.7505 -27.2668 35.8489  255 255 255
-28.8955 -12.6208 16.8527  255 255 255
69.3859 -36.4343 11.0307  255 255 255
69.3483 -37.0022 10.5796  255 255 255
68.1795 -37.5147 7.44726  255 255 255
-39.2573 1.70376 -31.7388  255 255 255
-23.4731 -22.745 31.0799  255 255 255
-9.56904 -28.8644 37.0914  255 255 255
-18.7821 -28.0894 32.8559  255 255 255
-38.0088 -11.243 -17.4712  255 255 255
-18.8987 -32.5243 29.1207  255 255 255
-18.8987 -32.5243 29.1207  255 255 255
-22.4883 -31.0183 26.5101  255 255 255
-21.966 117.333 -38.4643  255 255 255
-20.4234 114.822 -37.7778  255 255 255
0.882115 114.487 -38.5458  255 255 255
-45.864 91.3449 -15.6846  255 255 255
15.0829 113.038 -48.4473  255 255 255
-2.66584 102.407 -37.692  255 255 255
-2.66584 102.407 -37.692  255 255 255
-9.30749 95.3349 -33.3229  255 255 255
-7.33013 91.514 -33.2667  255 255 255
-15.9515 83.9561 -32.1879  255 255 255
52.4754 54.5901 -7.27862  255 255 255
-2.76423 83.904 -43.9352  255 255 255
-27.5993 67.5343 -39.5314  255 255 255
79.5823 89.3866 -101.799  255 255 255
6.25322 68.4205 -66.9599  255 255 255
49.0484 35.4935 -27.9471  255 255 255
-9.69345 61.9472 -58.6858  255 255 255
49.0822 17.1092 1.75107  255 255 255
33.326 63.0008 -93.4879  255 255 255
52.5662 23.3887 -27.1049  255 255 255
35.8265 61.5207 -94.492  255 255 255
46.679 9.1903 -9.14706  255 255 255
49.9544 5.27749 -4.47426  255 255 255
63.613 -9.25615 16.0647  255 255 255
68.8612 -16.6299 24.1916  255 255 255
49.7032 1.36256 -4.81934  255 255 255
68.7763 -18.0925 22.2946  255 255 255
-15.0689 -4.67662 26.094  255 255 255
-4.80873 -12.0907 34.6909  255 255 255
-5.10185 -13.0075 35.4768  255 255 255
67.834 -21.6065 18.0621  255 255 255
-16.9778 -7.70763 26.4412  255 255 255
-8.70192 -13.5607 34.3189  255 255 255
-4.70043 -15.1673 35.821  255 255 255
-13.9781 -12.2684 31.2922  255 255 255
0.814989 -19.2898 35.769  255 255 255
-16.5375 -13.2065 28.9243  255 255 255
-28.5799 -11.8068 19.0254  255 255 255
-67.2259 -31.7645 98.6585  255 255 255
-29.079 -14.4164 20.6478  255 255 255
69.9354 -37.5151 11.1685  255 255 255
69.9354 -37.5151 11.1685  255 255 255
-33.6377 3.95145 -34.4259  255 255 255
-25.7542 -19.4282 27.7036  255 255 255
-22.538 -23.1852 31.6363  255 255 255
-5.23997 -29.9054 37.5707  255 255 255
-19.1534 -25.3334 33.655  255 255 255
-7.9551 -34.4501 35.0679  255 255 255
-39.6654 -12.0133 -16.2173  255 255 255
-20.0141 -31.7457 28.6426  255 255 255
-0.458293 105.56 -39.6513  255 255 255
5.01529 105.121 -41.4487  255 255 255
-42.366 74.8854 -21.0993  255 255 255
52.9256 33.1053 20.9424  255 255 255
27.5244 93.9158 -58.9408  255 255 255
56.4957 28.1576 21.1841  255 255 255
-11.0644 76.2469 -41.7463  255 255 255
48.8679 52.5869 -17.347  255 255 255
57.5135 89.5329 -83.3776  255 255 255
46.4728 80.0845 -85.3816  255 255 255
55.295 9.41946 9.78507  255 255 255
-3.67027 54.1798 -70.9412  255 255 255
-4.02078 53.1988 -73.1438  255 255 255
-7.98235 -7.48995 33.1022  255 255 255
69.7472 -19.6986 23.659  255 255 255
-9.15652 -7.63233 32.3582  255 255 255
-0.622023 -10.8397 35.2605  255 255 255
51.596 -2.08945 -6.24832  255 255 255
-9.88197 -9.3186 32.7198  255 255 255
-9.90006 -9.30087 32.6413  255 255 255
-15.8333 -6.20663 26.7287  255 255 255
-19.3412 -6.70934 20.5277  255 255 255
-18.1962 -10.5591 26.2254  255 255 255
0.98413 -21.3344 35.3127  255 255 255
-67.1067 -31.1512 99.2489  255 255 255
-10.3292 -23.3406 35.2627  255 255 255
-21.5187 -23.8397 32.1461  255 255 255
-17.4831 -26.2949 34.7082  255 255 255
-16.887 -26.7034 35.3567  255 255 255
-14.3099 -32.9076 33.6999  255 255 255
-27.998 -25.7896 19.1758  255 255 255
-41.3898 -13.9251 -16.5771  255 255 255
-42.8524 -15.5498 -12.2293  255 255 255
19.5724 98.7059 -49.6163  255 255 255
-7.62408 86.6949 -36.5928  255 255 255
-45.7106 73.8781 -19.4263  255 255 255
-55.8223 70.5692 -14.7442  255 255 255
82.3392 96.9176 -97.2897  255 255 255
59.8072 0.0148928 14.7559  255 255 255
-13.713 -2.37111 24.959  255 255 255
-18.5504 -5.77878 21.9749  255 255 255
-68.4849 -32.0453 100.179  255 255 255
-67.1705 -33.3586 96.4138  255 255 255
-27.2327 -26.2182 25.1046  255 255 255
-20.0308 -31.2029 29.2417  255 255 255
49.3012 31.2126 14.584  255 255 255
27.2811 84.2106 -65.8892  255 255 255
65.5843 81.5972 -97.7027  255 255 255
-7.80589 65.1648 -55.6042  255 255 255
54.917 70.766 -100.648  255 255 255
6.49822 55.1742 -76.9418  255 255 255
8.05922 50.579 -80.5664  255 255 255
-7.35043 -10.7766 34.4696  255 255 255
-14.742 -28.2211 36.8366  255 255 255
9.44863 97.2223 -41.5938  255 255 255
50.4391 79.3923 -87.3031  255 255 255
0.494275 -13.2105 36.176  255 255 255
-14.9621 -13.657 30.5418  255 255 255
-68.3062 -31.3369 101.113  255 255 255
-14.0224 -21.0522 33.4048  255 255 255
69.7676 -35.4738 11.8116  255 255 255
1.25515 -34.2333 36.0238  255 255 255
1.26964 -34.2627 36.0592  255 255 255
-27.9663 -26.1385 19.422  255 255 255
5.87722 93.6458 -43.4234  255 255 255
-67.9077 -31.6903 99.562  255 255 255
30.3085 78.4877 -73.4866  255 255 255
-14.3931 -9.78739 29.7448  255 255 255
-2.80469 85.0067 -43.1767  255 255 255
-40.2614 69.7248 -27.297  255 255 255
17.2762 76.698 -70.5664  255 255 255
-25.8186 79.627 -34.4635  255 255 255
-75.4344 -1.80545 97.6845  255 255 255
-69.3274 -18.7074 96.8789  255 255 255
-151.145 63.8391 -94.172  255 255 255
-149.925 64.6807 -95.5549  255 255 255
-155.422 89.6875 -110.357  255 255 255
-135.616 112.632 -60.2489  255 255 255
-118.673 94.2666 -43.244  255 255 255
-120.922 61.2463 -70.3442  255 255 255
-119.217 106.479 -45.8374  255 255 255
-110.493 81.2131 -36.841  255 255 255
-106.298 87.3832 -24.1235  255 255 255
-106.546 84.5193 -27.8574  255 255 255
-105.996 72.0436 -35.2589  255 255 255
-131.548 147.389 -68.7337  255 255 255
-103.729 41.7647 -52.6087  255 255 255
-99.5692 59.4724 -32.8957  255 255 255
-112.923 117.319 -47.8077  255 255 255
-113.663 118.679 -49.9011  255 255 255
-113.327 117.592 -52.3939  255 255 255
-110.878 115.738 -47.9113  255 255 255
-113.041 122.838 -51.5844  255 255 255
-89.8426 66.3336 -10.3436  255 255 255
-89.8426 66.3336 -10.3436  255 255 255
-89.1682 49.8544 -20.6055  255 255 255
-88.5077 63.6502 -9.67207  255 255 255
-114.467 143.476 -58.3529  255 255 255
-85.2854 32.1562 -27.1494  255 255 255
-81.6464 63.1035 1.17875  255 255 255
-102.454 116.102 -41.0982  255 255 255
-109.001 123.716 -66.8357  255 255 255
-81.3155 47.5969 -9.9655  255 255 255
-100.813 115.166 -40.4709  255 255 255
-82.7695 35.9591 -25.9336  255 255 255
-100.836 116.957 -42.2254  255 255 255
-82.2664 30.2606 -30.3342  255 255 255
-80.8051 60.0428 -5.41865  255 255 255
-79.8315 64.3878 -0.887028  255 255 255
-95.6902 106.076 -32.9203  255 255 255
-81.2239 26.8641 -34.6825  255 255 255
-80.6487 69.6486 -3.89337  255 255 255
-97.9669 123.599 -36.9395  255 255 255
-80.484 32.4853 -29.4415  255 255 255
-58.488 -35.5878 10.7809  255 255 255
-80.5473 23.3976 -38.2836  255 255 255
-96.3645 126.58 -32.1744  255 255 255
-58.2405 -33.9709 10.9219  255 255 255
-96.9226 118.816 -42.3575  255 255 255
-96.9235 118.068 -43.2572  255 255 255
-57.8996 -35.0351 10.8348  255 255 255
-79.5776 72.7196 -4.59541  255 255 255
-95.5585 117.358 -42.7318  255 255 255
-95.7836 122.674 -40.8338  255 255 255
-95.3004 121.243 -38.8289  255 255 255
-78.9728 29.2112 -35.3889  255 255 255
-79.1293 24.3431 -40.573  255 255 255
-95.1159 119.224 -43.3203  255 255 255
-78.295 20.1025 -42.1664  255 255 255
-77.08 45.4959 -21.6306  255 255 255
-94.4214 124.983 -40.5854  255 255 255
-76.2464 42.9577 -23.9088  255 255 255
-76.5695 33.3792 -32.5326  255 255 255
-76.0271 48.8943 -19.2091  255 255 255
-78.0888 80.1924 -5.9697  255 255 255
-80.4513 89.5992 -12.8211  255 255 255
-74.6522 51.9788 -15.3883  255 255 255
-78.8752 79.8175 -14.6842  255 255 255
-73.4783 66.3073 -3.74709  255 255 255
-74.3824 31.6457 -34.0506  255 255 255
-77.1393 84.6502 -9.47998  255 255 255
-79.5845 94.0005 -15.3377  255 255 255
-73.956 71.2648 -5.831  255 255 255
-72.2295 55.3004 -7.61136  255 255 255
-72.6845 65.1236 -6.99982  255 255 255
-76.3428 87.9596 -10.7209  255 255 255
-71.9417 65.8108 -6.7122  255 255 255
-66.2307 -0.16533 -28.6336  255 255 255
-69.6407 61.5488 -0.809555  255 255 255
-71.9066 69.7349 -5.95718  255 255 255
-72.3324 35.3658 -36.1047  255 255 255
-72.3852 74.3964 -7.30868  255 255 255
-70.9466 35.1026 -34.9846  255 255 255
-70.2023 55.2852 -16.306  255 255 255
-65.9249 58.6693 9.4349  255 255 255
-70.9356 38.832 -34.4576  255 255 255
-70.9356 38.832 -34.4576  255 255 255
-69.5198 64.1836 -9.9267  255 255 255
-74.7612 90.8921 -18.6469  255 255 255
-69.8258 39.231 -33.3199  255 255 255
-68.7009 56.8754 -20.2714  255 255 255
-47.5 -41.4889 17.614  255 255 255
-74.3078 100.598 -15.9381  255 255 255
-73.2539 97.0451 -14.9535  255 255 255
-73.9841 101.032 -15.9082  255 255 255
-72.9287 98.7276 -15.1701  255 255 255
-82.8277 138.81 -50.8521  255 255 255
-64.2811 66.1949 -1.0673  255 255 255
-66.1787 27.3033 -45.5404  255 255 255
-65.7412 38.0944 -36.0198  255 255 255
-65.3916 58.8013 -17.6284  255 255 255
-65.3916 58.8013 -17.6284  255 255 255
-53.1429 -17.6703 -8.79335  255 255 255
-80.7859 135.089 -49.271  255 255 255
-80.2352 134.415 -50.2332  255 255 255
-43.5512 -45.3527 21.9315  255 255 255
-64.2949 61.4748 -16.7032  255 255 255
-51.455 -19.7339 -7.01388  255 255 255
-51.8341 -17.4729 -8.59442  255 255 255
-69.2165 103.98 -18.106  255 255 255
-61.7569 45.7262 -33.9585  255 255 255
-61.5502 69.2508 -10.8714  255 255 255
-77.6642 144.098 -56.2231  255 255 255
-49.4441 -18.4118 -7.66487  255 255 255
-77.8781 147.197 -58.1181  255 255 255
-58.1427 13.2657 -45.5176  255 255 255
-60.2841 64.9595 -15.5479  255 255 255
-64.65 96.4843 -18.0521  255 255 255
-64.7496 96.7437 -18.3295  255 255 255
-59.4395 31.3844 -47.3626  255 255 255
-50.912 -1.01455 -28.0902  255 255 255
-38.0935 -50.0652 26.46  255 255 255
-57.4938 67.6573 -16.0458  255 255 255
-57.1916 59.2399 -23.5967  255 255 255
-57.2828 67.2855 -16.732  255 255 255
-70.7106 142.051 -59.2682  255 255 255
-71.9379 150.158 -62.3092  255 255 255
-48.0987 -6.26766 -22.3488  255 255 255
-46.0279 -9.97037 -17.3774  255 255 255
-36.1254 -49.1814 28.127  255 255 255
-33.3653 -61.3132 39.6873  255 255 255
-55.3815 122.58 -26.4586  255 255 255
-67.2312 152.883 -65.9834  255 255 255
-52.5584 45.8468 -39.7757  255 255 255
-51.4662 33.6463 -50.8375  255 255 255
-64.0181 145.999 -63.2573  255 255 255
-51.1304 50.5239 -37.5814  255 255 255
-31.1851 -63.0892 40.7761  255 255 255
-41.8823 -8.59823 -19.9245  255 255 255
-42.3283 -8.38048 -24.0382  255 255 255
-49.4834 60.3657 -29.4542  255 255 255
-59.8888 143.558 -63.177  255 255 255
-48.4627 60.8884 -30.1659  255 255 255
-48.3606 64.0135 -25.7333  255 255 255
-48.4589 71.172 -20.4271  255 255 255
-43.1709 9.52573 -40.3376  255 255 255
-58.6738 143.563 -63.1613  255 255 255
-29.1912 -61.3869 38.8465  255 255 255
-44.523 42.1481 -47.8187  255 255 255
-28.6742 -63.5277 41.421  255 255 255
-44.5001 61.6543 -33.3814  255 255 255
-52.2539 145.713 -66.6499  255 255 255
-43.3431 90.4729 -18.2276  255 255 255
-40.41 66.8669 -28.9639  255 255 255
-25.7138 -55.8571 32.7664  255 255 255
-36.2865 67.0279 -33.1522  255 255 255
-24.4067 -62.2343 39.024  255 255 255
-28.0283 -17.9184 23.7842  255 255 255
-23.9448 -64.8654 42.5548  255 255 255
-24.2059 -61.8631 39.3414  255 255 255
-28.131 -15.2472 22.8056  255 255 255
-30.9303 44.5906 -56.564  255 255 255
-25.5243 -30.8945 21.1986  255 255 255
-22.6937 -60.7381 38.6422  255 255 255
-26.5277 -6.38913 12.5031  255 255 255
-22.1455 -64.8027 42.029  255 255 255
-24.9097 -22.2342 29.249  255 255 255
-22.2435 -58.0894 34.9563  255 255 255
-25.5802 -4.68541 10.5134  255 255 255
-33.4319 118.577 -36.4994  255 255 255
-24.551 -23.3966 31.7135  255 255 255
-25.2585 -6.99518 13.432  255 255 255
-21.8395 -57.9493 34.7578  255 255 255
-32.2716 117.453 -35.0145  255 255 255
-21.6131 -55.5795 31.4336  255 255 255
-21.242 -61.5053 38.7616  255 255 255
-26.6727 57.6722 -48.7293  255 255 255
-25.8968 54.6731 -51.2898  255 255 255
-21.0086 -55.6978 32.3258  255 255 255
-20.745 -61.4057 38.8181  255 255 255
-24.8415 48.0323 -57.6192  255 255 255
-24.7522 54.9745 -52.4008  255 255 255
-22.5186 -9.41899 20.1811  255 255 255
-20.0317 -51.7014 29.306  255 255 255
-22.2753 -2.63815 7.72139  255 255 255
-22.0135 -9.35126 20.3824  255 255 255
-21.1811 53.3582 -57.4039  255 255 255
-21.0663 -0.474186 5.36054  255 255 255
-21.3032 56.2173 -54.0115  255 255 255
-23.1045 81.772 -27.3838  255 255 255
-19.2162 70.0596 -42.8083  255 255 255
-19.2052 70.3726 -43.308  255 255 255
-15.6375 15.8761 -50.0916  255 255 255
-16.7796 50.019 -61.131  255 255 255
-16.9385 -61.6412 38.7132  255 255 255
-17.4375 -0.143871 9.26107  255 255 255
-16.1905 -61.5793 38.9876  255 255 255
-13.5351 56.5147 -62.4209  255 255 255
-15.3979 69.808 -46.6066  255 255 255
-17.255 82.8618 -32.3758  255 255 255
-13.3 59.1099 -58.5456  255 255 255
-17.9098 115.633 -38.1792  255 255 255
-15.6856 -60.503 37.4215  255 255 255
-13.9841 69.656 -48.1745  255 255 255
-16.9952 113.668 -35.9829  255 255 255
-15.0925 -60.5538 37.2465  255 255 255
-16.1883 118.516 -39.1952  255 255 255
-15.8266 123.398 -41.4305  255 255 255
-9.54715 20.8716 -54.7888  255 255 255
-15.6664 119.056 -39.5324  255 255 255
-15.3629 114.965 -38.2095  255 255 255
-15.1991 109.897 -35.6718  255 255 255
-14.9518 116.081 -38.741  255 255 255
-8.93273 51.3938 -68.7687  255 255 255
-14.3771 -58.9612 35.4103  255 255 255
-11.328 68.7628 -51.2143  255 255 255
-15.7048 -2.95108 24.1502  255 255 255
-14.1987 -59.094 35.4987  255 255 255
-14.067 -58.5813 34.9055  255 255 255
-14.0749 -58.5499 34.9412  255 255 255
-13.9126 114.741 -37.8189  255 255 255
-14.0331 116.882 -38.8984  255 255 255
-13.4437 105.348 -34.8219  255 255 255
-12.9416 122.896 -42.1532  255 255 255
-12.7111 124.258 -42.8829  255 255 255
-12.6239 120.111 -41.0548  255 255 255
-14.867 -21.0952 33.4386  255 255 255
-12.4809 108.907 -36.567  255 255 255
-5.63826 28.6195 -64.9332  255 255 255
-10.9783 82.2264 -37.0484  255 255 255
-7.32846 60.8409 -60.1434  255 255 255
-11.7281 107.229 -36.0797  255 255 255
-11.8375 113.437 -37.9652  255 255 255
-11.1762 109.885 -37.6237  255 255 255
-10.7995 125.702 -44.0773  255 255 255
-10.6136 126.951 -44.5048  255 255 255
-4.49792 22.9338 -58.0799  255 255 255
-9.85745 111.081 -37.7449  255 255 255
-8.79228 140.477 -55.4088  255 255 255
-9.55851 119.926 -41.2291  255 255 255
-9.5918 98.9917 -33.7009  255 255 255
-9.5918 98.9917 -33.7009  255 255 255
-9.60836 106.773 -36.1215  255 255 255
-3.72737 57.4714 -66.1011  255 255 255
-9.23813 102.764 -34.8159  255 255 255
-9.22451 111.198 -37.54  255 255 255
-9.15687 125.231 -42.5982  255 255 255
-8.89058 123.047 -42.166  255 255 255
-12.9512 -19.1756 32.3049  255 255 255
-8.65948 102.975 -34.8575  255 255 255
-5.71011 75.678 -49.5205  255 255 255
-8.10619 125.734 -45.1306  255 255 255
-8.31421 111.402 -38.4369  255 255 255
-7.82322 123.622 -44.6748  255 255 255
-2.49261 21.3107 -57.3302  255 255 255
-4.24534 68.9448 -56.3238  255 255 255
-7.84329 116.227 -40.4238  255 255 255
-7.60418 127.727 -45.6059  255 255 255
-8.05224 97.2589 -33.5592  255 255 255
-7.97295 97.2545 -33.5695  255 255 255
-7.99178 115.526 -38.3386  255 255 255
-7.47271 122.676 -41.6308  255 255 255
-12.5044 -10.8628 31.8063  255 255 255
-6.58658 126.224 -45.7235  255 255 255
-6.98507 111.28 -38.0528  255 255 255
-6.43964 116.67 -40.9208  255 255 255
-6.43964 116.67 -40.9208  255 255 255
-12.1829 -23.5426 35.674  255 255 255
0.142971 30.5632 -67.1498  255 255 255
-6.23072 112.9 -38.4686  255 255 255
-11.8879 -8.7188 31.7785  255 255 255
-5.08564 127.414 -47.1278  255 255 255
-11.8161 -14.6627 33.155  255 255 255
-11.4462 -3.39659 28.0497  255 255 255
6.98684 98.5991 -91.5643  255 255 255
-11.7297 -22.5276 34.7462  255 255 255
-5.60411 104.264 -36.7465  255 255 255
-5.60411 104.264 -36.7465  255 255 255
-5.25321 115.694 -40.5569  255 255 255
-0.415258 19.4923 -53.5931  255 255 255
-1.9771 74.93 -51.2115  255 255 255
-5.10609 97.9045 -34.6435  255 255 255
-4.33408 99.2742 -36.3491  255 255 255
-0.0670866 70.1546 -58.8696  255 255 255
-11.0224 -7.80832 31.6411  255 255 255
-3.15514 128.471 -47.8342  255 255 255
-10.0251 -61.2841 37.4906  255 255 255
-2.80185 129.516 -48.4501  255 255 255
2.49968 27.8243 -63.984  255 255 255
-10.5969 -10.7296 33.0128  255 255 255
5.16945 49.3609 -81.9835  255 255 255
2.80304 24.8841 -59.8696  255 255 255
2.75016 24.8521 -59.6928  255 255 255
-0.548494 79.8367 -48.424  255 255 255
-3.17918 94.1899 -33.874  255 255 255
-2.60956 116.826 -40.7818  255 255 255
-1.38083 130.683 -51.8589  255 255 255
-1.14622 129.87 -49.1293  255 255 255
-9.37804 -35.9466 33.0167  255 255 255
2.36012 72.4278 -58.0227  255 255 255
-1.61626 98.9785 -35.8194  255 255 255
-1.77476 93.1871 -33.0512  255 255 255
-0.187616 129.247 -48.884  255 255 255
-0.179839 129.534 -49.3241  255 255 255
0.39681 130.563 -49.9708  255 255 255
-0.814747 113.501 -36.9299  255 255 255
-8.08354 -45.2644 31.2126  255 255 255
-9.27066 -8.47536 33.052  255 255 255
5.32561 23.9162 -59.8836  255 255 255
4.96317 68.5429 -63.4291  255 255 255
1.2997 129.491 -49.2439  255 255 255
1.30188 129.664 -49.5076  255 255 255
-9.06524 -10.9095 33.977  255 255 255
2.75404 83.138 -49.2432  255 255 255
0.420522 96.0565 -35.0878  255 255 255
-0.603781 94.2213 -29.0918  255 255 255
0.691124 99.7487 -37.3843  255 255 255
0.164656 97.2402 -31.2938  255 255 255
2.68781 128.917 -48.997  255 255 255
-7.89787 -4.27623 30.7249  255 255 255
-6.95101 -46.0583 32.0194  255 255 255
7.33462 19.6787 -55.1411  255 255 255
2.9458 100.743 -37.528  255 255 255
7.21851 77.7012 -57.6592  255 255 255
12.6615 50.872 -85.5254  255 255 255
-7.36558 -20.7968 34.5859  255 255 255
4.10211 105.816 -41.2094  255 255 255
3.86671 96.23 -36.6598  255 255 255
3.88563 113.101 -39.1289  255 255 255
-5.90808 -58.1107 33.7551  255 255 255
11.7665 64.2607 -73.2209  255 255 255
5.55645 107.673 -42.1599  255 255 255
8.49984 81.7273 -54.4499  255 255 255
5.30233 96.5579 -37.0021  255 255 255
-6.52083 -14.2637 35.4523  255 255 255
11.1822 76.6011 -62.1296  255 255 255
6.80075 100.762 -40.6077  255 255 255
7.26427 104.794 -42.4454  255 255 255
7.07022 104.297 -41.6636  255 255 255
7.07022 104.297 -41.6636  255 255 255
-6.05467 -19.6875 35.4492  255 255 255
8.2754 91.0889 -44.6791  255 255 255
7.43245 97.9115 -37.6577  255 255 255
13.8603 69.9867 -67.9936  255 255 255
13.437 74.5886 -65.3548  255 255 255
-4.45944 -58.9255 34.3852  255 255 255
13.9302 74.8643 -64.6249  255 255 255
-5.18546 -9.81062 34.8303  255 255 255
14.8684 70.1563 -68.372  255 255 255
-5.14495 -35.9916 36.4922  255 255 255
14.3653 74.4386 -64.8951  255 255 255
9.79053 107.057 -43.1081  255 255 255
15.3782 72.7046 -68.2015  255 255 255
12.217 88.5529 -51.723  255 255 255
9.59496 97.9728 -39.0714  255 255 255
-4.69673 -10.9032 35.3008  255 255 255
-4.33777 -7.73024 34.0388  255 255 255
13.3464 88.554 -52.7224  255 255 255
-4.43251 -16.0188 35.9616  255 255 255
-4.72202 -30.3719 38.0535  255 255 255
10.9391 98.1368 -39.2834  255 255 255
12.4999 112.146 -45.821  255 255 255
12.9467 118.59 -48.2116  255 255 255
14.1905 89.8725 -52.68  255 255 255
-3.66881 -10.6917 35.2288  255 255 255
14.3975 91.9192 -50.6978  255 255 255
-3.7287 -13.9957 35.8893  255 255 255
14.7856 92.3638 -50.2425  255 255 255
14.1549 115.113 -48.3129  255 255 255
-3.08077 -7.66519 34.0785  255 255 255
12.6291 99.2067 -39.725  255 255 255
12.6291 99.2067 -39.725  255 255 255
15.6454 132.296 -48.8528  255 255 255
14.1471 99.6799 -41.4449  255 255 255
15.4702 113.281 -47.5226  255 255 255
24.2651 62.0332 -85.0914  255 255 255
-1.50246 -57.7491 32.9424  255 255 255
16.2478 103.016 -44.4448  255 255 255
17.2941 112.159 -48.5637  255 255 255
17.2941 112.159 -48.5637  255 255 255
17.0832 108.868 -47.0631  255 255 255
17.0832 108.868 -47.0631  255 255 255
26.0302 63.3503 -84.5015  255 255 255
18.0848 114.398 -49.3902  255 255 255
16.9105 103.866 -44.0185  255 255 255
18.6357 115.102 -49.8064  255 255 255
-2.29936 -31.2871 38.9589  255 255 255
-1.54353 -30.1519 37.1339  255 255 255
20.5134 93.2648 -53.9863  255 255 255
19.4285 110.328 -48.0317  255 255 255
-0.437505 -24.7243 36.355  255 255 255
-0.437505 -24.7243 36.355  255 255 255
23.7926 21.1527 -57.9449  255 255 255
22.6769 106.984 -48.0383  255 255 255
24.8957 21.6841 -58.694  255 255 255
26.2666 92.5661 -59.505  255 255 255
0.996347 -16.7137 35.5198  255 255 255
33.5667 78.649 -77.5644  255 255 255
28.9328 98.3296 -58.6754  255 255 255
1.5216 -31.9172 38.4694  255 255 255
35.8615 88.7584 -70.8765  255 255 255
35.9729 90.8966 -66.9538  255 255 255
36.8789 88.9988 -69.7454  255 255 255
-75.3148 -2.26588 97.6228  255 255 255
-123.726 -0.824158 -22.1294  255 255 255
-177.964 125.445 -125.956  255 255 255
-149.469 62.5209 -93.8585  255 255 255
-169.824 108.925 -118.946  255 255 255
-153.145 118.582 -85.9037  255 255 255
-149.347 125.014 -74.7628  255 255 255
-153.06 94.5467 -101.445  255 255 255
-149.358 115.666 -80.8904  255 255 255
-150.238 105.252 -90.7504  255 255 255
-148.089 116.631 -81.1605  255 255 255
-149.809 90.081 -102.096  255 255 255
-143.487 113.128 -75.5336  255 255 255
-130.473 75.0742 -76.7194  255 255 255
-128.286 77.8283 -72.9955  255 255 255
-119.407 93.2557 -46.2125  255 255 255
-119.101 102.498 -39.635  255 255 255
-118.893 88.489 -47.3986  255 255 255
-117.629 86.1925 -44.2773  255 255 255
-119.739 85.5919 -52.3467  255 255 255
-118.424 101.756 -41.6521  255 255 255
-113.619 77.4951 -44.0359  255 255 255
-136.147 144.457 -69.4745  255 255 255
-112.598 95.4795 -34.4879  255 255 255
-111.305 78.8929 -40.4045  255 255 255
-122.554 118.185 -50.6547  255 255 255
-101.389 64.0223 -31.6303  255 255 255
-102.195 68.1986 -31.3435  255 255 255
-102.195 68.1986 -31.3435  255 255 255
-98.5121 67.2826 -24.4794  255 255 255
-126.285 152.05 -73.2806  255 255 255
-84.9774 65.5535 -1.22524  255 255 255
-70.777 -19.0678 -7.61607  255 255 255
-89.5093 84.1672 -9.45936  255 255 255
-69.4005 -20.1551 -5.67178  255 255 255
-84.4521 26.0841 -32.9241  255 255 255
-82.9128 33.6525 -27.1113  255 255 255
-100.903 116.786 -40.428  255 255 255
-100.726 118.02 -39.4307  255 255 255
-82.3715 33.7309 -27.2708  255 255 255
-99.9945 119.814 -39.2833  255 255 255
-80.7686 53.1069 -10.9203  255 255 255
-99.6389 115.71 -43.1919  255 255 255
-80.463 50.3263 -13.899  255 255 255
-98.6385 118.016 -41.7045  255 255 255
-97.4536 119.386 -38.8293  255 255 255
-97.7673 116.77 -43.0049  255 255 255
-97.3949 115.901 -41.6596  255 255 255
-97.2161 116.881 -40.8867  255 255 255
-97.6514 118.048 -42.5456  255 255 255
-96.1565 119.333 -43.9331  255 255 255
-78.4697 43.2094 -22.4542  255 255 255
-78.0841 39.448 -25.4599  255 255 255
-95.2593 119.787 -42.251  255 255 255
-78.3126 25.2835 -38.2608  255 255 255
-71.43 -0.3876 -27.3841  255 255 255
-77.1982 51.0602 -16.0937  255 255 255
-78.1521 27.4975 -37.5392  255 255 255
-78.809 78.0599 -5.21881  255 255 255
-77.2919 35.8356 -30.4518  255 255 255
-93.536 119.559 -41.5344  255 255 255
-76.6195 34.3328 -32.2776  255 255 255
-50.3974 -45.9753 23.4977  255 255 255
-75.7661 36.1693 -31.204  255 255 255
-73.5563 65.5903 -5.02028  255 255 255
-73.1412 65.5393 -4.2917  255 255 255
-73.5443 55.9342 -14.1086  255 255 255
-75.4869 93.1405 -12.8145  255 255 255
-44.9803 -50.3116 27.6327  255 255 255
-67.8102 64.8767 -11.2317  255 255 255
-46.9371 -42.419 18.4003  255 255 255
-84.585 142.366 -51.872  255 255 255
-66.2942 67.6776 -8.54226  255 255 255
-52.8771 -17.6313 -9.97875  255 255 255
-52.0488 -19.3659 -8.05056  255 255 255
-62.3465 53.5361 -25.9419  255 255 255
-66.4673 105.587 -15.1398  255 255 255
-52.2615 -6.12471 -21.696  255 255 255
-60.7245 67.9847 -13.4691  255 255 255
-50.5425 -7.51134 -21.2168  255 255 255
-35.7269 -61.2656 38.9777  255 255 255
-38.7876 -48.8439 25.1998  255 255 255
-49.2546 -8.46295 -19.17  255 255 255
-57.6757 42.1396 -38.2407  255 255 255
-56.8595 42.3449 -39.1417  255 255 255
-36.4329 -54.0767 31.4953  255 255 255
-56.2846 71.8207 -13.9908  255 255 255
-55.276 56.8946 -28.5085  255 255 255
-54.6744 41.0012 -42.4855  255 255 255
-49.3702 26.7884 -57.9992  255 255 255
-47.8824 44.2803 -44.6021  255 255 255
-58.7597 114.032 -108.037  255 255 255
-46.9289 40.7223 -46.7312  255 255 255
-29.3443 -61.6516 39.8986  255 255 255
-46.4426 72.502 -20.3827  255 255 255
-43.346 63.5725 -31.7406  255 255 255
-40.7615 46.9639 -48.5425  255 255 255
-42.6528 86.9099 -21.7272  255 255 255
-39.9316 48.0669 -47.5677  255 255 255
-40.0261 61.6908 -35.453  255 255 255
-25.9556 -61.5223 39.1282  255 255 255
-25.9556 -61.5223 39.1282  255 255 255
-25.8108 -62.1032 39.2335  255 255 255
-25.7595 -57.5628 34.0243  255 255 255
-38.0698 76.6153 -23.1631  255 255 255
-25.6857 -54.5462 31.1115  255 255 255
-25.4034 -56.9322 33.8287  255 255 255
-27.3526 -28.4259 20.4269  255 255 255
-33.9015 49.1798 -51.8408  255 255 255
-23.6887 -62.4165 39.8556  255 255 255
-23.5333 -64.3032 41.8391  255 255 255
-27.0197 -19.4838 26.1577  255 255 255
-30.6295 49.2508 -54.2885  255 255 255
-30.6668 48.8135 -52.9039  255 255 255
-26.0857 -17.8945 26.4221  255 255 255
-22.7913 -58.0822 35.0116  255 255 255
-25.6189 -8.31808 14.5411  255 255 255
-25.696 -7.48666 13.4867  255 255 255
-22.4202 -55.6862 32.275  255 255 255
-21.8525 -64.7034 42.5788  255 255 255
-21.8417 -64.9803 42.0195  255 255 255
-22.2281 -57.1745 33.9094  255 255 255
-24.585 -23.7477 32.1434  255 255 255
-27.5529 54.982 -50.4862  255 255 255
-27.0055 51.4847 -54.6746  255 255 255
-21.6627 -54.9865 31.4266  255 255 255
-20.4977 -63.1047 40.7761  255 255 255
-20.5844 -59.0051 35.6683  255 255 255
-20.296 -56.4668 32.8927  255 255 255
-22.4991 -7.59262 18.1513  255 255 255
-21.041 -34.2631 26.3645  255 255 255
-18.3052 53.3775 -59.9222  255 255 255
-18.6453 56.8568 -54.6004  255 255 255
-21.6804 82.087 -29.1776  255 255 255
-22.4624 98.5093 -26.918  255 255 255
-16.9336 -59.3444 36.0038  255 255 255
-16.6399 -58.9752 35.4958  255 255 255
-13.1277 38.3086 -74.9563  255 255 255
-16.4436 -63.0835 38.4466  255 255 255
-16.2636 -59.2936 35.8329  255 255 255
-16.3346 -61.4995 38.5113  255 255 255
-15.8271 -58.3541 34.8765  255 255 255
-15.7905 -61.1287 38.2447  255 255 255
-15.3485 -60.9595 38.1229  255 255 255
-16.4856 110.444 -34.9828  255 255 255
-16.4616 121.235 -39.337  255 255 255
-16.2768 -2.94181 23.1508  255 255 255
-15.7021 110.115 -36.4322  255 255 255
-9.97382 51.6269 -66.2383  255 255 255
-16.0425 -15.9303 31.0349  255 255 255
-14.865 106.401 -34.8137  255 255 255
-14.7849 117.568 -39.4259  255 255 255
-14.8364 122.179 -40.6107  255 255 255
-13.5303 125.423 -42.3312  255 255 255
-13.7105 -59.12 35.5536  255 255 255
-12.8695 112.95 -37.7562  255 255 255
-12.8695 112.95 -37.7562  255 255 255
-13.5667 -58.6537 35.6015  255 255 255
-11.2237 80.9528 -40.1705  255 255 255
-10.5388 77.305 -43.125  255 255 255
-10.5784 77.1596 -42.8984  255 255 255
-12.419 104.671 -34.8511  255 255 255
-12.3375 106.778 -35.8892  255 255 255
-14.5405 -2.64368 25.1119  255 255 255
-12.0769 112.605 -39.1069  255 255 255
-12.0693 112.051 -38.4526  255 255 255
-14.3823 -21.2731 33.5708  255 255 255
-13.4484 -1.11897 24.1298  255 255 255
-13.3849 -1.05479 23.7685  255 255 255
-10.3668 117.366 -38.4335  255 255 255
-9.82749 110.094 -37.9757  255 255 255
-9.31456 121.931 -42.7563  255 255 255
-7.50027 80.3248 -43.3297  255 255 255
-9.61626 99.0871 -32.5441  255 255 255
-4.05092 17.4392 -52.4462  255 255 255
-6.6606 75.119 -47.2686  255 255 255
-12.985 -25.5491 34.2585  255 255 255
-12.6155 -33.1375 34.0687  255 255 255
-8.39994 109.245 -36.8834  255 255 255
-8.39994 109.245 -36.8834  255 255 255
-7.11089 111.295 -40.7752  255 255 255
-7.24182 103.408 -36.4978  255 255 255
-7.24182 103.408 -36.4978  255 255 255
-7.02478 115.836 -41.6304  255 255 255
-11.6864 -36.0107 32.1441  255 255 255
-6.90166 98.8986 -34.7731  255 255 255
-6.89715 99.0373 -34.9591  255 255 255
-6.71985 120.793 -42.4274  255 255 255
-6.92032 93.7508 -31.4983  255 255 255
-6.09941 114.1 -41.3916  255 255 255
-11.9203 -19.0168 33.084  255 255 255
-11.9452 -22.2425 34.7084  255 255 255
-5.40811 88.6793 -36.9824  255 255 255
-2.09638 70.9024 -55.8953  255 255 255
-5.3953 94.2841 -32.3999  255 255 255
-4.93945 100.643 -36.543  255 255 255
-3.67268 84.1349 -41.2864  255 255 255
-4.47819 123.096 -43.764  255 255 255
-10.1843 0.370396 24.6529  255 255 255
-1.36545 85.6507 -43.7765  255 255 255
1.53479 72.8834 -58.8284  255 255 255
3.70846 60.7351 -69.5862  255 255 255
-9.89673 -5.12457 30.4501  255 255 255
-8.42162 0.735175 24.283  255 255 255
0.894539 86.4287 -44.9349  255 255 255
-0.889996 101.786 -36.6364  255 255 255
7.41111 55.2604 -74.7141  255 255 255
-8.06848 -3.95727 30.266  255 255 255
-7.98822 -11.4766 34.747  255 255 255
-7.67912 -11.6355 34.5317  255 255 255
2.72391 113.71 -35.56  255 255 255
6.836 80.1523 -54.8809  255 255 255
10.565 60.192 -70.4189  255 255 255
7.26288 87.9256 -48.4936  255 255 255
7.06981 106.921 -41.8765  255 255 255
7.05288 106.872 -41.8152  255 255 255
8.17828 94.0407 -42.8379  255 255 255
9.33088 89.8652 -47.8781  255 255 255
8.13648 100.994 -40.9788  255 255 255
8.0998 100.722 -40.5334  255 255 255
9.66393 120.06 -44.2801  255 255 255
-5.03724 -20.5256 35.4561  255 255 255
15.0074 76.047 -64.7201  255 255 255
14.8962 75.8978 -64.332  255 255 255
-4.81158 -14.9844 36.4005  255 255 255
13.749 86.9548 -54.306  255 255 255
12.1131 112.718 -47.2704  255 255 255
-4.05127 -8.724 34.3347  255 255 255
12.3849 98.7827 -40.069  255 255 255
19.1647 72.537 -71.2435  255 255 255
16.1808 90.2419 -53.2626  255 255 255
23.0381 61.9717 -82.9798  255 255 255
21.2527 71.1762 -73.4955  255 255 255
17.4024 90.4935 -53.5407  255 255 255
16.5613 114.101 -49.1759  255 255 255
16.5303 113.937 -48.9047  255 255 255
17.6412 91.7751 -52.5543  255 255 255
23.5402 67.6625 -78.5842  255 255 255
18.0773 118.355 -50.7798  255 255 255
18.7076 92.0482 -53.1744  255 255 255
18.0921 108.53 -47.3518  255 255 255
26.0987 38.5357 -78.062  255 255 255
22.4999 89.9659 -58.7941  255 255 255
19.9715 110.348 -47.4548  255 255 255
19.9715 110.348 -47.4548  255 255 255
20.1478 102.175 -45.4777  255 255 255
1.20197 -35.3201 35.3076  255 255 255
3.25546 -42.9495 28.8669  255 255 255
1.96553 -14.9419 35.8766  255 255 255
32.7068 86.0185 -70.987  255 255 255
1.53219 -31.5198 38.4802  255 255 255
32.3904 92.4444 -64.5569  255 255 255
32.3904 92.4444 -64.5569  255 255 255
30.674 98.1613 -55.975  255 255 255
44.2853 61.4397 -98.2989  255 255 255
-79.4866 2.68856 96.9158  255 255 255
-162.379 99.364 -115.098  255 255 255
-149.161 110.377 -85.4912  255 255 255
-138.395 102.123 -73.2899  255 255 255
-127.071 114.458 -51.9443  255 255 255
-131.269 122.086 -59.0108  255 255 255
-127.13 120.601 -54.3839  255 255 255
-115.292 91.4854 -38.4874  255 255 255
-124.97 118.013 -52.5111  255 255 255
-136.43 143.422 -70.9628  255 255 255
-107.273 70.2495 -39.0647  255 255 255
-92.8481 61.2949 -16.6585  255 255 255
-74.0925 -14.523 -12.0519  255 255 255
-85.7891 48.4312 -15.7516  255 255 255
-83.4297 63.552 0.561124  255 255 255
-106.298 122.589 -44.502  255 255 255
-80.3227 60.6672 -4.53142  255 255 255
-80.2513 45.4405 -18.8561  255 255 255
-80.2889 40.5307 -22.5713  255 255 255
-97.182 119.627 -41.8919  255 255 255
-95.7038 122.06 -36.9124  255 255 255
-78.0071 56.0558 -10.3785  255 255 255
-78.147 56.2338 -10.896  255 255 255
-78.4147 41.3152 -24.0371  255 255 255
-77.1897 63.5319 -4.28688  255 255 255
-93.9342 120.207 -38.6005  255 255 255
-77.9803 34.5955 -31.3618  255 255 255
-77.5163 38.3684 -26.6663  255 255 255
-80.8439 83.7558 -9.48027  255 255 255
-77.2292 28.1176 -37.1261  255 255 255
-74.5982 64.5292 -5.77104  255 255 255
-74.2873 53.4 -17.1712  255 255 255
-75.6905 90.8123 -11.1391  255 255 255
-70.9147 36.6608 -34.2714  255 255 255
-74.9107 94.5621 -12.9839  255 255 255
-65.563 66.0863 -10.5064  255 255 255
-63.0619 68.5545 -9.28483  255 255 255
-39.3278 -51.6567 27.1246  255 255 255
-87.1296 195.162 -104.342  255 255 255
-59.4381 61.4433 -21.6128  255 255 255
-59.385 61.2243 -21.2331  255 255 255
-50.5592 -4.32047 -24.1299  255 255 255
-38.7315 -48.0289 24.4495  255 255 255
-49.1663 -3.78139 -24.2911  255 255 255
-56.2614 66.7615 -18.2236  255 255 255
-53.8247 28.7871 -51.6199  255 255 255
-43.4555 -14.2477 -12.9916  255 255 255
-53.2589 71.9035 -14.2252  255 255 255
-32.6808 -61.5837 40.2864  255 255 255
-44.2898 -9.1007 -19.3874  255 255 255
-34.1332 -51.2326 28.1551  255 255 255
-50.6873 72.5507 -15.2329  255 255 255
-32.9292 -53.7544 30.6279  255 255 255
-31.3836 -59.6843 37.371  255 255 255
-31.3847 -59.6455 37.4123  255 255 255
-49.1284 72.5052 -17.1652  255 255 255
-44.0694 16.0396 -47.3858  255 255 255
-45.8022 63.5399 -31.8614  255 255 255
-27.8235 -62.1236 40.4178  255 255 255
-42.7707 91.253 -18.1965  255 255 255
-38.9565 76.3553 -22.5509  255 255 255
-26.3378 -55.8255 32.8242  255 255 255
-43.868 218.749 -129.896  255 255 255
-22.4636 -64.6908 41.991  255 255 255
-22.7738 -55.3908 31.9442  255 255 255
-23.4439 -4.12713 9.51256  255 255 255
-24.3948 64.2925 -45.3296  255 255 255
-25.0764 80.6079 -29.1731  255 255 255
-20.722 -4.97773 15.1794  255 255 255
-18.4938 -57.3549 33.7347  255 255 255
-18.3326 -65.2069 42.9303  255 255 255
-17.5934 16.7472 -49.3684  255 255 255
-19.8525 -0.85946 6.03827  255 255 255
-16.5905 -61.705 38.7075  255 255 255
-16.1962 -58.4614 34.9995  255 255 255
-15.8823 -29.1286 36.1794  255 255 255
-9.89476 60.5554 -59.0384  255 255 255
-9.89476 60.5554 -59.0384  255 255 255
-8.31331 68.2059 -54.0382  255 255 255
-5.17696 214.322 -130.259  255 255 255
-11.1863 100.481 -34.1175  255 255 255
-8.9125 90.0944 -33.1535  255 255 255
-12.9505 -21.9531 34.1283  255 255 255
-6.42683 116.373 -38.912  255 255 255
-11.0643 -37.2447 31.615  255 255 255
-3.494 82.7319 -44.5288  255 255 255
-4.70717 118.902 -43.2844  255 255 255
-4.08692 87.3772 -39.682  255 255 255
1.59291 27.112 -63.3148  255 255 255
-10.1036 -60.1998 36.4572  255 255 255
-11.1944 -16.0662 33.6989  255 255 255
-11.1885 -16.0449 33.6444  255 255 255
1.18154 72.9988 -56.5108  255 255 255
-9.38751 0.586004 24.6369  255 255 255
6.55763 52.2073 -78.4674  255 255 255
-8.41438 -45.911 31.9663  255 255 255
-8.54574 -60.514 36.5127  255 255 255
-8.28073 -3.22284 29.8713  255 255 255
8.77557 70.0319 -65.3165  255 255 255
-7.41811 -20.3024 36.278  255 255 255
-7.03015 -6.03185 33.459  255 255 255
6.01922 90.762 -44.7248  255 255 255
7.9665 87.6766 -49.5739  255 255 255
-6.38702 -14.7343 36.0915  255 255 255
12.1348 85.5652 -54.9646  255 255 255
10.5068 93.2127 -45.712  255 255 255
-4.36962 -38.6683 33.4039  255 255 255
10.4107 120.141 -42.9838  255 255 255
10.8001 119.856 -44.1826  255 255 255
16.8547 75.1145 -65.3687  255 255 255
17.0552 75.4731 -66.1737  255 255 255
16.8547 75.1145 -65.3687  255 255 255
-3.70397 -9.90934 34.3802  255 255 255
19.1978 72.5824 -71.4939  255 255 255
15.2902 91.2288 -51.8752  255 255 255
19.9841 75.8426 -69.1267  255 255 255
23.9688 73.3473 -73.7622  255 255 255
19.8264 88.7959 -55.224  255 255 255
25.5128 37.0715 -76.3577  255 255 255
-1.15698 -11.3361 35.7537  255 255 255
21.3882 92.1431 -55.774  255 255 255
-0.757809 -14.9434 35.4537  255 255 255
2.66888 -1.85881 23.1659  255 255 255
22.5057 86.9638 -53.727  255 255 255
-0.201849 -30.2091 37.6939  255 255 255
22.4306 97.9419 -47.8481  255 255 255
29.5214 82.5667 -70.9726  255 255 255
2.97975 -43.2351 28.8088  255 255 255
32.8311 74.4765 -79.4969  255 255 255
30.7144 87.0279 -69.1365  255 255 255
33.3993 77.381 -78.8017  255 255 255
28.4847 98.6909 -52.1044  255 255 255
30.6819 97.2868 -56.9686  255 255 255
-85.5984 -37.5239 16.1538  255 255 255
-199.543 146.722 -152.463  255 255 255
-190.496 134.803 -145.139  255 255 255
-117.519 28.1144 -58.7184  255 255 255
-132.299 85.6646 -73.2382  255 255 255
-128.35 111.787 -49.9466  255 255 255
-128.148 80.726 -69.6322  255 255 255
-128.148 80.726 -69.6322  255 255 255
-123.394 89.2892 -55.5442  255 255 255
-122.742 79.9766 -60.1624  255 255 255
-118.003 95.3671 -39.9106  255 255 255
-100.566 64.952 -29.6264  255 255 255
-81.4763 49.8547 -14.4351  255 255 255
-80.3048 73.2274 -3.87257  255 255 255
-76.9057 64.7649 -4.46217  255 255 255
-76.1215 39.1555 -28.1073  255 255 255
-77.2898 84.961 -9.18944  255 255 255
-77.2898 84.961 -9.18944  255 255 255
-76.7245 87.5384 -10.3641  255 255 255
-71.9141 35.2755 -34.1127  255 255 255
-72.067 53.1988 -21.3081  255 255 255
-69.449 36.2103 -35.4861  255 255 255
-74.0342 98.8404 -15.5235  255 255 255
-78.8498 150.257 -60.6548  255 255 255
-59.7482 61.9583 -19.8252  255 255 255
-54.0081 57.0895 -29.0906  255 255 255
-49.2752 73.9743 -17.6796  255 255 255
-27.0441 -61.2959 38.8987  255 255 255
-26.1336 -62.834 40.6333  255 255 255
-25.7768 -61.9065 39.52  255 255 255
-26.3326 -57.5551 34.3187  255 255 255
-26.3435 -57.1379 35.4332  255 255 255
-37.0443 74.4546 -24.9538  255 255 255
-24.6877 -57.0246 33.6249  255 255 255
-27.1983 -27.0635 20.7118  255 255 255
-41.4676 157.115 -73.4476  255 255 255
-23.3244 -57.4549 31.4057  255 255 255
-20.4102 -59.6995 36.7432  255 255 255
-18.0142 -60.5665 36.3976  255 255 255
-16.4197 37.3467 -71.4592  255 255 255
-15.9554 -66.3972 44.264  255 255 255
-17.1516 -28.0303 35.3784  255 255 255
-15.3435 81.5175 -35.1003  255 255 255
-15.3201 -29.5765 37.0575  255 255 255
-12.4022 101.684 -36.055  255 255 255
-13.7376 -27.4406 35.7115  255 255 255
-8.38166 81.1519 -40.7342  255 255 255
-8.38166 81.1519 -40.7342  255 255 255
-13.2142 -22.64 35.079  255 255 255
-4.30885 83.9707 -43.9087  255 255 255
-10.2664 -0.509275 25.8238  255 255 255
-8.38645 -23.8577 35.9338  255 255 255
-6.42324 0.557974 24.1793  255 255 255
3.26841 113.473 -37.7899  255 255 255
-5.16695 -6.71456 32.8127  255 255 255
-5.25124 -6.75534 33.027  255 255 255
16.5674 61.7283 -75.6841  255 255 255
18.0576 62.0537 -80.0915  255 255 255
19.542 63.0169 -77.9594  255 255 255
-3.98385 -30.5516 38.3674  255 255 255
-2.75098 -6.93299 33.5732  255 255 255
28.2889 65.6868 -86.5877  255 255 255
-1.29331 -33.4833 36.9245  255 255 255
-0.206542 -10.7994 35.1911  255 255 255
2.9664 -24.2907 35.6697  255 255 255
-85.0037 -36.3781 16.458  255 255 255
-158.45 102.519 -102.798  255 255 255
-159.524 104.409 -106.408  255 255 255
-150.279 95.7772 -100.4  255 255 255
-104.073 75.0846 -29.6285  255 255 255
-105.376 57.2052 -45.1371  255 255 255
-131.636 166.25 -81.178  255 255 255
-85.9038 35.53 -31.6638  255 255 255
-102.723 119.395 -38.1721  255 255 255
-79.4679 23.3963 -39.6837  255 255 255
-94.5489 118.813 -38.1589  255 255 255
-77.8018 82.7395 -8.06739  255 255 255
-80.9044 143.575 -56.9478  255 255 255
-57.0152 31.4411 -49.1134  255 255 255
-29.6233 -60.0965 37.9785  255 255 255
-29.0077 -56.7558 33.9454  255 255 255
-26.3326 -26.7153 23.2593  255 255 255
-21.9063 -64.614 40.1017  255 255 255
-19.4333 -58.8651 35.5575  255 255 255
-19.4516 -57.7415 34.4841  255 255 255
-17.2734 -24.6317 33.2006  255 255 255
-9.18731 71.4955 -49.4635  255 255 255
-1.47845 21.5046 -56.3593  255 255 255
-1.15853 25.9828 -61.5391  255 255 255
-1.51234 19.5168 -53.1289  255 255 255
-4.5876 99.6512 -35.2711  255 255 255
-3.33906 88.3938 -38.7301  255 255 255
-8.72549 -59.5343 35.5558  255 255 255
-1.46217 115.169 -38.6364  255 255 255
-7.95708 -22.0624 34.1526  255 255 255
12.9374 69.5691 -69.695  255 255 255
-5.69575 -36.7432 34.8555  255 255 255
16.5048 131.364 -49.2907  255 255 255
-2.36269 -32.8044 37.8656  255 255 255
17.6053 107.527 -46.8928  255 255 255
-0.357861 -39.279 31.993  255 255 255
20.3124 102.914 -45.6312  255 255 255
25.3904 121.776 -53.9947  255 255 255
-148.335 92.248 -87.6264  255 255 255
-142.928 123.356 -60.4763  255 255 255
-149.408 115.688 -86.5247  255 255 255
-134.424 118.924 -56.7524  255 255 255
-118.131 66.7888 -61.1748  255 255 255
-117.146 54.4111 -68.211  255 255 255
-118.316 59.1498 -68.7636  255 255 255
-94.3683 46.1082 -33.4032  255 255 255
-92.0122 64.3254 -13.4375  255 255 255
-113.751 126.31 -52.7616  255 255 255
-81.2073 34.1859 -26.6929  255 255 255
-78.4696 35.2035 -29.9442  255 255 255
-52.7428 -42.5687 19.155  255 255 255
-76.2791 30.4786 -34.7069  255 255 255
-98.5595 142.483 -51.0651  255 255 255
-42.1805 -57.4865 36.4245  255 255 255
-37.5777 -50.8805 26.8692  255 255 255
-56.6212 69.5281 -12.734  255 255 255
-67.8578 154.067 -66.7283  255 255 255
-25.3667 -35.9374 21.9939  255 255 255
-22.8595 -62.9819 40.0879  255 255 255
-22.3274 -64.4215 40.6758  255 255 255
-22.3274 -64.4215 40.6758  255 255 255
-22.0463 -63.0402 42.1576  255 255 255
-24.0162 -23.5028 32.1755  255 255 255
-27.7715 103.506 -32.295  255 255 255
-18.9185 -62.7487 39.9747  255 255 255
-15.6341 -32.5998 35.5349  255 255 255
-14.5567 115.743 -35.6143  255 255 255
-7.478 68.2574 -54.349  255 255 255
-12.7799 -27.8976 36.3918  255 255 255
-12.4556 -28.7528 36.8841  255 255 255
-9.2295 -18.5319 34.274  255 255 255
-9.01007 -10.9365 33.9672  255 255 255
1.91587 113.19 -39.8884  255 255 255
7.39606 77.5403 -55.5509  255 255 255
4.84655 105.289 -41.3031  255 255 255
11.9522 71.5998 -65.7635  255 255 255
6.59373 100.566 -39.1401  255 255 255
16.8257 77.3281 -65.2255  255 255 255
16.2788 98.1874 -41.2726  255 255 255
31.5854 99.4929 -56.229  255 255 255
-137.542 115.473 -63.5422  255 255 255
-113.203 94.6901 -30.8011  255 255 255
-110.199 56.6159 -53.7823  255 255 255
-100.108 36.7552 -49.4793  255 255 255
-66.6259 35.598 -43.7753  255 255 255
-31.2596 79.8641 -25.2579  255 255 255
-20.3501 -58.766 35.6625  255 255 255
-16.0775 83.2998 -34.67  255 255 255
-14.4714 109.472 -36.848  255 255 255
-15.0859 -22.4025 33.6702  255 255 255
-14.4297 -4.21928 26.4557  255 255 255
2.28463 91.996 -39.2198  255 255 255
-6.88869 -28.7571 36.6296  255 255 255
11.5042 101.129 -40.0278  255 255 255
18.7756 74.6232 -69.6656  255 255 255
-3.24321 -12.1391 35.9339  255 255 255
30.237 70.149 -80.0055  255 255 255
-96.4901 125.048 -32.7551  255 255 255
-96.4901 125.048 -32.7551  255 255 255
-71.7912 66.4683 -5.33566  255 255 255
-52.4603 71.1008 -17.9545  255 255 255
-28.3911 -60.7417 37.92  255 255 255
-23.7808 -35.0813 22.8799  255 255 255
-16.7649 -62.2582 38.8481  255 255 255
-7.89578 -45.7972 31.741  255 255 255
-4.95486 -18.0274 36.0251  255 255 255
21.4522 97.1142 -49.7834  255 255 255
22.9385 99.311 -43.3639  255 255 255
-30.9433 -59.8823 37.6531  255 255 255
-49.3555 88.2224 -10.4799  255 255 255
-29.09 -59.5655 36.4994  255 255 255
-29.09 -59.5655 36.4994  255 255 255
-16.0474 -61.1579 38.0635  255 255 255
-13.9309 -60.0589 36.8442  255 255 255
-6.77382 93.1236 -29.483  255 255 255
-19.3363 -60.1581 37.2224  255 255 255
16.7194 94.8157 -47.431  255 255 255
-25.943 78.1623 -33.9233  255 255 255
-15.7221 61.8418 -52.3303  255 255 255
-46.7705 86.1222 -15.6741  255 255 255
-14.0526 81.5888 -38.0274  255 255 255
-4.11894 -30.7009 38.1779  255 255 255
-35.4549 82.8588 -13.4013  255 255 255
-133.816 183.22 -95.4963  255 255 255
-14.0247 165.292 -86.5641  255 255 255
-131.307 172.059 -84.6596  255 255 255
-19.6973 161.336 -83.3798  255 255 255
-7.03832 141.729 -57.8578  255 255 255
-80.8512 146.687 -58.6985  255 255 255
-50.5001 150.802 -69.427  255 255 255
-50.5629 150.992 -69.6937  255 255 255
-135.739 156.705 -73.971  255 255 255
-81.6234 135.591 -51.4542  255 255 255
-131.657 154.747 -73.3758  255 255 255
-144.058 156.392 -75.4831  255 255 255
-96.6398 123.114 -38.6493  255 255 255
-95.6549 123.649 -41.6248  255 255 255
-98.2625 117.343 -43.2402  255 255 255
-50.0284 102.521 -25.8082  255 255 255
-73.8509 95.7889 -14.6967  255 255 255
-110.426 120.497 -51.6716  255 255 255
-76.9307 84.4688 -10.0616  255 255 255
16.0663 91.7813 -51.6925  255 255 255
-22.2778 82.2539 -30.7202  255 255 255
15.5662 90.6709 -51.5377  255 255 255
-17.3329 83.4371 -34.8495  255 255 255
-9.29989 85.1635 -40.0927  255 255 255
-2.53634 85.54 -45.2932  255 255 255
29.6936 92.7255 -63.7176  255 255 255
-9.17654 82.7689 -40.713  255 255 255
17.9573 87.704 -56.3995  255 255 255
-14.4342 80.2097 -40.0317  255 255 255
11.6243 86.3827 -55.698  255 255 255
-59.799 69.0231 -13.7228  255 255 255
12.6946 84.1498 -57.2025  255 255 255
-15.0968 77.2905 -40.2606  255 255 255
-68.1023 65.462 -11.0063  255 255 255
-16.2663 75.9225 -39.5891  255 255 255
28.7818 86.1966 -67.1674  255 255 255
28.7818 86.1966 -67.1674  255 255 255
43.3148 87.078 -76.1196  255 255 255
15.8132 80.8961 -60.5855  255 255 255
8.3352 79.0632 -57.4834  255 255 255
19.0986 79.456 -65.2802  255 255 255
-21.3823 71.205 -41.7165  255 255 255
-21.3823 71.205 -41.7165  255 255 255
27.9091 79.1088 -72.4714  255 255 255
-40.5867 64.8802 -32.104  255 255 255
0.570221 72.5857 -56.3121  255 255 255
15.2796 75.4328 -65.6287  255 255 255
-45.119 63.5859 -30.9181  255 255 255
-1.12304 70.8822 -57.4795  255 255 255
-2.03503 70.5472 -56.8702  255 255 255
-17.1602 67.3003 -47.7594  255 255 255
-22.2713 66.4292 -45.5465  255 255 255
-32.3497 63.6956 -41.24  255 255 255
-16.9326 65.876 -49.4937  255 255 255
41.5178 76.2815 -84.6772  255 255 255
21.0906 72.414 -73.2086  255 255 255
10.7469 69.573 -66.1607  255 255 255
-2.7256 67.1953 -59.6414  255 255 255
46.5656 74.1142 -89.0241  255 255 255
-35.0671 59.8947 -42.7039  255 255 255
43.6753 72.9245 -88.2664  255 255 255
-54.5051 54.4961 -29.7722  255 255 255
-16.8529 61.362 -53.3589  255 255 255
-16.8529 61.362 -53.3589  255 255 255
-12.7586 60.5796 -56.3252  255 255 255
-31.1853 57.35 -47.1205  255 255 255
-41.5706 54.9798 -39.7773  255 255 255
-41.5481 54.9109 -39.6176  255 255 255
-50.1935 53.1509 -34.1972  255 255 255
11.7639 63.4652 -72.4966  255 255 255
-1.07731 61.2575 -64.5928  255 255 255
-26.2208 57.2576 -50.6155  255 255 255
-1.41762 60.9166 -64.9223  255 255 255
-30.7687 55.986 -49.186  255 255 255
-2.32081 60.4657 -65.7461  255 255 255
-16.2148 57.8047 -56.9132  255 255 255
32.0696 65.5179 -86.4424  255 255 255
0.218107 59.5904 -66.4228  255 255 255
-40.9897 52.806 -41.7628  255 255 255
-54.0732 50.619 -34.0072  255 255 255
-28.739 54.5132 -50.2163  255 255 255
-17.2069 56.4249 -57.5234  255 255 255
43.3941 65.5568 -93.6091  255 255 255
-17.5409 55.8218 -57.145  255 255 255
-17.5365 55.8452 -57.2483  255 255 255
-29.2244 53.0012 -51.3402  255 255 255
-41.5831 51.0594 -44.3438  255 255 255
-22.8539 53.697 -56.1688  255 255 255
-64.3217 46.4388 -30.4957  255 255 255
-13.9243 54.3889 -61.9089  255 255 255
-25.6388 52.3438 -54.3502  255 255 255
-25.7438 52.0271 -53.2985  255 255 255
-22.19 52.3269 -56.503  255 255 255
-65.3311 45.1837 -30.4659  255 255 255
-65.3311 45.1837 -30.4659  255 255 255
-30.987 50.6925 -52.4292  255 255 255
-33.1759 49.9417 -50.9686  255 255 255
-27.293 50.804 -55.1799  255 255 255
-29.3205 50.3314 -54.0658  255 255 255
-8.27698 53.4617 -66.8218  255 255 255
-51.3361 46.6588 -40.5741  255 255 255
-64.989 44.3956 -32.3116  255 255 255
-25.8815 50.371 -56.3499  255 255 255
8.85825 55.2131 -77.3633  255 255 255
-45.8698 47.2915 -44.9154  255 255 255
-63.9861 43.8519 -33.1255  255 255 255
-46.7743 46.3048 -44.5911  255 255 255
-19.5452 47.3477 -55.9141  255 255 255
-7.56273 48.8247 -70.277  255 255 255
-36.273 44.13 -52.5003  255 255 255
-76.7511 38.2634 -27.5826  255 255 255
-76.5884 38.5702 -28.884  255 255 255
6.50915 49.6395 -80.1372  255 255 255
-15.6733 46.7264 -67.9367  255 255 255
5.70984 48.2402 -81.6333  255 255 255
-60.0319 39.2063 -40.7171  255 255 255
-74.2692 36.361 -31.1558  255 255 255
-72.3468 36.8026 -33.224  255 255 255
-71.7231 36.7887 -33.2929  255 255 255
-78.1288 35.9486 -29.8004  255 255 255
-34.299 41.6465 -58.8894  255 255 255
-77.6642 34.9131 -29.6035  255 255 255
-43.0558 27.7991 -15.1327  255 255 255
-11.7151 40.1104 -76.1228  255 255 255
-29.6801 37.7937 -65.4611  255 255 255
-29.7416 37.4339 -63.852  255 255 255
-15.4044 38.8092 -74.1412  255 255 255
-33.8057 36.2661 -64.0563  255 255 255
-33.8057 36.2661 -64.0563  255 255 255
10.6021 34.7659 -72.2395  255 255 255
10.3311 34.0556 -71.2315  255 255 255
11.5359 33.587 -71.0603  255 255 255
-52.8155 31.4157 -52.5068  255 255 255
-68.8241 29.8092 -43.187  255 255 255
-62.5227 30.3207 -46.1668  255 255 255
-63.4033 30.0547 -46.0943  255 255 255
-77.9766 27.8666 -36.6569  255 255 255
-53.7528 30.6258 -52.5003  255 255 255
-80.396 26.0254 -35.8857  255 255 255
-82.106 25.6553 -35.6341  255 255 255
-82.717 25.2779 -35.3288  255 255 255
-1.56706 28.1546 -63.2474  255 255 255
-79.8699 24.9928 -37.8961  255 255 255
-44.2704 28.6557 -62.0283  255 255 255
-77.7933 24.3656 -40.2137  255 255 255
-65.9108 24.4959 -48.6034  255 255 255
-77.2945 22.9191 -41.408  255 255 255
-48.096 16.2655 -48.0451  255 255 255
-18.8625 12.5215 -45.0623  255 255 255
-21.2461 9.16992 -40.7722  255 255 255
-31.9461 8.8952 -41.3561  255 255 255
-34.4363 8.47262 -40.0918  255 255 255
-8.98062 -1.33474 27.4835  255 255 255
-18.2974 2.1972 1.87075  255 255 255
-14.7692 1.15193 7.42693  255 255 255
-16.0171 0.361131 8.70216  255 255 255
-23.988 5.10023 -33.7685  255 255 255
-16.4868 -0.643122 10.1389  255 255 255
-17.7912 -1.05318 10.208  255 255 255
-27.0135 4.32589 -33.5878  255 255 255
-12.0415 -3.33308 27.6693  255 255 255
-20.2591 -0.572429 5.40115  255 255 255
-18.6646 -1.68824 11.967  255 255 255
-22.5142 -1.10996 6.03621  255 255 255
-18.8352 -1.84324 11.1562  255 255 255
-17.9288 -1.94764 11.9767  255 255 255
-19.2526 -1.94832 11.6128  255 255 255
-19.2272 -1.9293 11.4722  255 255 255
-15.0002 -3.81954 25.6115  255 255 255
-15.4845 -4.23741 25.4919  255 255 255
-50.4353 2.68522 -32.3277  255 255 255
-18.8356 -3.14838 13.0828  255 255 255
-19.1427 -3.46475 13.5225  255 255 255
-24.8007 -3.21177 8.69201  255 255 255
-19.1259 -3.98388 14.2184  255 255 255
-25.617 -3.6138 9.29003  255 255 255
-25.2579 -3.89972 9.49668  255 255 255
-25.2579 -3.89972 9.49668  255 255 255
-23.386 -3.96845 9.49276  255 255 255
-20.2561 -5.04231 15.9803  255 255 255
-21.0537 -5.06916 15.4325  255 255 255
-11.8403 -6.82555 30.3773  255 255 255
-24.9777 -1.08146 -27.8187  255 255 255
-24.7682 -0.937698 -29.5017  255 255 255
-23.774 -4.81377 9.94644  255 255 255
-21.3634 -5.44002 15.7074  255 255 255
-9.81017 -7.74129 32.0411  255 255 255
-26.5842 -5.72362 12.4742  255 255 255
-21.5942 -6.65281 17.1821  255 255 255
-21.887 -6.6753 17.3324  255 255 255
-60.5052 -3.67834 -24.3679  255 255 255
-22.4391 -7.83343 18.5226  255 255 255
-12.0288 -9.60035 31.6866  255 255 255
-40.853 -5.17015 -24.0286  255 255 255
-2.69007 -10.2516 35.2312  255 255 255
-56.939 208.764 -114.026  255 255 255
-103.49 193.971 -99.9683  255 255 255
-115.31 190.617 -95.0364  255 255 255
-111.316 189.084 -94.5033  255 255 255
-111.316 189.084 -94.5033  255 255 255
-115.202 189.606 -94.9723  255 255 255
-110.556 188.072 -94.5661  255 255 255
-34.3979 192.103 -109.543  255 255 255
-38.3152 189.753 -107.658  255 255 255
-101.965 181.702 -92.4045  255 255 255
-98.2693 180.964 -93.1529  255 255 255
-104.742 179.191 -90.3121  255 255 255
-121.759 184.707 -99.8929  255 255 255
-127.205 183.433 -98.4413  255 255 255
-46.8669 158.217 -74.2671  255 255 255
-29.6648 160.405 -79.9538  255 255 255
-93.4837 143.154 -50.8728  255 255 255
-61.3515 152.101 -66.7815  255 255 255
-62.604 151.949 -66.6375  255 255 255
-30.0695 158.488 -79.1638  255 255 255
-51.7894 153.137 -69.755  255 255 255
-55.7121 152.48 -68.6875  255 255 255
-55.7121 152.48 -68.6875  255 255 255
-126.812 170.189 -84.6129  255 255 255
-36.0727 155.485 -75.1009  255 255 255
-93.4996 141.587 -50.115  255 255 255
-83.1878 145.525 -56.9069  255 255 255
-33.0152 155.579 -76.605  255 255 255
-45.9165 153.337 -72.256  255 255 255
-52.1343 151.278 -69.091  255 255 255
-132.345 165.871 -80.4892  255 255 255
-132.919 164.465 -80.111  255 255 255
-81.2529 143.153 -56.7098  255 255 255
-66.7961 145.764 -62.4288  255 255 255
-54.2487 146.824 -66.6127  255 255 255
-82.402 139.746 -53.6085  255 255 255
-68.3288 143.206 -60.6087  255 255 255
-65.5091 143.587 -61.7327  255 255 255
4.98972 131.431 -51.8657  255 255 255
-32.5402 149.297 -74.2764  255 255 255
17.6694 130.223 -52.1775  255 255 255
17.6452 130.043 -51.8561  255 255 255
-129.578 159.114 -76.9238  255 255 255
-6.30895 127.543 -46.2794  255 255 255
-133.006 157.996 -75.3555  255 255 255
-131.99 156.426 -74.6836  255 255 255
-137.349 154.766 -71.8459  255 255 255
-134.358 153.478 -71.9135  255 255 255
-135.594 153.275 -71.6089  255 255 255
-64.4687 138.744 -59.8701  255 255 255
-16.9789 116.225 -37.6447  255 255 255
-0.0386021 114.338 -37.4902  255 255 255
-99.3549 121.111 -38.809  255 255 255
-75.4488 102.898 -16.1166  255 255 255
-96.3594 119.467 -42.9328  255 255 255
-100.604 117.13 -41.5689  255 255 255
-50.3824 101.661 -24.8342  255 255 255
17.7165 109.645 -47.7505  255 255 255
-164.283 146.051 -87.0577  255 255 255
-99.8841 114.609 -44.4823  255 255 255
-163.903 145.844 -87.4106  255 255 255
-163.218 145.054 -86.4915  255 255 255
-115.863 107.571 -44.6694  255 255 255
-76.7114 83.0114 -9.82518  255 255 255
14.0158 96.9416 -44.895  255 255 255
8.12081 95.7284 -42.3577  255 255 255
11.7297 91.6132 -48.9358  255 255 255
-83.2649 80.3055 -20.6076  255 255 255
-27.1503 79.2891 -29.6559  255 255 255
-10.2347 81.454 -41.1022  255 255 255
-10.738 78.4151 -43.2948  255 255 255
-60.9942 67.1314 -14.0555  255 255 255
-60.9942 67.1314 -14.0555  255 255 255
-82.1076 62.531 -2.24569  255 255 255
29.8264 86.9782 -68.0142  255 255 255
-6.96294 77.1748 -46.8988  255 255 255
-4.17935 78.3833 -50.2716  255 255 255
20.5681 82.8433 -63.9117  255 255 255
-4.81125 76.6972 -49.556  255 255 255
-11.8454 74.5995 -45.5672  255 255 255
-23.0156 71.8227 -39.5009  255 255 255
-23.0183 71.8303 -39.5245  255 255 255
-55.7057 64.4827 -20.0467  255 255 255
-59.0306 63.8361 -18.6682  255 255 255
10.6565 78.3649 -59.3079  255 255 255
22.4005 81.3261 -68.1008  255 255 255
-55.3345 63.8702 -21.8591  255 255 255
-41.5169 66.4659 -29.5471  255 255 255
15.8494 77.9154 -63.0367  255 255 255
-41.8216 66.0779 -29.6827  255 255 255
14.5547 77.6945 -62.8805  255 255 255
17.8479 78.4239 -64.9729  255 255 255
-21.511 70.2635 -41.9686  255 255 255
-153.026 100.939 -97.4582  255 255 255
11.4749 75.9752 -61.5091  255 255 255
-42.2785 65.1721 -30.3848  255 255 255
-42.2566 65.2119 -30.4677  255 255 255
-56.1129 61.9832 -22.4637  255 255 255
-56.1129 61.9832 -22.4637  255 255 255
0.222173 73.2136 -56.9737  255 255 255
24.1583 78.0856 -71.7509  255 255 255
-1.75383 71.9883 -54.4613  255 255 255
-19.9513 68.3669 -44.0149  255 255 255
-44.5632 63.5604 -30.167  255 255 255
0.0436009 72.6661 -56.9446  255 255 255
1.3621 72.3153 -57.5215  255 255 255
-15.4732 68.5772 -47.9074  255 255 255
-36.1189 64.3046 -35.7647  255 255 255
-23.9602 66.1701 -43.7858  255 255 255
-48.4684 61.3656 -29.6096  255 255 255
-17.1522 66.4264 -48.7028  255 255 255
39.8043 77.4206 -82.7446  255 255 255
14.4197 71.4658 -68.6455  255 255 255
-16.4475 63.4611 -51.9619  255 255 255
-50.0942 57.0336 -32.1001  255 255 255
10.7023 67.1524 -69.4066  255 255 255
10.4826 65.576 -70.0966  255 255 255
22.8525 67.7299 -78.5069  255 255 255
14.2261 65.624 -72.3408  255 255 255
-160.14 74.2128 -103.426  255 255 255
27.0007 61.3851 -87.8861  255 255 255
46.7675 64.2542 -99.3221  255 255 255
-3.61432 54.4268 -66.3787  255 255 255
27.7479 59.8652 -87.6562  255 255 255
2.56939 55.032 -74.2245  255 255 255
-8.84855 52.6681 -65.7139  255 255 255
35.6565 59.3443 -94.9984  255 255 255
-75.147 42.0431 -26.4643  255 255 255
-79.9767 40.8812 -22.5643  255 255 255
-26.7488 47.3232 -55.2226  255 255 255
-12.9149 48.4669 -68.1879  255 255 255
-58.5447 41.4984 -38.8547  255 255 255
-72.0453 38.5775 -30.5772  255 255 255
-72.114 38.7392 -31.1089  255 255 255
-31.102 44.6057 -57.9398  255 255 255
-73.6597 38.3695 -30.8531  255 255 255
-73.9238 38.0487 -30.9359  255 255 255
-77.3043 37.0974 -28.5698  255 255 255
-77.3043 37.0974 -28.5698  255 255 255
-14.4854 44.998 -69.8426  255 255 255
-14.4949 44.9833 -69.8184  255 255 255
-54.4379 39.346 -44.222  255 255 255
-58.561 36.169 -43.5598  255 255 255
-76.0556 32.114 -31.6627  255 255 255
-11.26 40.2559 -75.9976  255 255 255
-36.1815 35.5463 -61.061  255 255 255
-36.2203 35.6741 -61.5253  255 255 255
-81.5176 29.1687 -33.0794  255 255 255
-51.8597 30.7644 -53.3982  255 255 255
-51.8714 30.8103 -53.5888  255 255 255
4.68017 31.7659 -68.1339  255 255 255
-83.6327 24.9963 -34.5415  255 255 255
-81.7255 23.7053 -37.2432  255 255 255
-78.1828 24.1703 -40.1895  255 255 255
-83.1153 22.6447 -35.9428  255 255 255
9.35583 23.7043 -58.6822  255 255 255
-77.7936 22.7685 -41.8373  255 255 255
7.08949 23.333 -58.2739  255 255 255
4.67143 22.3113 -56.6211  255 255 255
-69.2909 19.8786 -49.3879  255 255 255
-73.6994 16.5236 -46.2986  255 255 255
-7.50859 2.42745 21.6273  255 255 255
-7.58239 2.41812 21.8384  255 255 255
-13.1645 12.3491 -45.2729  255 255 255
-17.6503 12.532 -46.3343  255 255 255
-15.0208 11.2495 -44.1042  255 255 255
-10.8279 0.668384 23.3346  255 255 255
-15.0125 -0.526513 20.0112  255 255 255
-9.9503 -1.75151 27.4747  255 255 255
-15.9726 0.927749 7.95958  255 255 255
-37.0158 7.62936 -39.1875  255 255 255
-16.6468 0.142338 8.83965  255 255 255
-16.6107 0.172382 8.66235  255 255 255
-17.1408 -0.509338 9.71144  255 255 255
-66.918 5.5945 -34.4447  255 255 255
-17.2379 -0.844641 10.1661  255 255 255
-13.6412 -2.91237 25.8829  255 255 255
-9.17397 -3.52202 29.2584  255 255 255
-71.5807 4.65647 -34.264  255 255 255
-72.8386 3.98484 -32.3407  255 255 255
-18.2011 -2.44129 12.0933  255 255 255
-15.6332 -5.07654 26.0299  255 255 255
-7.02981 -6.4815 32.5111  255 255 255
-81.2093 -0.649675 -26.684  255 255 255
-20.245 -5.67812 16.0418  255 255 255
-23.8204 -5.16816 10.8333  255 255 255
-11.596 -8.4851 31.5031  255 255 255
-39.2509 189.449 -106.096  255 255 255
-43.5307 187.919 -105.354  255 255 255
-108.452 180.279 -90.1488  255 255 255
-19.1601 167.302 -86.0063  255 255 255
-58.2375 154.79 -69.562  255 255 255
-87.1928 144.973 -53.8311  255 255 255
-87.1928 144.973 -53.8311  255 255 255
-5.96023 141.898 -58.4101  255 255 255
17.9364 133.285 -48.709  255 255 255
-60.7584 151.135 -66.7996  255 255 255
-63.374 150.641 -65.9548  255 255 255
-81.7922 145.68 -57.1542  255 255 255
-43.4526 153.864 -72.9075  255 255 255
-82.3744 145.564 -57.349  255 255 255
-73.3519 147.507 -61.233  255 255 255
-93.5472 140.454 -49.4479  255 255 255
-80.7434 145.273 -57.6031  255 255 255
-40.0483 153.139 -73.9011  255 255 255
-51.4108 150.034 -68.8319  255 255 255
-91.6409 139.548 -49.843  255 255 255
-77.3921 144.359 -58.7315  255 255 255
-96.8385 138.67 -48.6197  255 255 255
-65.2578 145.475 -62.4781  255 255 255
-42.9644 149.327 -70.3255  255 255 255
7.2644 132.759 -52.1702  255 255 255
-72.7784 143.608 -59.6497  255 255 255
-94.7422 137.116 -48.02  255 255 255
-75.2696 142.774 -58.3384  255 255 255
-103.153 157.612 -76.169  255 255 255
-88.946 137.2 -50.3137  255 255 255
-93.985 135.829 -48.1137  255 255 255
-73.1104 141.352 -58.3976  255 255 255
-9.4479 126.437 -44.7389  255 255 255
-66.1194 141.73 -60.6856  255 255 255
-67.3406 141.267 -60.2595  255 255 255
-67.3406 141.267 -60.2595  255 255 255
18.4312 129.743 -52.9388  255 255 255
-78.7334 138.179 -55.4536  255 255 255
-77.3584 138.435 -55.9131  255 255 255
-62.9204 141.113 -61.4462  255 255 255
-61.3376 140.84 -61.5122  255 255 255
-65.0663 139.881 -60.1258  255 255 255
0.300135 127.026 -48.8653  255 255 255
-81.6704 115.225 -23.2982  255 255 255
-75.2005 136.799 -55.5218  255 255 255
-58.037 140.219 -62.4335  255 255 255
-12.9021 122.99 -42.3387  255 255 255
-63.0564 138.285 -59.5065  255 255 255
-63.6945 136.912 -58.9179  255 255 255
-95.6488 124.883 -42.2582  255 255 255
-17.7726 114.812 -36.9825  255 255 255
-99.7779 119.362 -37.2934  255 255 255
-70.1387 104.327 -18.3985  255 255 255
-15.9138 112.24 -36.777  255 255 255
-95.5112 121.419 -42.054  255 255 255
-94.2042 120.837 -41.9012  255 255 255
-98.8517 118.827 -40.0866  255 255 255
-74.4518 99.4583 -15.0348  255 255 255
18.6452 115.235 -50.0473  255 255 255
-14.0704 105.267 -34.7454  255 255 255
-112.074 122.299 -51.8221  255 255 255
-112.254 121.183 -51.4205  255 255 255
-112.316 121.27 -51.5189  255 255 255
-53.7158 97.9728 -22.3921  255 255 255
-12.224 99.4074 -35.6983  255 255 255
-82.582 89.0198 -12.3387  255 255 255
-1.10786 97.5674 -36.5204  255 255 255
-114.585 110.52 -46.653  255 255 255
-116.003 110.415 -46.4652  255 255 255
-118.197 104.862 -43.1168  255 255 255
32.7999 101.623 -54.4412  255 255 255
-44.6755 84.3742 -21.7013  255 255 255
12.7627 89.4693 -53.5882  255 255 255
10.9552 88.2701 -51.5265  255 255 255
18.4807 89.4469 -55.5978  255 255 255
-55.5203 70.7111 -12.509  255 255 255
17.9732 87.6151 -57.339  255 255 255
-46.434 72.4994 -20.4711  255 255 255
-67.1354 67.1714 -7.28544  255 255 255
-65.0281 68.0271 -9.39969  255 255 255
22.4102 87.1512 -61.3786  255 255 255
3.1776 83.3345 -52.0642  255 255 255
-79.6406 63.4673 -3.21007  255 255 255
-7.56803 79.177 -44.6695  255 255 255
43.3388 89.133 -74.8684  255 255 255
-26.9872 72.7136 -35.8188  255 255 255
-26.9918 72.7203 -35.7775  255 255 255
43.1162 89.5975 -80.6774  255 255 255
-20.5682 73.4172 -39.878  255 255 255
-41.9301 68.4359 -27.5437  255 255 255
-4.17056 75.4524 -50.3466  255 255 255
56.635 87.0573 -86.2595  255 255 255
45.2837 80.9251 -83.6981  255 255 255
-2.89229 71.0504 -56.0508  255 255 255
-67.9693 57.7519 -17.7709  255 255 255
-4.84397 69.4037 -55.9129  255 255 255
53.5793 79.6872 -90.3506  255 255 255
-68.9876 56.3992 -18.2875  255 255 255
-68.9876 56.3992 -18.2875  255 255 255
11.2841 70.9809 -67.0954  255 255 255
22.2479 69.1224 -73.5058  255 255 255
36.4703 71.108 -86.2967  255 255 255
-40.5311 55.8226 -40.2513  255 255 255
8.79161 62.4738 -69.1139  255 255 255
-11.7154 59.7321 -59.5908  255 255 255
-52.6974 51.9085 -34.7557  255 255 255
-52.722 51.9235 -34.7327  255 255 255
-52.722 51.9235 -34.7327  255 255 255
-26.4302 53.3196 -53.3023  255 255 255
26.5546 59.4151 -90.4481  255 255 255
-59.4522 41.6755 -37.8177  255 255 255
-59.3673 41.6232 -37.5175  255 255 255
-65.8052 37.6284 -37.1615  255 255 255
-72.2421 35.5486 -33.7259  255 255 255
-9.26743 41.5643 -75.2946  255 255 255
-40.2789 36.6925 -56.629  255 255 255
-65.8042 32.4519 -41.5131  255 255 255
-77.7509 30.0426 -34.641  255 255 255
-59.2509 31.0176 -48.197  255 255 255
-59.9131 29.0621 -49.2268  255 255 255
-62.9415 27.4409 -48.445  255 255 255
-77.2762 25.4087 -39.4651  255 255 255
11.8434 24.5601 -61.2392  255 255 255
7.95223 21.632 -57.669  255 255 255
-77.2042 20.5416 -43.9788  255 255 255
-78.478 18.1287 -43.858  255 255 255
-76.0517 17.801 -46.8944  255 255 255
-22.6172 11.859 -43.3906  255 255 255
-69.3763 9.36878 -39.0283  255 255 255
-92.5544 8.30851 -35.6428  255 255 255
-8.19921 -2.39633 28.7541  255 255 255
-20.8395 5.24952 -36.1804  255 255 255
-11.5919 -2.7538 27.4057  255 255 255
-20.7477 0.177816 4.02273  255 255 255
-24.4931 4.70333 -35.787  255 255 255
-85.0098 4.07809 -32.1633  255 255 255
-71.6897 4.03726 -32.6935  255 255 255
-85.0799 3.58567 -31.4117  255 255 255
-26.8351 1.37171 -30.8517  255 255 255
-25.7176 -1.32214 -26.8637  255 255 255
-68.6763 -1.51946 -26.8254  255 255 255
-24.8056 -6.83526 13.6328  255 255 255
-43.53 -3.44152 -26.5215  255 255 255
-11.2544 -8.81641 31.6856  255 255 255
-40.298 -4.8716 -23.2297  255 255 255
-21.4972 -8.35662 19.26  255 255 255
-21.843 -8.42994 19.3934  255 255 255
15.912 137.223 -46.8122  255 255 255
16.6119 136.786 -46.9952  255 255 255
-0.804574 127.309 -48.4408  255 255 255
-6.4616 121.939 -43.9472  255 255 255
-64.9849 101.488 -19.1431  255 255 255
-104.649 119.34 -44.2177  255 255 255
2.40433 108.414 -41.9551  255 255 255
-99.6618 115.76 -43.2964  255 255 255
-99.5753 115.57 -43.1785  255 255 255
-98.9667 115.298 -43.579  255 255 255
-110.044 121.013 -51.9141  255 255 255
-111.235 119.201 -50.7975  255 255 255
-115.836 114.253 -48.2078  255 255 255
-114.321 111.584 -46.7856  255 255 255
-116.193 109.436 -45.8094  255 255 255
-116.544 107.354 -45.012  255 255 255
-116.544 107.354 -45.012  255 255 255
-112.982 106.107 -44.9606  255 255 255
26.7575 98.1823 -54.5386  255 255 255
-76.2995 74.4302 -4.86947  255 255 255
22.6767 92.4055 -56.3608  255 255 255
-9.48013 85.2171 -40.4838  255 255 255
-33.2825 76.9265 -26.7347  255 255 255
56.1817 96.1789 -77.9621  255 255 255
40.7874 92.7701 -69.8469  255 255 255
25.3265 88.4857 -62.5368  255 255 255
0.18857 82.202 -47.9536  255 255 255
1.57803 82.0622 -49.436  255 255 255
-82.7281 62.1734 -0.257965  255 255 255
-42.3218 70.7168 -24.9839  255 255 255
-91.3074 66.8527 -12.6716  255 255 255
56.9224 88.8531 -84.714  255 255 255
16.4214 78.2119 -63.2835  255 255 255
18.5642 78.3146 -65.244  255 255 255
-36.2943 67.0011 -33.0956  255 255 255
-63.9779 59.358 -20.1685  255 255 255
-16.6567 66.8681 -48.2714  255 255 255
-2.16513 69.3332 -57.9129  255 255 255
0.97954 62.7889 -66.1635  255 255 255
-25.4873 54.0009 -53.0093  255 255 255
46.7464 65.5273 -97.3125  255 255 255
6.65913 57.1859 -71.5636  255 255 255
-7.40293 54.0389 -65.5336  255 255 255
-13.4615 51.1991 -66.0674  255 255 255
-76.9316 37.4924 -27.8692  255 255 255
-61.0805 38.0441 -40.146  255 255 255
-66.8327 36.8665 -38.119  255 255 255
-127.408 48.9598 -78.7219  255 255 255
-81.9718 33.4492 -28.0202  255 255 255
-79.8556 33.702 -29.5483  255 255 255
-1.74266 43.9604 -81.0933  255 255 255
-80.5461 32.5212 -29.5895  255 255 255
-27.4809 37.785 -65.3723  255 255 255
13.8482 38.4414 -77.0696  255 255 255
9.97371 36.7259 -73.4665  255 255 255
-64.1498 30.2772 -44.2759  255 255 255
-53.6643 31.3371 -51.8599  255 255 255
-1.73042 27.3955 -62.9357  255 255 255
-88.6667 24.0288 -38.6623  255 255 255
1.12368 21.1439 -56.8797  255 255 255
-70.4678 20.4044 -50.1585  255 255 255
-14.1591 11.9467 -44.5876  255 255 255
-16.8403 11.4638 -44.2494  255 255 255
-18.2787 9.39089 -41.8117  255 255 255
-15.9453 -2.14621 22.8304  255 255 255
-29.5045 5.29447 -37.1785  255 255 255
-16.5844 -2.22242 21.2878  255 255 255
-22.1834 -0.450631 4.85814  255 255 255
-32.2998 2.56271 -33.7028  255 255 255
-9.86626 -5.10208 30.3752  255 255 255
-17.3041 -5.23237 24.122  255 255 255
-36.1029 0.239145 -29.9387  255 255 255
-17.9819 -6.23228 23.997  255 255 255
-18.7198 -6.30982 22.2108  255 255 255
-39.3765 -3.99882 -24.9487  255 255 255
-27.687 -7.35528 14.4288  255 255 255
-59.7961 196.514 -112.35  255 255 255
-98.6988 120.11 -39.6639  255 255 255
-104.602 121.472 -42.512  255 255 255
-96.6295 117.012 -43.3861  255 255 255
-135.153 123.261 -61.628  255 255 255
39.9854 100.224 -60.969  255 255 255
-11.9787 81.3311 -39.5769  255 255 255
-74.8388 65.0227 -4.27272  255 255 255
-47.6334 69.6272 -21.7506  255 255 255
42.3228 88.0011 -74.716  255 255 255
56.4215 91.0643 -83.7301  255 255 255
-42.5182 67.9257 -28.0251  255 255 255
44.9131 86.4146 -79.0209  255 255 255
-7.92586 71.9275 -51.5978  255 255 255
22.7232 74.6382 -71.2608  255 255 255
41.4106 73.3261 -86.8568  255 255 255
41.6741 69.9646 -88.2564  255 255 255
32.8504 66.8209 -82.8069  255 255 255
32.7848 63.399 -88.3946  255 255 255
-33.1091 48.3642 -52.5885  255 255 255
2.9954 51.8279 -74.5983  255 255 255
-59.6882 42.4295 -37.3722  255 255 255
-51.6402 39.5218 -45.1752  255 255 255
-67.2187 36.1413 -38.334  255 255 255
-13.5867 40.4593 -74.2823  255 255 255
-80.1244 21.8191 -37.5601  255 255 255
-84.2148 20.3907 -35.8209  255 255 255
5.80395 19.4894 -54.8649  255 255 255
-80.3065 18.3801 -42.1706  255 255 255
-17.0782 9.14156 -41.815  255 255 255
-93.3904 8.07937 -35.6784  255 255 255
-15.7599 -1.9304 22.1383  255 255 255
-8.21008 -3.17691 29.4192  255 255 255
-33.4767 4.85134 -34.2696  255 255 255
-26.7729 3.10829 -33.871  255 255 255
-15.7508 -3.86509 24.7009  255 255 255
-50.2273 0.46299 -30.6121  255 255 255
-23.5307 -4.19517 10.0271  255 255 255
-26.9507 -0.838698 -29.2668  255 255 255
-26.3851 -4.42164 10.1418  255 255 255
-40.5241 -1.83023 -26.9662  255 255 255
-18.5223 -6.82186 23.4179  255 255 255
15.7827 211.892 -134.195  255 255 255
-74.6579 189.045 -104.058  255 255 255
-40.6906 73.5837 -24.8894  255 255 255
-51.9916 69.2634 -19.3348  255 255 255
-79.792 61.4254 -4.34839  255 255 255
-10.1337 73.6894 -45.2196  255 255 255
-0.0214847 72.2632 -57.0472  255 255 255
-63.8538 47.1792 -31.2786  255 255 255
21.9686 60.229 -84.2005  255 255 255
-7.69138 53.1983 -67.6373  255 255 255
-8.08652 43.3632 -75.8179  255 255 255
-80.2751 24.5577 -37.9883  255 255 255
-80.1052 24.4242 -37.3055  255 255 255
8.77466 21.746 -55.858  255 255 255
-18.0532 -1.70466 11.2756  255 255 255
-38.2636 -1.04651 -28.9172  255 255 255
-38.3844 154.628 -74.9074  255 255 255
-38.4073 154.734 -75.0333  255 255 255
-74.7478 144.94 -59.6307  255 255 255
-52.4488 148.854 -68.1474  255 255 255
-68.523 145.504 -62.032  255 255 255
-68.523 145.504 -62.032  255 255 255
-41.185 148.265 -71.437  255 255 255
17.03 87.0039 -55.9791  255 255 255
-158.375 98.5278 -109.966  255 255 255
36.2164 60.1136 -95.7329  255 255 255
31.7524 58.9171 -92.6808  255 255 255
-11.7636 45.1739 -70.3654  255 255 255
-74.1029 34.4155 -32.4741  255 255 255
-5.72432 43.146 -76.2872  255 255 255
-19.6857 29.2694 -65.387  255 255 255
-77.8082 23.7536 -41.0469  255 255 255
-18.7771 -1.31033 10.5468  255 255 255
-19.1546 -4.03629 14.3246  255 255 255
-63.3281 144.283 -63.5046  255 255 255
-11.5881 110.227 -38.0718  255 255 255
19.5983 113.183 -50.6391  255 255 255
-12.3008 51.7197 -64.6369  255 255 255
-24.8126 46.5404 -58.2467  255 255 255
-76.5777 30.2236 -35.2643  255 255 255
22.2664 22.7238 -58.6864  255 255 255
-114.224 187.009 -96.1985  255 255 255
-59.188 147.744 -65.5385  255 255 255
43.6316 68.7996 -90.7617  255 255 255
31.6608 65.2167 -81.1934  255 255 255
-1.19844 52.4661 -70.1945  255 255 255
-29.3701 46.2977 -56.8268  255 255 255
-14.7459 42.3225 -68.2296  255 255 255
-80.9322 64.7657 -2.85104  255 255 255
-21.7092 45.3582 -63.0211  255 255 255
6.23077 64.7904 -67.3603  255 255 255
-40.3204 35.7325 -61.178  255 255 255
52.3448 49.5268 -10.9034  255 255 255
52.2581 49.2899 -11.6474  255 255 255
52.1856 49.2485 -11.5289  255 255 255
50.0977 48.6413 -16.0515  255 255 255
49.5398 34.0525 14.285  255 255 255
50.3709 47.6127 -16.5298  255 255 255
20.2699 74.9027 -70.6784  255 255 255
49.1303 74.788 -89.712  255 255 255
53.3301 74.7985 -91.7939  255 255 255
44.3431 73.7522 -87.5899  255 255 255
21.428 72.2527 -74.8746  255 255 255
15.459 69.9461 -68.9472  255 255 255
-3.13577 68.2467 -56.7532  255 255 255
-10.6702 67.7358 -52.2919  255 255 255
-2.06028 68.3209 -57.5708  255 255 255
49.269 42.095 -21.8871  255 255 255
49.269 42.095 -21.8871  255 255 255
49.95 41.8812 -21.7599  255 255 255
8.04587 68.9097 -65.7604  255 255 255
53.2777 71.8125 -95.202  255 255 255
42.7628 69.4044 -88.4243  255 255 255
55.3833 70.9073 -98.7244  255 255 255
55.3833 70.9073 -98.7244  255 255 255
53.4462 23.7097 13.9231  255 255 255
16.0916 66.453 -72.9559  255 255 255
50.003 25.4181 8.83409  255 255 255
50.724 24.9913 9.62566  255 255 255
53.4122 22.367 14.0348  255 255 255
53.9452 21.4082 15.6354  255 255 255
10.2327 64.6881 -69.6134  255 255 255
51.4527 23.7216 10.4168  255 255 255
12.9875 64.6394 -72.2727  255 255 255
14.4477 64.656 -73.1402  255 255 255
54.8271 19.8836 16.6311  255 255 255
46.3958 66.2501 -95.9762  255 255 255
52.6206 21.3193 12.6876  255 255 255
55.1779 19.2478 15.3689  255 255 255
47.907 37.0066 -27.5804  255 255 255
26.5191 63.1758 -83.1548  255 255 255
25.4735 63.4992 -83.8226  255 255 255
54.86 18.1234 14.8468  255 255 255
50.1998 34.6703 -25.5359  255 255 255
47.6045 36.6585 -29.7283  255 255 255
5.25019 60.4794 -69.3708  255 255 255
48.2866 36.1645 -29.8023  255 255 255
-6.53693 59.8567 -61.931  255 255 255
53.151 19.1385 10.909  255 255 255
-5.88194 59.8695 -63.0137  255 255 255
47.7796 35.1968 -29.8721  255 255 255
50.8073 20.1689 7.06053  255 255 255
53.4633 17.745 11.5708  255 255 255
29.7038 61.1761 -90.7221  255 255 255
49.1254 21.0907 4.27273  255 255 255
-7.37294 58.2135 -62.3889  255 255 255
51.4193 31.2018 -24.1175  255 255 255
52.5514 17.864 9.75271  255 255 255
55.4726 15.124 14.56  255 255 255
49.7695 19.8765 4.51698  255 255 255
52.7776 17.2099 9.81017  255 255 255
51.3057 18.1749 7.53622  255 255 255
49.2242 20.0493 3.36158  255 255 255
-11.7547 56.6013 -60.4615  255 255 255
10.1276 57.507 -75.7825  255 255 255
49.4295 19.4644 4.17622  255 255 255
58.3388 11.8736 19.1761  255 255 255
55.179 26.018 -18.8919  255 255 255
53.2191 15.9201 9.30089  255 255 255
8.89836 56.3494 -76.1824  255 255 255
-13.2772 55.3397 -60.3895  255 255 255
-9.18616 55.2214 -63.1001  255 255 255
25.5316 56.1865 -88.3778  255 255 255
50.3056 17.2012 2.77409  255 255 255
49.8263 17.0281 3.02255  255 255 255
54.5505 13.1419 11.2442  255 255 255
49.4557 16.998 2.54463  255 255 255
52.8767 14.3287 7.45699  255 255 255
50.7981 16.0905 2.9005  255 255 255
58.682 9.28971 17.6748  255 255 255
48.7523 17.0903 0.84048  255 255 255
50.1527 15.8416 3.28018  255 255 255
3.03601 53.4681 -74.5058  255 255 255
3.03601 53.4681 -74.5058  255 255 255
49.9102 15.7878 2.4548  255 255 255
50.9953 14.8476 4.09151  255 255 255
50.37 15.2983 2.53403  255 255 255
49.9991 25.9049 -29.828  255 255 255
55.9563 20.6021 -20.0393  255 255 255
55.6486 10.4047 9.84197  255 255 255
53.9087 21.9855 -24.3763  255 255 255
52.7808 11.8387 6.49369  255 255 255
53.0165 11.5905 6.62681  255 255 255
54.278 10.343 7.9038  255 255 255
54.1951 10.0464 8.3177  255 255 255
48.2583 14.7182 -2.17127  255 255 255
53.4856 10.7038 6.17167  255 255 255
55.5947 8.41805 10.6061  255 255 255
49.0542 13.5631 -1.18879  255 255 255
2.07945 49.1981 -79.1349  255 255 255
46.723 25.7027 -38.6835  255 255 255
49.1309 12.4591 -1.85282  255 255 255
49.6098 22.7419 -34.2149  255 255 255
47.2897 13.8275 -5.08226  255 255 255
47.2897 13.8275 -5.08226  255 255 255
53.4915 8.626 6.03394  255 255 255
49.3803 12.0663 -2.00984  255 255 255
54.4134 18.3926 -26.2059  255 255 255
48.9065 11.9294 -3.06141  255 255 255
52.5719 9.12766 3.22359  255 255 255
52.5776 9.13474 3.19776  255 255 255
53.5865 7.96655 4.92187  255 255 255
53.4973 7.94203 5.02978  255 255 255
51.2359 9.74358 0.629715  255 255 255
53.4905 7.61243 5.4618  255 255 255
50.4182 9.45426 1.0665  255 255 255
51.9796 8.76713 1.49602  255 255 255
48.1149 11.6878 -5.44284  255 255 255
46.8382 23.0001 -41.1226  255 255 255
46.7773 22.4042 -40.8852  255 255 255
47.0309 22.0184 -39.9996  255 255 255
22.1727 39.2719 -78.8062  255 255 255
47.133 21.2179 -41.4404  255 255 255
21.9234 37.9835 -77.067  255 255 255
47.5094 20.6476 -40.8163  255 255 255
49.2076 8.98625 -3.56662  255 255 255
51.6195 7.03089 0.130386  255 255 255
50.8441 7.41986 -1.95822  255 255 255
56.0332 3.4502 7.27796  255 255 255
56.0332 3.4502 7.27796  255 255 255
49.1001 8.72426 -5.30225  255 255 255
-18.896 42.7675 -65.7088  255 255 255
51.8473 5.97522 -0.685803  255 255 255
52.2951 5.12741 -0.294762  255 255 255
15.0615 34.8267 -72.8685  255 255 255
58.7908 0.0877846 10.7898  255 255 255
52.5354 4.31302 0.965422  255 255 255
51.1875 5.10224 -1.97122  255 255 255
59.1193 -0.721913 11.8828  255 255 255
50.9971 4.96948 -2.2787  255 255 255
51.459 4.63808 -1.52759  255 255 255
57.973 -0.0888299 9.58981  255 255 255
52.6302 13.3747 -34.0408  255 255 255
52.4288 3.81239 -0.527303  255 255 255
53.1382 3.06183 0.602621  255 255 255
53.3045 2.51381 0.882686  255 255 255
53.3552 2.54588 0.811303  255 255 255
-25.8693 40.2445 -65.0259  255 255 255
54.0427 1.64107 1.77666  255 255 255
54.0427 1.64107 1.77666  255 255 255
54.4534 1.43508 2.23377  255 255 255
56.38 -0.274404 6.77858  255 255 255
57.2451 -0.742779 7.56913  255 255 255
57.2451 -0.742779 7.56913  255 255 255
52.573 2.60528 -1.01563  255 255 255
57.0854 -1.31757 7.97469  255 255 255
56.9639 -0.988952 6.64347  255 255 255
49.2502 4.60344 -7.25379  255 255 255
51.6633 2.80392 -2.95638  255 255 255
54.8206 0.303517 3.47313  255 255 255
4.75073 32.3459 -68.962  255 255 255
57.0039 -1.27296 6.4405  255 255 255
48.6197 4.54775 -9.30006  255 255 255
48.16 13.8432 -44.3074  255 255 255
54.0658 0.16782 0.8843  255 255 255
51.7097 1.76386 -3.51501  255 255 255
57.2722 -2.33335 6.31959  255 255 255
48.8344 12.2449 -43.049  255 255 255
13.7433 26.1068 -62.9018  255 255 255
58.4718 -3.81161 7.70537  255 255 255
-2.64109 30.9437 -66.829  255 255 255
51.302 1.15071 -4.9673  255 255 255
51.2931 1.14818 -4.94492  255 255 255
51.8233 0.455979 -4.94341  255 255 255
59.0397 -5.00531 8.89756  255 255 255
10.652 24.9013 -61.5893  255 255 255
7.28391 24.7517 -60.0681  255 255 255
51.5076 -0.369371 -5.54156  255 255 255
55.2234 -4.1441 0.687113  255 255 255
-0.153531 24.5241 -58.891  255 255 255
19.8722 17.7737 -54.1753  255 255 255
49.0514 -0.357589 -11.511  255 255 255
48.7954 -0.49446 -11.819  255 255 255
48.7954 -0.49446 -11.819  255 255 255
3.76722 1.96346 22.9258  255 255 255
-2.79073 23.5732 -58.6688  255 255 255
47.9161 -0.230846 -14.5122  255 255 255
56.5926 -6.84899 2.14746  255 255 255
58.1415 -7.7093 3.66471  255 255 255
58.7078 -8.50439 5.3125  255 255 255
59.5415 -9.28536 6.32391  255 255 255
57.7403 -8.27185 3.56457  255 255 255
57.9209 -8.24511 3.29107  255 255 255
54.0511 -5.76637 -3.82036  255 255 255
-4.16659 2.63368 22.815  255 255 255
46.6275 -1.13528 -17.855  255 255 255
46.546 -1.13886 -17.7207  255 255 255
46.2946 -1.17938 -17.2614  255 255 255
46.0694 -1.16974 -17.4597  255 255 255
47.2396 -1.78688 -16.0217  255 255 255
46.8049 -1.92153 -16.3646  255 255 255
50.9864 -4.48161 -10.3627  255 255 255
57.4347 -9.27559 2.4463  255 255 255
-6.36039 1.81133 24.5341  255 255 255
51.2795 -5.2554 -9.60222  255 255 255
51.6007 -5.82683 -9.14703  255 255 255
52.6705 -6.84354 -6.06443  255 255 255
52.6705 -6.84354 -6.06443  255 255 255
-6.1949 19.4296 -54.6248  255 255 255
57.024 -9.59373 0.509397  255 255 255
57.024 -9.59373 0.509397  255 255 255
-8.48117 2.12561 22.5781  255 255 255
-8.48117 2.12561 22.5781  255 255 255
-8.03624 1.89415 23.0742  255 255 255
59.4994 -11.2973 3.98824  255 255 255
1.13706 15.3913 -49.3629  255 255 255
49.1185 -5.08413 -14.1789  255 255 255
49.4422 -5.12923 -14.0585  255 255 255
0.24356 -1.84402 27.2541  255 255 255
8.19582 -4.72923 29.6023  255 255 255
56.8415 -10.8681 -0.887913  255 255 255
-0.200519 -2.35756 27.7887  255 255 255
49.3777 -5.97604 -14.5431  255 255 255
59.6385 -12.7605 4.3868  255 255 255
49.4317 -6.2554 -14.4422  255 255 255
49.8879 -6.65942 -13.8315  255 255 255
59.6627 -13.5041 2.86526  255 255 255
50.466 -7.84117 -12.7535  255 255 255
50.466 -7.84117 -12.7535  255 255 255
59.3208 -13.5496 2.4264  255 255 255
56.2482 -11.8399 -2.65443  255 255 255
58.1789 -13.1944 1.16204  255 255 255
-12.0996 0.192823 24.0263  255 255 255
58.7699 -13.7945 1.17764  255 255 255
-9.07755 13.5093 -46.9261  255 255 255
6.25466 -7.01977 32.0365  255 255 255
55.2813 -12.4864 -6.53601  255 255 255
53.4147 -11.4859 -9.58384  255 255 255
59.1345 -15.2728 1.4891  255 255 255
59.0862 -15.2302 1.02975  255 255 255
53.518 -11.4684 -11.2547  255 255 255
49.8751 -9.6698 -15.5455  255 255 255
56.6225 -14.1508 -3.22327  255 255 255
49.3554 -9.82908 -17.1604  255 255 255
57.0923 -14.4622 -4.06368  255 255 255
49.1771 -9.85241 -17.4847  255 255 255
3.70037 -7.88434 33.4146  255 255 255
48.433 -9.57375 -19.6904  255 255 255
58.6168 -16.0461 -0.707846  255 255 255
59.6207 -16.792 0.320101  255 255 255
59.6207 -16.792 0.320101  255 255 255
-14.6629 11.7914 -44.2575  255 255 255
57.2814 -15.2363 -5.1381  255 255 255
-11.0481 -3.53689 28.2975  255 255 255
-6.47932 -5.5842 31.9819  255 255 255
-6.28643 -5.66382 32.0758  255 255 255
49.7034 -11.5489 -17.1314  255 255 255
-6.01638 -6.10293 32.5611  255 255 255
-5.98393 -6.08553 32.459  255 255 255
56.1656 -15.7649 -6.22819  255 255 255
55.931 -15.7782 -5.84877  255 255 255
-9.96444 -4.68422 29.8882  255 255 255
-13.7593 -2.94532 25.931  255 255 255
10.6759 -10.7697 31.5102  255 255 255
-3.92051 -7.23587 33.6369  255 255 255
50.2353 -12.3833 -17.1773  255 255 255
50.2353 -12.3833 -17.1773  255 255 255
59.5857 -18.3121 0.767029  255 255 255
-7.78002 -5.91432 31.9242  255 255 255
-4.76522 -7.09064 33.483  255 255 255
-4.76522 -7.09064 33.483  255 255 255
48.124 -11.2696 -21.519  255 255 255
-5.81253 -6.90478 33.0765  255 255 255
-1.17446 -8.53465 34.5466  255 255 255
-12.052 -4.54683 28.6186  255 255 255
55.4586 -16.3531 -7.18406  255 255 255
55.9523 -16.5119 -6.80021  255 255 255
-10.5134 -5.24954 30.0594  255 255 255
1.0371 -9.94769 35.121  255 255 255
57.7335 -18.6603 -2.70461  255 255 255
60.1739 -19.9865 0.225129  255 255 255
60.1739 -19.9865 0.225129  255 255 255
58.0944 -18.9776 -2.67372  255 255 255
-8.78969 -7.08478 32.3153  255 255 255
50.4103 -14.3092 -18.8193  255 255 255
54.3004 -16.8367 -10.4461  255 255 255
58.7672 -19.2993 -3.45582  255 255 255
-9.72279 -6.89629 31.735  255 255 255
53.7993 -16.7506 -11.0982  255 255 255
58.1611 -19.3723 -3.12217  255 255 255
-14.4031 -4.81345 27.1783  255 255 255
-14.4066 -4.81391 27.1909  255 255 255
7.05579 -12.028 34.0972  255 255 255
-10.5989 -6.70693 31.0047  255 255 255
-10.6159 -6.70476 31.0577  255 255 255
53.8428 -17.3931 -12.2356  255 255 255
57.9295 -20.0903 -4.84554  255 255 255
51.4658 -16.4123 -16.428  255 255 255
-9.80709 -7.74636 32.0235  255 255 255
-3.0326 -10.3668 35.1861  255 255 255
52.5926 -17.299 -15.3474  255 255 255
52.7354 -17.2843 -15.5956  255 255 255
19.4804 -14.777 23.2033  255 255 255
-9.89462 -8.23741 32.3017  255 255 255
58.5346 -21.27 -3.59533  255 255 255
26.5513 -16.1801 19.0351  255 255 255
25.5498 -16.182 19.3389  255 255 255
52.7589 -18.0653 -15.3046  255 255 255
53.7247 -18.6835 -13.1586  255 255 255
11.6018 -14.5099 31.7594  255 255 255
19.5969 -15.4526 23.576  255 255 255
-5.46731 -10.4082 34.7446  255 255 255
-18.8247 -3.15895 13.0907  255 255 255
53.9246 -19.3116 -12.9458  255 255 255
-3.95484 -11.1267 35.2991  255 255 255
-1.68514 -11.8375 35.5914  255 255 255
54.0103 -19.5816 -13.1227  255 255 255
-22.3195 -1.60198 6.56573  255 255 255
59.6781 -23.1381 -4.52182  255 255 255
-19.1107 -3.99309 14.216  255 255 255
-8.56359 -10.3648 33.9115  255 255 255
-27.2274 5.28072 -36.4656  255 255 255
-27.2274 5.28072 -36.4656  255 255 255
10.3697 -16.0384 31.7917  255 255 255
-20.0897 -4.99763 15.2602  255 255 255
-10.3815 -10.6479 33.0032  255 255 255
-6.68947 -12.004 34.8464  255 255 255
-10.5348 -10.7275 32.9681  255 255 255
-20.5274 -5.35938 15.6939  255 255 255
-23.3623 -3.63391 9.09118  255 255 255
-20.4326 -5.57521 15.9652  255 255 255
-21.3478 -5.45396 15.7469  255 255 255
-18.544 -7.75394 24.2047  255 255 255
-5.1835 -13.2183 35.5982  255 255 255
-10.9366 -11.2365 33.0417  255 255 255
-8.0217 -12.5558 34.6557  255 255 255
59.5884 -26.1529 -6.27174  255 255 255
59.9356 -26.6367 -5.95771  255 255 255
59.9356 -26.6367 -5.95771  255 255 255
-26.4906 -4.06136 9.93224  255 255 255
-26.4854 -4.06391 9.90896  255 255 255
-4.08252 -14.3149 36.0237  255 255 255
-3.73469 -14.5716 36.2556  255 255 255
-21.8384 -6.65249 17.135  255 255 255
23.3518 -20.8284 25.1437  255 255 255
-16.2271 -9.90214 28.2299  255 255 255
-3.2456 -14.8019 36.2179  255 255 255
-23.3952 -5.57994 11.4844  255 255 255
-13.3395 -11.2997 31.4907  255 255 255
-7.15143 -13.6621 35.106  255 255 255
-11.4842 -12.1872 32.9135  255 255 255
-26.3001 -4.91882 10.7717  255 255 255
-4.95422 -14.6147 35.9595  255 255 255
-4.95422 -14.6147 35.9595  255 255 255
-11.8681 -12.3743 32.7407  255 255 255
11.2571 -19.0451 31.3203  255 255 255
1.04637 -16.9885 36.113  255 255 255
-6.72135 -14.9224 35.4567  255 255 255
7.97952 -19.0112 33.8385  255 255 255
-6.10511 -15.3133 35.7303  255 255 255
-6.10511 -15.3133 35.7303  255 255 255
-1.08915 -16.8459 36.283  255 255 255
-8.41745 -14.7563 35.4653  255 255 255
1.53674 -17.7798 35.8805  255 255 255
-9.4214 -14.485 34.281  255 255 255
-18.6304 -10.9882 25.8653  255 255 255
-18.6304 -10.9882 25.8653  255 255 255
3.19283 -18.6781 35.5543  255 255 255
3.19283 -18.6781 35.5543  255 255 255
-3.7327 -16.7489 36.123  255 255 255
-19.4682 -10.687 24.3076  255 255 255
14.8893 -21.6053 30.9305  255 255 255
-4.937 -16.5062 36.1169  255 255 255
23.2212 -23.8275 28.2645  255 255 255
-8.51093 -15.4593 35.3406  255 255 255
-17.4171 -12.3047 27.9068  255 255 255
-3.41308 -17.4342 35.8873  255 255 255
-2.3042 -17.7858 36.0716  255 255 255
-22.1211 -10.1689 21.3293  255 255 255
-13.9557 -13.9347 31.8884  255 255 255
13.7485 -22.5568 32.2503  255 255 255
-9.95206 -15.7596 33.9907  255 255 255
-9.84818 -15.9531 34.6235  255 255 255
-7.97976 -16.7456 35.0605  255 255 255
-16.6262 -13.678 29.2369  255 255 255
4.18723 -20.5524 34.9052  255 255 255
-8.52797 -16.8639 34.9935  255 255 255
-20.5972 -12.0728 23.6412  255 255 255
-27.412 -9.23944 15.8536  255 255 255
12.8746 -23.2272 33.0965  255 255 255
-1.89427 -19.273 35.9599  255 255 255
-0.0563185 -19.7916 35.7853  255 255 255
-0.0197878 -19.8056 35.7068  255 255 255
14.6128 -23.6984 31.3521  255 255 255
12.3776 -23.3765 33.302  255 255 255
20.0639 -25.4528 30.6962  255 255 255
-17.2521 -14.2296 28.4063  255 255 255
6.72933 -21.9928 33.5293  255 255 255
-14.449 -15.5565 31.4537  255 255 255
17.4698 -24.9963 30.2883  255 255 255
-18.4199 -14.1866 26.9722  255 255 255
17.2841 -25.3053 30.7049  255 255 255
-29.1151 -9.90423 16.6021  255 255 255
-13.1072 -16.4485 32.5093  255 255 255
-28.2155 -10.7022 17.7654  255 255 255
-28.1835 -10.6838 17.5795  255 255 255
-4.25651 -19.8026 35.6045  255 255 255
4.20586 -22.2693 34.4113  255 255 255
5.23829 -22.5001 33.9425  255 255 255
2.47309 -22.4616 34.6643  255 255 255
-20.7656 -14.6578 26.6686  255 255 255
-11.5905 -18.1287 33.8346  255 255 255
1.11615 -22.0914 34.9469  255 255 255
-25.6504 -12.6245 19.7805  255 255 255
-15.4757 -17.4348 30.9078  255 255 255
-15.4757 -17.4348 30.9078  255 255 255
-14.9505 -18.3401 31.225  255 255 255
16.9132 -28.4734 34.3567  255 255 255
-10.1354 -20.384 33.6578  255 255 255
-12.0226 -20.0961 32.476  255 255 255
-14.6637 -19.2888 31.2647  255 255 255
-21.9938 -16.6849 26.6529  255 255 255
-14.4498 -19.9571 32.1816  255 255 255
2.41345 -25.5354 36.5703  255 255 255
2.11292 -25.569 36.5853  255 255 255
-17.9033 -19.0119 31.2105  255 255 255
1.6389 -25.5612 36.758  255 255 255
0.296918 -25.2096 36.6082  255 255 255
-13.2782 -20.7801 32.9132  255 255 255
-13.2782 -20.7801 32.9132  255 255 255
-27.6818 -15.7868 23.248  255 255 255
-13.5706 -21.2208 33.3869  255 255 255
11.4415 -29.2521 35.4709  255 255 255
14.1741 -30.0797 34.0768  255 255 255
4.13241 -27.4219 35.6736  255 255 255
4.13241 -27.4219 35.6736  255 255 255
9.17649 -28.9798 35.3986  255 255 255
-27.6697 -16.8233 24.8452  255 255 255
-26.3115 -17.3562 25.2949  255 255 255
16.3634 -31.2858 33.3226  255 255 255
16.3634 -31.2858 33.3226  255 255 255
-28.3348 -17.0286 24.9589  255 255 255
-14.0746 -22.2037 34.3148  255 255 255
-26.454 -17.8047 25.98  255 255 255
-27.0373 -17.7856 25.7592  255 255 255
-16.0603 -21.7917 32.9418  255 255 255
-9.11489 -24.2169 36.0109  255 255 255
-9.98665 -23.959 35.9901  255 255 255
7.18031 -29.583 36.1605  255 255 255
-5.05551 -25.8688 36.7667  255 255 255
-5.05551 -25.8688 36.7667  255 255 255
-24.533 -19.1926 27.2641  255 255 255
-26.2182 -18.7097 27.0267  255 255 255
-24.5279 -19.38 27.5628  255 255 255
-26.7661 -18.6508 26.8706  255 255 255
8.63545 -30.5259 37.2385  255 255 255
-3.74864 -26.6191 36.9183  255 255 255
-25.5409 -19.8329 28.1432  255 255 255
-8.04962 -25.8195 35.7913  255 255 255
-6.9261 -26.262 36.0037  255 255 255
-6.9261 -26.262 36.0037  255 255 255
4.75369 -30.013 36.9392  255 255 255
-8.4509 -25.9007 35.6496  255 255 255
4.53761 -30.9036 38.0022  255 255 255
7.06696 -31.9717 39.0295  255 255 255
7.06696 -31.9717 39.0295  255 255 255
-23.7664 -21.872 30.1361  255 255 255
-18.4885 -23.8964 32.1485  255 255 255
2.00339 -30.915 38.1093  255 255 255
16.2242 -35.365 29.4107  255 255 255
15.2141 -35.039 28.9101  255 255 255
-25.0607 -22.1853 28.1483  255 255 255
-18.8072 -24.5805 32.9117  255 255 255
-0.151901 -30.9669 38.5555  255 255 255
-4.66167 -29.4899 37.2122  255 255 255
-23.7596 -23.1344 31.7812  255 255 255
-20.9872 -24.0667 32.4898  255 255 255
-1.92169 -30.4685 38.0908  255 255 255
1.26876 -31.6841 38.6554  255 255 255
-15.6784 -26.0994 34.4552  255 255 255
-1.40986 -30.9879 38.5987  255 255 255
-17.8814 -25.5024 33.9328  255 255 255
-13.9083 -26.8454 35.1298  255 255 255
-2.7195 -30.6132 38.2329  255 255 255
-23.4974 -23.7434 32.2178  255 255 255
-7.47319 -29.1059 37.0749  255 255 255
-24.3783 -23.5526 32.2965  255 255 255
-0.350614 -31.7535 38.591  255 255 255
1.4699 -32.5689 37.6151  255 255 255
-6.31236 -30.1996 38.2609  255 255 255
-5.43406 -30.658 38.7645  255 255 255
-13.4367 -28.0052 36.2878  255 255 255
-8.7977 -29.5568 37.6538  255 255 255
-1.1788 -32.2816 38.1195  255 255 255
-12.5834 -28.6275 36.9902  255 255 255
-13.4468 -28.3469 36.7994  255 255 255
-8.66433 -30.128 38.3391  255 255 255
-9.74546 -29.7948 38.0365  255 255 255
2.54044 -33.8648 36.2922  255 255 255
9.72115 -36.6401 30.9623  255 255 255
9.72115 -36.6401 30.9623  255 255 255
-15.2058 -28.5692 36.9122  255 255 255
0.0112755 -33.9121 36.541  255 255 255
-0.000158951 -33.8908 36.5985  255 255 255
16.9116 -39.888 24.9489  255 255 255
-11.2985 -30.6825 36.9532  255 255 255
16.3689 -39.789 25.499  255 255 255
-10.478 -31.0164 36.9397  255 255 255
-2.71228 -33.8336 36.8964  255 255 255
-2.71228 -33.8336 36.8964  255 255 255
-1.2265 -34.3958 36.3485  255 255 255
-9.52729 -31.7032 36.757  255 255 255
-1.29586 -34.7745 35.8781  255 255 255
13.6268 -39.9052 25.8445  255 255 255
-9.42549 -32.4924 36.094  255 255 255
-9.03236 -32.8172 36.011  255 255 255
-2.13185 -35.0939 35.7534  255 255 255
-20.4716 -29.0996 30.1032  255 255 255
-5.28734 -35.0211 36.1456  255 255 255
-11.1227 -33.0986 34.6082  255 255 255
-9.28553 -34.001 34.6148  255 255 255
1.30033 -37.9451 32.8517  255 255 255
1.48547 -38.4745 32.6  255 255 255
-6.131 -35.9195 34.644  255 255 255
-5.96502 -36.1165 34.4744  255 255 255
1.43446 -38.982 32.1929  255 255 255
-9.24557 -35.3547 33.2893  255 255 255
0.298485 -39.4261 32.3412  255 255 255
0.298485 -39.4261 32.3412  255 255 255
-1.29754 -39.0642 32.298  255 255 255
-11.9314 -35.9355 31.9526  255 255 255
-12.5447 -35.913 31.6382  255 255 255
-20.467 -33.902 27.3122  255 255 255
-20.175 -34.3274 27.7101  255 255 255
-10.4974 -37.5853 31.5817  255 255 255
4.82997 -43.104 28.6849  255 255 255
3.42305 -42.5727 29.2521  255 255 255
-10.7879 -37.8028 31.5902  255 255 255
2.01366 -42.5022 29.4271  255 255 255
-10.8571 -38.0589 31.6251  255 255 255
-21.3919 -34.7533 25.4243  255 255 255
-16.9906 -37.4892 27.5008  255 255 255
-22.852 -35.7482 23.276  255 255 255
-17.4557 -37.7398 26.5189  255 255 255
-12.84 -39.6951 28.4702  255 255 255
-25.7736 -36.6827 20.0377  255 255 255
4.38537 -49.1642 28.6827  255 255 255
-27.5523 -40.5844 21.4699  255 255 255
-52.119 -33.4821 8.86788  255 255 255
-51.4963 -33.8649 9.39699  255 255 255
-6.95384 -48.2829 30.8595  255 255 255
-5.17037 -49.2256 29.8839  255 255 255
-8.07581 -48.4227 29.7954  255 255 255
-7.46043 -48.7768 29.7543  255 255 255
-8.07474 -49.0185 29.5786  255 255 255
-8.44436 -48.911 29.8354  255 255 255
-10.6955 -48.6618 28.7186  255 255 255
-7.94547 -49.7293 29.5565  255 255 255
-7.94547 -49.7293 29.5565  255 255 255
-16.8853 -47.0798 27.2402  255 255 255
-43.4262 -39.0975 14.7614  255 255 255
-43.6876 -39.0676 14.5414  255 255 255
13.8513 -58.9868 33.1697  255 255 255
-39.3785 -42.7581 18.8425  255 255 255
-31.7136 -45.2412 22.8033  255 255 255
-31.1104 -45.787 23.1989  255 255 255
-30.5313 -45.9423 23.541  255 255 255
-27.074 -48.0817 25.8262  255 255 255
-36.2508 -46.0644 22.3834  255 255 255
7.27842 -60.9182 35.8115  255 255 255
7.37456 -60.9965 35.594  255 255 255
-0.119279 -58.544 33.4254  255 255 255
-0.590688 -58.6999 34.0062  255 255 255
-2.6867 -58.2211 33.5533  255 255 255
10.4583 -63.6673 38.8092  255 255 255
14.2382 -65.4811 40.6087  255 255 255
-35.588 -48.6595 25.0496  255 255 255
-2.80562 -59.8911 35.1913  255 255 255
-38.2107 -48.1022 24.395  255 255 255
-38.2107 -48.1022 24.395  255 255 255
-27.3826 -51.7922 28.3442  255 255 255
-37.1553 -48.6558 25.0314  255 255 255
-27.6382 -51.8169 28.3883  255 255 255
6.59005 -63.7278 39.167  255 255 255
11.1243 -65.6466 41.0455  255 255 255
5.18792 -63.7982 39.423  255 255 255
-37.2248 -49.9073 26.5801  255 255 255
6.24586 -65.0653 40.8427  255 255 255
7.76374 -65.6292 41.3803  255 255 255
-22.9755 -55.2391 31.5163  255 255 255
-47.3854 -47.5541 24.7497  255 255 255
10.0796 -67.2684 42.6877  255 255 255
5.93884 -66.2041 41.8223  255 255 255
-28.7789 -54.4879 31.1311  255 255 255
-5.21505 -62.6781 38.4741  255 255 255
-5.38429 -63.2497 39.1561  255 255 255
-49.0343 -48.5923 26.1105  255 255 255
-37.9514 -52.5233 29.5352  255 255 255
-12.5513 -61.3283 38.0677  255 255 255
5.27225 -68.6492 44.776  255 255 255
-5.4606 -65.4621 41.8201  255 255 255
-4.08391 -66.6874 43.0631  255 255 255
-14.6101 -65.672 42.5925  255 255 255
-36.7371 -58.9747 36.6702  255 255 255
-27.429 -62.319 39.6545  255 255 255
-27.6943 -62.4498 40.2158  255 255 255
-11.8374 83.3818 -37.6525  255 255 255
-11.8374 83.3818 -37.6525  255 255 255
60.8634 95.0041 -81.9088  255 255 255
53.8791 53.7277 -4.18634  255 255 255
37.4392 88.0387 -71.3305  255 255 255
58.1009 90.48 -83.8117  255 255 255
58.1857 47.5127 -0.407249  255 255 255
25.3885 84.5285 -65.0161  255 255 255
53.0331 87.9233 -83.0204  255 255 255
53.3877 49.5793 -9.18625  255 255 255
66.812 88.4468 -92.5731  255 255 255
20.5928 81.8172 -64.4136  255 255 255
51.5505 35.1718 17.3571  255 255 255
66.5671 86.4994 -93.6834  255 255 255
54.5033 46.3612 -7.41825  255 255 255
20.0223 80.5567 -65.7889  255 255 255
7.67662 78.4898 -57.2329  255 255 255
50.3966 50.2318 -15.3175  255 255 255
50.1499 34.7011 15.8633  255 255 255
29.8953 80.1492 -72.8876  255 255 255
49.6786 34.4941 13.9962  255 255 255
22.6803 77.7388 -68.8231  255 255 255
50.521 47.8705 -17.5423  255 255 255
42.2225 79.5163 -82.4534  255 255 255
-4.60857 73.8789 -52.297  255 255 255
48.2636 49.0933 -20.1798  255 255 255
56.3382 41.1691 -6.21751  255 255 255
68.16 81.377 -99.8203  255 255 255
56.2964 26.7824 23.6145  255 255 255
63.6376 80.8336 -97.5287  255 255 255
58.9804 79.344 -93.2095  255 255 255
1.8169 72.77 -56.1817  255 255 255
-21.5461 70.1986 -41.8274  255 255 255
52.3252 29.5944 17.1548  255 255 255
52.3252 29.5944 17.1548  255 255 255
48.5098 78.3047 -88.6491  255 255 255
20.9012 74.1161 -70.7205  255 255 255
51.3293 44.0835 -17.0343  255 255 255
-4.26014 70.244 -55.4959  255 255 255
-17.4143 68.235 -45.4619  255 255 255
50.3454 29.7218 12.1981  255 255 255
38.5882 73.9234 -82.9815  255 255 255
49.4209 30.7742 9.65473  255 255 255
10.7248 71.3592 -66.0683  255 255 255
50.9005 29.2617 12.1629  255 255 255
52.6041 27.524 14.9809  255 255 255
45.8289 73.5301 -88.6401  255 255 255
41.9718 72.6243 -87.9531  255 255 255
38.336 71.2989 -84.5668  255 255 255
39.7847 71.392 -85.62  255 255 255
49.406 42.3329 -22.78  255 255 255
38.87 71.3276 -85.85  255 255 255
38.2642 71.1193 -85.4621  255 255 255
39.1145 70.8147 -85.5439  255 255 255
52.4909 24.8482 14.989  255 255 255
48.6198 28.3341 7.10088  255 255 255
55.1044 22.1932 18.5746  255 255 255
42.3391 69.2325 -88.6124  255 255 255
52.0052 23.4593 15.6169  255 255 255
52.0052 23.4593 15.6169  255 255 255
53.7696 22.7473 16.2218  255 255 255
54.6495 70.0273 -99.0362  255 255 255
52.0383 23.812 13.0732  255 255 255
23.5723 66.7043 -77.5199  255 255 255
-6.03516 64.4077 -57.8403  255 255 255
49.4534 26.0392 8.11355  255 255 255
46.7105 68.2973 -94.6897  255 255 255
52.7951 22.6694 13.372  255 255 255
53.3729 22.099 13.9732  255 255 255
54.9397 20.6014 16.4801  255 255 255
54.3783 20.9553 15.6685  255 255 255
52.7012 21.7717 12.9354  255 255 255
49.6345 37.6341 -25.418  255 255 255
-15.327 61.6481 -53.6409  255 255 255
29.6496 64.8265 -84.7381  255 255 255
1.49152 62.8128 -66.0928  255 255 255
56.9463 29.0279 -13.6203  255 255 255
-5.69979 60.6073 -62.1765  255 255 255
53.0336 19.5584 11.3394  255 255 255
49.3512 21.8896 5.42063  255 255 255
48.0751 23.0532 2.76274  255 255 255
52.5017 18.7013 10.1419  255 255 255
11.6815 59.4534 -75.7033  255 255 255
52.6805 18.226 9.34659  255 255 255
-5.52693 58.385 -64.9727  255 255 255
50.2892 19.6423 5.65195  255 255 255
50.2246 19.6136 5.71736  255 255 255
52.8697 17.2264 10.1123  255 255 255
52.8697 17.2264 10.1123  255 255 255
10.032 57.8937 -75.5991  255 255 255
51.9892 17.6812 8.10653  255 255 255
52.4198 16.8297 8.76865  255 255 255
53.0134 28.2837 -23.0918  255 255 255
64.6533 52.5403 -96.9086  255 255 255
53.2604 27.7387 -22.6896  255 255 255
30.9393 58.0594 -93.264  255 255 255
-22.8042 55.1402 -53.619  255 255 255
-22.8042 55.1402 -53.619  255 255 255
50.3766 17.4512 5.04361  255 255 255
-8.75073 55.0251 -64.2355  255 255 255
24.9812 55.9318 -88.5399  255 255 255
-20.7817 53.7312 -56.8788  255 255 255
50.6965 28.1023 -28.8792  255 255 255
-19.784 53.1227 -57.3918  255 255 255
-19.784 53.1227 -57.3918  255 255 255
48.0079 17.7563 -1.1362  255 255 255
47.7879 17.8548 -2.24746  255 255 255
-21.0602 51.5249 -57.905  255 255 255
-24.4811 50.5825 -56.2689  255 255 255
-20.3008 48.9108 -55.0148  255 255 255
-12.5928 49.3787 -65.9914  255 255 255
-10.9899 49.5064 -68.3989  255 255 255
46.9353 14.8139 -4.44725  255 255 255
-13.6158 49.1471 -66.9065  255 255 255
49.6045 12.7736 -0.168665  255 255 255
45.9932 26.3249 -39.4027  255 255 255
54.1169 9.07979 6.64246  255 255 255
51.4199 10.3827 2.17915  255 255 255
51.9124 10.2135 2.10524  255 255 255
52.1333 9.32819 3.01103  255 255 255
52.9175 9.07134 3.25235  255 255 255
48.4882 22.3455 -37.2349  255 255 255
50.4302 19.9701 -32.7181  255 255 255
51.5658 8.73068 1.46922  255 255 255
47.6567 11.9686 -6.24371  255 255 255
51.088 9.13804 -0.561132  255 255 255
51.2746 8.18488 1.4672  255 255 255
47.2363 21.7291 -41.719  255 255 255
47.2363 21.7291 -41.719  255 255 255
56.4655 4.10869 8.6784  255 255 255
-9.04216 44.3387 -73.9156  255 255 255
52.7609 6.57731 2.25352  255 255 255
53.6492 15.8443 -29.3051  255 255 255
45.5654 22.0593 -44.6946  255 255 255
46.3394 21.3155 -43.6803  255 255 255
-19.2491 42.8035 -66.1228  255 255 255
15.0212 34.3004 -70.2479  255 255 255
-6.94797 41.5143 -77.1849  255 255 255
46.6363 18.2308 -44.7517  255 255 255
14.2368 33.0689 -69.5024  255 255 255
52.0244 4.24715 -1.50124  255 255 255
52.4225 3.82688 -1.28446  255 255 255
10.4364 33.5346 -70.8173  255 255 255
10.4364 33.5346 -70.8173  255 255 255
-26.8246 40.3106 -63.5953  255 255 255
-27.4504 40.4014 -63.7511  255 255 255
-27.4752 40.3642 -63.633  255 255 255
45.98 17.4484 -46.5788  255 255 255
53.9375 1.81437 2.20845  255 255 255
46.4028 17.0318 -45.8083  255 255 255
-29.0147 39.9135 -63.6138  255 255 255
1.02984 30.2513 -66.9986  255 255 255
52.6426 9.20171 -35.759  255 255 255
47.6837 3.75385 -11.1232  255 255 255
51.2168 -0.192639 -5.18764  255 255 255
51.2168 -0.192639 -5.18764  255 255 255
-25.8879 35.4325 -68.4989  255 255 255
29.7872 17.0785 -53.9823  255 255 255
51.8532 -1.4104 -6.04672  255 255 255
50.259 -0.885006 -8.32326  255 255 255
3.61892 21.4611 -56.7249  255 255 255
0.777935 22.3524 -57.9863  255 255 255
3.02255 21.2237 -56.4977  255 255 255
1.84076 20.7517 -55.5572  255 255 255
53.8241 -5.08758 -4.03417  255 255 255
58.2416 -8.87105 4.22921  255 255 255
46.8121 -1.04044 -17.4161  255 255 255
46.7807 -1.04929 -17.3896  255 255 255
-21.9643 26.2762 -60.3251  255 255 255
-3.26492 19.6559 -54.3833  255 255 255
-6.58985 1.77362 24.2454  255 255 255
-5.63523 19.1534 -54.0409  255 255 255
53.5596 -7.35028 -5.79467  255 255 255
-5.2625 17.5647 -51.8063  255 255 255
58.7197 -11.4364 2.65825  255 255 255
58.8661 -11.393 2.44366  255 255 255
-1.28446 15.7603 -49.9292  255 255 255
50.5421 -6.15225 -12.35  255 255 255
48.13 -4.98241 -16.9635  255 255 255
-10.5581 1.3293 22.8385  255 255 255
52.6995 -8.90818 -8.58233  255 255 255
49.3864 -7.86558 -16.3948  255 255 255
-14.1089 15.701 -48.7358  255 255 255
56.7805 -13.0645 -2.58826  255 255 255
56.6847 -13.252 -2.88053  255 255 255
56.4695 -13.2253 -2.5563  255 255 255
58.7467 -14.4544 0.295448  255 255 255
58.7467 -14.4544 0.295448  255 255 255
59.61 -15.7851 2.12289  255 255 255
49.9216 -9.99697 -15.8844  255 255 255
-12.5414 -2.01753 26.0129  255 255 255
-18.3286 13.5297 -45.6659  255 255 255
-13.1773 -2.26576 25.7039  255 255 255
50.3525 -11.7367 -15.7894  255 255 255
49.8827 -11.4738 -16.7744  255 255 255
59.0181 -17.381 -1.27637  255 255 255
57.544 -16.7299 -3.85809  255 255 255
57.8489 -17.6513 -3.94893  255 255 255
-16.1874 0.000744242 9.47926  255 255 255
-16.1874 0.000744242 9.47926  255 255 255
57.5187 -17.9919 -3.52544  255 255 255
-16.5489 -0.152588 9.32909  255 255 255
-16.23 -0.23211 9.09622  255 255 255
4.46325 -11.2196 35.3478  255 255 255
-21.3281 9.05135 -40.1853  255 255 255
-20.202 0.457682 4.10303  255 255 255
56.1172 -18.8375 -8.18952  255 255 255
-6.48056 -9.08464 34.1354  255 255 255
-18.2142 -2.46418 12.2016  255 255 255
-18.4197 -2.74737 12.5349  255 255 255
0.00839862 -11.9975 35.9319  255 255 255
-19.6194 -2.64032 12.3367  255 255 255
-23.1046 -0.643857 5.6963  255 255 255
58.7792 -21.9899 -3.89849  255 255 255
-5.30394 -10.6324 35.0098  255 255 255
57.9369 -21.6571 -6.53964  255 255 255
25.2806 -17.0491 19.745  255 255 255
-9.90305 -9.30195 32.73  255 255 255
7.30003 -14.5626 34.2012  255 255 255
-2.28302 -12.3161 35.8461  255 255 255
5.11134 -14.4103 35.0351  255 255 255
59.7826 -23.8209 -3.13363  255 255 255
4.94548 -14.674 35.4813  255 255 255
1.13562 -13.7162 35.9728  255 255 255
-9.75311 -10.9166 33.6358  255 255 255
-25.0755 -3.40611 9.03426  255 255 255
-5.86714 -13.0081 35.4681  255 255 255
-19.7443 -6.33248 16.9078  255 255 255
59.3109 -25.9319 -6.10466  255 255 255
-7.81541 -12.6555 34.6534  255 255 255
-7.47826 -12.8556 35.1326  255 255 255
-6.91926 -13.0904 35.173  255 255 255
-20.3044 -6.75644 17.2385  255 255 255
-23.4199 -5.30814 11.2966  255 255 255
-23.6523 -5.42774 11.0522  255 255 255
-8.03936 -13.2834 34.742  255 255 255
-8.03936 -13.2834 34.742  255 255 255
5.13795 -17.2559 35.2543  255 255 255
5.10682 -17.7837 35.114  255 255 255
-26.7679 -6.04094 12.2043  255 255 255
-21.0758 -9.75996 20.867  255 255 255
-18.2562 -11.3325 26.7473  255 255 255
-18.7927 -11.1907 25.6517  255 255 255
-19.4798 -10.9364 23.7776  255 255 255
-12.7005 -14.5201 32.5284  255 255 255
-22.6395 -10.6387 21.9276  255 255 255
-18.3269 -12.98 26.668  255 255 255
-18.3649 -12.9944 26.8392  255 255 255
-12.4892 -15.37 32.6082  255 255 255
3.84513 -20.6868 35.0471  255 255 255
-11.4335 -16.0147 33.3347  255 255 255
12.5196 -23.1386 33.0973  255 255 255
-27.063 -9.64219 16.5224  255 255 255
-25.2513 -10.4869 17.2066  255 255 255
-19.5174 -13.5709 25.2612  255 255 255
-10.3898 -17.2719 34.0882  255 255 255
-17.0007 -14.7871 28.7456  255 255 255
4.1583 -21.8735 34.579  255 255 255
1.84605 -21.4434 35.3253  255 255 255
-10.5278 -17.6368 34.0238  255 255 255
-19.2823 -14.1717 25.8154  255 255 255
-19.619 -14.6069 26.509  255 255 255
-13.9979 -17.0769 32.0294  255 255 255
-3.31782 -20.8279 35.3732  255 255 255
-23.3895 -13.791 23.4827  255 255 255
-1.98254 -22.4736 35.0802  255 255 255
-4.61624 -22.116 35.1354  255 255 255
-13.192 -19.342 32.0033  255 255 255
-33.0046 -9.19997 -18.8136  255 255 255
-5.83203 -22.7151 34.7075  255 255 255
-14.6838 -19.9829 32.1786  255 255 255
-28.3117 -15.0667 22.7968  255 255 255
4.27097 -26.2364 36.3621  255 255 255
12.7552 -28.8323 35.1181  255 255 255
-0.0317751 -25.386 36.8625  255 255 255
-12.3454 -21.4688 33.5177  255 255 255
16.5677 -30.5668 33.7414  255 255 255
-17.6088 -19.8214 32.043  255 255 255
-12.895 -21.5923 33.8948  255 255 255
-9.19659 -23.1837 35.3547  255 255 255
-4.533 -24.8433 36.4825  255 255 255
-28.5739 -16.6471 24.3901  255 255 255
3.94604 -27.6521 35.6494  255 255 255
-8.04352 -24.0298 36.028  255 255 255
16.3265 -31.6183 32.9296  255 255 255
4.35071 -28.0376 35.3922  255 255 255
14.5792 -31.2566 32.8638  255 255 255
-14.1569 -22.4127 34.2078  255 255 255
-5.8173 -25.5238 36.548  255 255 255
-24.7472 -19.1158 27.0238  255 255 255
-17.2679 -21.8711 31.9167  255 255 255
-37.39 -13.5719 -14.2229  255 255 255
-8.99002 -25.3514 35.6878  255 255 255
14.5622 -33.135 30.9031  255 255 255
6.88084 -31.1609 38.5738  255 255 255
6.20072 -31.4589 38.5151  255 255 255
6.50441 -31.5858 38.5558  255 255 255
12.963 -33.6456 31.681  255 255 255
-24.7654 -22.0173 29.4861  255 255 255
-21.9286 -23.6131 32.2025  255 255 255
-18.8056 -25.2658 33.659  255 255 255
-7.61639 -29.0431 36.7288  255 255 255
-11.5861 -28.171 36.04  255 255 255
-0.467806 -31.9294 38.4177  255 255 255
-18.7674 -25.9352 34.5254  255 255 255
2.20044 -33.6303 36.6454  255 255 255
-12.2729 -29.0814 37.5529  255 255 255
1.70733 -34.0784 36.2781  255 255 255
12.1767 -37.5615 29.1482  255 255 255
-23.1089 -25.9618 29.9944  255 255 255
0.99952 -34.1862 36.2141  255 255 255
12.7755 -38.0815 27.7639  255 255 255
-15.3735 -28.988 37.6973  255 255 255
-1.45221 -33.8402 36.7987  255 255 255
1.58032 -35.0176 35.3874  255 255 255
5.18156 -36.5233 33.8091  255 255 255
-12.2875 -31.6646 35.5115  255 255 255
-18.5068 -29.7009 31.9544  255 255 255
-11.7923 -32.022 35.4035  255 255 255
-12.6301 -31.831 35.1308  255 255 255
-12.6301 -31.831 35.1308  255 255 255
-9.64322 -33.8195 34.7973  255 255 255
-9.64322 -33.8195 34.7973  255 255 255
-1.36316 -36.7103 34.0583  255 255 255
-13.7326 -32.65 33.7542  255 255 255
-26.5279 -29.2755 21.6002  255 255 255
-16.6982 -32.9958 31.3407  255 255 255
-24.0539 -30.6064 26.2646  255 255 255
0.708692 -39.198 31.9764  255 255 255
0.292123 -39.2669 32.4617  255 255 255
-24.1012 -31.0392 25.9452  255 255 255
-23.7869 -31.3348 25.281  255 255 255
1.28668 -39.8231 31.8951  255 255 255
-26.0313 -30.7854 21.1169  255 255 255
-10.7456 -36.2138 32.2574  255 255 255
-11.6372 -36.0156 31.8686  255 255 255
-20.5723 -33.2952 27.5216  255 255 255
-20.5497 -33.2944 27.4322  255 255 255
-0.422396 -40.2486 31.5303  255 255 255
-50.2431 -24.6271 -1.01663  255 255 255
5.03808 -42.7018 30.2024  255 255 255
-12.0182 -36.9374 31.1697  255 255 255
-17.3696 -35.3362 28.5536  255 255 255
-2.11678 -40.9956 30.8482  255 255 255
-9.29287 -38.5918 31.5556  255 255 255
-47.9749 -26.8583 1.09465  255 255 255
-20.1079 -35.5962 26.4756  255 255 255
-20.1481 -35.5702 26.7184  255 255 255
-10.5804 -38.8101 30.7712  255 255 255
-2.47251 -42.1373 29.8778  255 255 255
5.77844 -46.3711 26.6753  255 255 255
-14.0692 -39.4762 28.0688  255 255 255
-22.6993 -37.1699 22.1057  255 255 255
-7.29729 -43.4468 28.3857  255 255 255
-6.47964 -44.4746 27.9884  255 255 255
-3.46323 -45.8041 31.4683  255 255 255
-14.6574 -42.6117 25.6694  255 255 255
-26.3122 -39.6294 23.6145  255 255 255
-27.8513 -39.5343 22.4566  255 255 255
-6.8321 -46.8612 32.1599  255 255 255
-46.4275 -35.2704 10.8012  255 255 255
-18.0232 -44.199 29.3433  255 255 255
-51.2504 -34.2586 9.83541  255 255 255
-7.64463 -48.493 29.915  255 255 255
-7.19372 -48.8185 30.0846  255 255 255
-8.94056 -48.6862 28.5506  255 255 255
-18.1854 -45.959 27.7447  255 255 255
-6.82068 -50.0093 29.9091  255 255 255
-7.08319 -50.2287 29.4896  255 255 255
-17.4872 -47.0867 27.2822  255 255 255
-18.3715 -46.847 26.8535  255 255 255
-17.7658 -47.0519 26.9718  255 255 255
-17.7658 -47.0519 26.9718  255 255 255
13.9769 -59.298 33.4044  255 255 255
-30.7869 -45.7949 23.1775  255 255 255
9.45511 -59.8675 34.3243  255 255 255
8.26204 -59.6616 34.311  255 255 255
-11.4081 -53.7756 31.2332  255 255 255
-41.6651 -44.3907 20.7541  255 255 255
-36.8323 -47.2536 23.7195  255 255 255
7.99433 -63.2321 38.1948  255 255 255
-41.517 -46.509 22.9898  255 255 255
-37.8471 -48.1153 24.3948  255 255 255
13.1373 -66.0361 41.2058  255 255 255
-38.7398 -48.4226 24.8722  255 255 255
-2.1423 -61.1654 36.8269  255 255 255
9.67082 -65.3895 40.9739  255 255 255
7.44102 -65.4139 41.2481  255 255 255
1.56843 -63.7184 39.0701  255 255 255
8.0288 -66.0637 41.506  255 255 255
-8.90628 -60.2762 36.1728  255 255 255
-1.2711 -63.7092 39.4711  255 255 255
-0.397921 -64.2071 39.7714  255 255 255
-2.62133 -63.801 39.9888  255 255 255
-2.52162 -63.9063 39.7261  255 255 255
5.99431 -66.9452 42.7489  255 255 255
4.19338 -66.5942 42.4715  255 255 255
-6.53507 -62.9988 39.0956  255 255 255
3.72589 -66.6682 42.5874  255 255 255
-6.28144 -63.2905 39.2606  255 255 255
-27.9787 -56.1903 32.9254  255 255 255
-15.5577 -60.4268 37.0335  255 255 255
4.50024 -67.4359 43.4134  255 255 255
-2.72493 -64.9577 41.0352  255 255 255
-36.898 -53.287 30.3711  255 255 255
-29.8061 -56.1308 33.4021  255 255 255
-28.9222 -56.6553 33.8543  255 255 255
-28.3821 -56.9688 33.9722  255 255 255
0.0666433 -66.9909 43.0633  255 255 255
-7.68388 -64.6829 40.9674  255 255 255
-18.7218 -60.9322 37.4476  255 255 255
4.87172 -69.3416 45.5336  255 255 255
-17.9052 -64.3056 41.1204  255 255 255
-14.9307 -65.3317 42.2225  255 255 255
-23.9465 -62.6014 39.8034  255 255 255
-34.238 -61.7563 39.3472  255 255 255
-5.80722 85.8123 -40.4418  255 255 255
62.0788 98.1097 -82.8356  255 255 255
60.4068 96.1398 -80.4479  255 255 255
-14.9261 82.8834 -35.7107  255 255 255
50.9444 57.0097 -8.75548  255 255 255
11.5817 86.214 -53.4985  255 255 255
55.1814 52.2076 -3.19188  255 255 255
66.1213 93.9348 -87.1949  255 255 255
97.4075 98.8343 -107.485  255 255 255
97.4075 98.8343 -107.485  255 255 255
39.6504 89.2103 -71.7994  255 255 255
55.7457 50.5918 -2.82135  255 255 255
95.5352 97.2023 -106.973  255 255 255
29.716 83.3521 -68.5932  255 255 255
-15.7571 76.1464 -40.839  255 255 255
-7.00706 77.1914 -46.959  255 255 255
-14.6804 75.3229 -42.0905  255 255 255
81.4623 87.9963 -103.538  255 255 255
50.9466 34.8399 16.8401  255 255 255
41.9487 82.5633 -79.1916  255 255 255
41.9487 82.5633 -79.1916  255 255 255
54.7974 84.1632 -87.6365  255 255 255
77.8515 87.1605 -102.712  255 255 255
56.0412 83.9019 -88.4859  255 255 255
54.8555 83.6122 -88.3571  255 255 255
54.6349 30.9689 21.3736  255 255 255
57.0626 28.0343 26.089  255 255 255
57.8157 27.1014 26.1681  255 255 255
57.2472 41.3519 -4.47369  255 255 255
29.4175 78.7753 -73.8331  255 255 255
51.467 46.1037 -12.8392  255 255 255
52.9505 30.1678 18.7184  255 255 255
-18.2515 71.2576 -43.2528  255 255 255
-5.14348 72.7567 -52.862  255 255 255
51.6599 79.2042 -89.9631  255 255 255
-2.06362 72.2048 -55.1195  255 255 255
49.697 31.7346 12.678  255 255 255
56.6972 78.4455 -94.0983  255 255 255
-2.82168 70.1328 -51.3178  255 255 255
54.9845 39.8364 -9.78869  255 255 255
55.5505 39.2197 -8.66377  255 255 255
55.5505 39.2197 -8.66377  255 255 255
27.6076 74.6928 -76.6451  255 255 255
18.5019 72.7406 -70.1432  255 255 255
18.5019 72.7406 -70.1432  255 255 255
49.6712 75.4472 -89.9032  255 255 255
56.1327 76.1672 -94.2466  255 255 255
43.0019 75.3488 -87.1043  255 255 255
53.7507 27.0315 16.7284  255 255 255
53.5559 75.7217 -93.6563  255 255 255
53.8181 75.9083 -94.1631  255 255 255
43.3409 74.6989 -87.2244  255 255 255
30.8182 73.1435 -79.4404  255 255 255
-0.462143 69.3608 -58.9183  255 255 255
-0.456285 69.3654 -58.9302  255 255 255
-21.0545 66.9542 -44.6425  255 255 255
44.146 72.5198 -87.9993  255 255 255
53.2537 24.9655 15.9255  255 255 255
7.11322 68.2161 -64.489  255 255 255
23.0271 70.2132 -76.2984  255 255 255
-9.92907 66.7946 -53.9993  255 255 255
47.062 71.8346 -91.9362  255 255 255
53.038 24.9515 14.906  255 255 255
2.24937 66.6502 -62.2298  255 255 255
13.6268 65.7566 -71.8003  255 255 255
10.7469 65.9147 -71.1477  255 255 255
17.093 65.8003 -74.103  255 255 255
53.4253 20.9162 13.7856  255 255 255
20.652 63.761 -76.7632  255 255 255
21.1979 63.4749 -77.1793  255 255 255
49.5034 36.1743 -25.7253  255 255 255
-8.02415 61.6404 -60.3334  255 255 255
26.8457 64.1203 -84.8623  255 255 255
13.8914 61.2172 -73.6472  255 255 255
23.4494 62.0154 -84.5077  255 255 255
24.8475 61.2849 -85.0303  255 255 255
0.924016 59.7473 -68.1465  255 255 255
-0.217216 59.0287 -66.8707  255 255 255
51.4986 19.2371 8.0133  255 255 255
56.63 26.8226 -15.4758  255 255 255
23.066 59.9633 -85.711  255 255 255
-17.6756 57.0202 -55.1656  255 255 255
50.2728 19.8133 4.97854  255 255 255
51.6025 18.6081 7.1572  255 255 255
52.3868 17.9914 8.32413  255 255 255
57.0097 13.0238 16.3292  255 255 255
51.1493 17.6178 6.0874  255 255 255
52.9293 14.4831 7.85409  255 255 255
49.8544 16.9042 2.53313  255 255 255
-16.072 52.946 -60.8666  255 255 255
-17.6467 52.5305 -59.8934  255 255 255
54.7536 22.1928 -20.7797  255 255 255
55.4569 21.9599 -21.0931  255 255 255
-21.4601 51.2548 -58.1744  255 255 255
49.4104 26.5374 -33.0192  255 255 255
-13.5197 50.6717 -65.5745  255 255 255
-13.5197 50.6717 -65.5745  255 255 255
52.371 11.6007 4.95694  255 255 255
48.5447 14.0258 -1.73232  255 255 255
45.7661 27.5487 -41.5249  255 255 255
52.8035 10.2096 4.20537  255 255 255
52.5926 10.1472 4.48594  255 255 255
49.3779 12.0292 -1.23821  255 255 255
47.2404 23.0664 -39.1235  255 255 255
54.0183 16.4404 -28.8633  255 255 255
55.0179 5.03508 5.86779  255 255 255
-18.8446 43.3638 -64.8197  255 255 255
55.6125 4.03457 6.47296  255 255 255
46.018 21.3438 -44.0965  255 255 255
45.8274 20.9611 -44.6153  255 255 255
49.2665 7.73753 -5.06287  255 255 255
54.2313 4.12045 3.3143  255 255 255
49.5079 7.08835 -4.82022  255 255 255
56.9671 1.24638 8.37755  255 255 255
50.4947 5.35305 -3.94908  255 255 255
-11.237 40.1934 -76.0478  255 255 255
-27.1244 40.1358 -64.5763  255 255 255
4.64611 33.9201 -70.1423  255 255 255
14.6399 29.7263 -67.3055  255 255 255
-8.73744 36.9996 -73.0632  255 255 255
0.974617 32.0283 -68.7861  255 255 255
10.7686 25.4336 -62.4586  255 255 255
55.6787 -2.71929 2.20731  255 255 255
2.58457 26.2727 -60.8602  255 255 255
11.4478 23.8601 -60.342  255 255 255
58.9012 -5.69392 7.57225  255 255 255
10.0032 23.3658 -58.6158  255 255 255
8.82779 23.8961 -60.0166  255 255 255
54.2144 -2.88906 -1.15694  255 255 255
-2.86192 26.8772 -62.8964  255 255 255
57.1354 -6.26089 3.05382  255 255 255
48.3072 -0.203818 -12.8337  255 255 255
-2.86254 24.1492 -59.6209  255 255 255
47.3174 0.351384 -14.7454  255 255 255
55.0421 -5.1855 -0.866398  255 255 255
7.1009 -0.667181 24.7535  255 255 255
7.36428 -0.787821 24.9412  255 255 255
51.4916 -4.48304 -7.80963  255 255 255
8.1488 -3.39885 28.781  255 255 255
-5.83993 18.5959 -53.1797  255 255 255
51.0693 -6.06405 -10.2  255 255 255
59.7607 -12.2718 4.76968  255 255 255
58.9487 -11.7212 3.27644  255 255 255
10.8675 -5.38033 28.3999  255 255 255
50.241 -7.32714 -15.0384  255 255 255
-16.6795 18.0762 -51.4407  255 255 255
-10.5046 -0.176482 25.7203  255 255 255
55.9964 -12.9256 -4.75048  255 255 255
3.35715 -6.68489 32.5968  255 255 255
48.2047 -8.21123 -19.3155  255 255 255
4.07017 -7.61691 33.4308  255 255 255
57.4236 -14.7815 -2.97176  255 255 255
25.6528 -9.39451 11.2435  255 255 255
56.4019 -14.814 -5.16965  255 255 255
10.9499 -10.3329 31.452  255 255 255
57.9202 -16.7291 -2.68398  255 255 255
-13.5156 -3.26861 26.3999  255 255 255
-15.5848 10.1557 -42.2281  255 255 255
58.6282 -17.8779 -1.28538  255 255 255
5.44339 -10.0914 33.9399  255 255 255
59.3245 -18.6213 -0.860704  255 255 255
-12.1507 -5.75704 29.5429  255 255 255
5.88816 -11.9165 34.4951  255 255 255
-1.30775 -10.1836 35.4972  255 255 255
60.0187 -21.8109 -1.81492  255 255 255
-1.18926 -11.3513 35.8596  255 255 255
59.9534 -22.2451 -1.48477  255 255 255
-4.62138 -10.8945 35.1456  255 255 255
-20.0387 -3.63522 13.5326  255 255 255
0.576595 -13.2954 35.9813  255 255 255
-23.359 4.43319 -36.0428  255 255 255
-11.672 -9.54776 31.8929  255 255 255
23.8716 -19.2098 23.1501  255 255 255
10.5567 -16.7459 31.7011  255 255 255
-24.7242 -4.64394 11.1192  255 255 255
10.9502 -17.8848 31.4072  255 255 255
23.0461 -20.5217 24.6008  255 255 255
-7.21708 -13.3634 35.2584  255 255 255
-15.8807 -10.1963 28.8416  255 255 255
-8.16355 -13.6076 34.9748  255 255 255
-8.02958 -13.8274 35.3566  255 255 255
12.0915 -19.6222 30.4953  255 255 255
-25.7725 -0.744611 -29.7356  255 255 255
-25.7725 -0.744611 -29.7356  255 255 255
-24.825 -7.19208 13.3121  255 255 255
-24.5087 -7.72946 14.5058  255 255 255
-24.2968 -2.54699 -27.6378  255 255 255
8.6105 -20.1902 33.195  255 255 255
20.7701 -23.4204 28.4371  255 255 255
-17.0387 -12.4226 28.5903  255 255 255
8.10796 -20.4482 33.5757  255 255 255
-21.8053 -10.1656 21.1788  255 255 255
-7.02345 -16.3366 35.4521  255 255 255
1.93825 -19.0483 36.1232  255 255 255
-18.6818 -11.921 25.828  255 255 255
-18.6463 -12.4342 26.2544  255 255 255
13.7352 -22.824 32.5994  255 255 255
-1.73171 -19.6023 36.0738  255 255 255
-14.1146 -15.6465 31.7007  255 255 255
-15.739 -15.1442 30.2876  255 255 255
-8.4338 -18.0861 34.6086  255 255 255
-11.2766 -17.8532 33.0392  255 255 255
-21.1128 -14.1748 25.8887  255 255 255
-1.64615 -21.0586 35.5642  255 255 255
-9.93222 -18.59 34.2196  255 255 255
-15.3211 -16.6569 30.8181  255 255 255
-21.4142 -14.9758 26.8178  255 255 255
-20.2561 -15.352 27.2275  255 255 255
-15.4865 -17.1379 30.5818  255 255 255
-23.6799 -13.9016 22.6108  255 255 255
-12.9516 -18.293 32.3636  255 255 255
13.2604 -28.4265 34.6058  255 255 255
-16.47 -19.9244 32.2646  255 255 255
-25.8428 -16.7555 24.7343  255 255 255
-3.13447 -25.2285 37.0086  255 255 255
-3.87434 -25.1255 36.9696  255 255 255
-29.0045 -17.0844 24.9091  255 255 255
-8.59914 -24.2553 36.3987  255 255 255
-25.1863 -18.5705 26.7208  255 255 255
-6.31041 -25.9733 36.2927  255 255 255
-27.1026 -19.7626 25.1477  255 255 255
-1.09911 -30.1651 37.8044  255 255 255
-26.4192 -21.7577 25.314  255 255 255
-24.395 -23.0502 31.9393  255 255 255
-6.46394 -30.2869 38.3723  255 255 255
-6.42348 -30.2849 38.2336  255 255 255
-1.89508 -31.8235 38.578  255 255 255
2.34134 -34.094 36.4548  255 255 255
4.29845 -35.1805 35.1202  255 255 255
-17.1261 -28.2159 34.6129  255 255 255
-18.2766 -29.676 32.0574  255 255 255
-9.98071 -32.845 35.5374  255 255 255
-13.835 -32.8995 33.5032  255 255 255
-5.42485 -35.9593 36.058  255 255 255
4.92041 -39.8185 31.0258  255 255 255
1.34932 -38.7529 32.2757  255 255 255
-14.5211 -34.2103 32.0246  255 255 255
0.651965 -39.392 32.3873  255 255 255
0.627071 -39.3783 32.4432  255 255 255
-20.6604 -33.5549 27.9905  255 255 255
-49.5264 -24.9257 -1.09088  255 255 255
-21.2055 -34.1328 25.3287  255 255 255
-11.224 -37.5474 31.3799  255 255 255
-23.247 -35.4246 23.1866  255 255 255
-18.1563 -37.3165 26.4095  255 255 255
-4.49756 -42.8939 30.271  255 255 255
-23.3391 -36.8174 22.7093  255 255 255
-14.0992 -40.1596 28.2615  255 255 255
-45.1644 -33.8718 9.09997  255 255 255
-47.23 -34.1442 8.91253  255 255 255
-47.3582 -34.3319 9.42789  255 255 255
-7.81722 -50.0758 29.0618  255 255 255
-9.81942 -51.1455 29.9943  255 255 255
-42.9235 -40.7205 16.2657  255 255 255
-41.7001 -41.355 17.3502  255 255 255
-47.308 -40.599 16.598  255 255 255
4.60539 -58.822 33.6479  255 255 255
-37.8291 -45.3833 21.4544  255 255 255
15.3363 -63.9989 38.7308  255 255 255
-33.8197 -48.099 24.5105  255 255 255
-33.6804 -48.4753 24.4162  255 255 255
-42.034 -46.0428 22.7863  255 255 255
-42.8166 -46.3624 22.8484  255 255 255
4.03723 -63.9433 39.6255  255 255 255
-27.717 -53.3478 30.0506  255 255 255
-23.9511 -56.7639 33.8314  255 255 255
-23.9511 -56.7639 33.8314  255 255 255
9.45285 -68.8028 44.454  255 255 255
6.48662 -68.2423 44.1653  255 255 255
2.46998 -67.1571 43.1221  255 255 255
-36.0949 -54.0599 31.1517  255 255 255
-8.75415 -64.1627 40.9474  255 255 255
-35.2683 -55.2414 32.418  255 255 255
-32.6269 -57.6555 34.478  255 255 255
-38.5401 -56.4126 33.984  255 255 255
-20.4301 -63.3449 40.3164  255 255 255
-35.8953 -58.4425 35.8478  255 255 255
-24.3553 -63.1975 40.2808  255 255 255
-24.4022 -63.1018 40.4572  255 255 255
-25.1611 -63.0005 40.5697  255 255 255
-25.1081 -63.1096 40.3516  255 255 255
-33.507 -61.0599 38.5815  255 255 255
31.9831 91.9026 -63.5621  255 255 255
43.7073 93.9468 -70.6659  255 255 255
50.1476 58.4048 -10.4255  255 255 255
45.4047 91.9278 -73.5239  255 255 255
45.4047 91.9278 -73.5239  255 255 255
67.3607 94.9479 -86.3279  255 255 255
66.9239 94.0741 -87.3026  255 255 255
96.344 98.3084 -107.394  255 255 255
37.8997 87.4504 -72.0405  255 255 255
54.0923 51.1335 -7.42613  255 255 255
56.0145 89.1548 -83.9145  255 255 255
57.1871 89.1191 -85.282  255 255 255
57.2887 87.8301 -85.9542  255 255 255
78.3506 90.0723 -100.367  255 255 255
51.9686 34.1388 18.8199  255 255 255
12.5264 78.8614 -60.2873  255 255 255
73.2475 86.3995 -99.9353  255 255 255
58.4017 83.7928 -89.6675  255 255 255
49.6023 35.0966 14.4649  255 255 255
44.481 81.8619 -83.0248  255 255 255
51.844 47.1918 -13.6811  255 255 255
56.4022 28.0026 24.9534  255 255 255
56.4022 28.0026 24.9534  255 255 255
46.7233 79.8914 -85.5114  255 255 255
60.8188 79.6474 -94.4154  255 255 255
55.839 25.9589 23.0943  255 255 255
32.4997 76.1443 -78.9244  255 255 255
48.5584 45.6508 -23.3785  255 255 255
14.381 70.7467 -68.1696  255 255 255
-13.9244 66.9104 -50.467  255 255 255
24.1293 67.5126 -77.8001  255 255 255
24.2072 67.5742 -77.9996  255 255 255
54.8189 21.671 17.3667  255 255 255
50.0042 38.0024 -24.737  255 255 255
-7.42735 63.7548 -59.1256  255 255 255
28.5973 64.7354 -83.3306  255 255 255
28.3032 63.8274 -84.0637  255 255 255
-1.06008 61.718 -64.1379  255 255 255
55.1296 17.9486 15.2616  255 255 255
21.9498 62.1974 -82.0607  255 255 255
22.7056 61.7362 -82.1863  255 255 255
22.9803 62.0657 -83.1382  255 255 255
7.52155 58.6544 -66.8388  255 255 255
56.7135 27.5201 -14.8214  255 255 255
-5.90992 58.2115 -63.863  255 255 255
24.2212 60.0779 -86.5927  255 255 255
-7.74205 56.494 -63.1789  255 255 255
29.9075 58.7879 -90.9532  255 255 255
29.9075 58.7879 -90.9532  255 255 255
37.4099 57.5538 -98.1509  255 255 255
-9.8532 54.633 -63.4049  255 255 255
50.7314 17.0311 4.64394  255 255 255
56.0297 10.0778 11.2494  255 255 255
41.2588 35.6787 -75.1598  255 255 255
-17.9348 45.6159 -64.8107  255 255 255
48.2687 11.2664 -5.67436  255 255 255
53.1232 16.0133 -32.0305  255 255 255
-8.25979 43.677 -76.0979  255 255 255
-12.4849 41.1242 -74.7993  255 255 255
54.5647 1.3875 2.59403  255 255 255
58.1669 -1.81902 8.25017  255 255 255
10.6266 26.4462 -63.1505  255 255 255
2.43491 26.4511 -62.7787  255 255 255
0.746421 24.4398 -60.1856  255 255 255
48.2561 -0.297322 -11.6379  255 255 255
50.1517 -1.22345 -9.65266  255 255 255
51.8006 -2.78253 -6.4868  255 255 255
51.0997 -2.30083 -7.94649  255 255 255
51.059 -2.36437 -7.89944  255 255 255
57.8703 -7.06718 4.00595  255 255 255
-0.0900865 16.366 -51.5594  255 255 255
7.01619 -3.01146 26.1514  255 255 255
47.3121 -3.96334 -17.5926  255 255 255
59.6094 -11.8902 3.70478  255 255 255
7.88496 -4.87478 30.0783  255 255 255
48.8184 -7.18489 -16.1131  255 255 255
48.8635 -7.17894 -16.1699  255 255 255
25.7223 -9.41164 11.1091  255 255 255
58.6396 -16.2464 1.11596  255 255 255
48.1069 -10.3642 -20.2672  255 255 255
2.19885 -8.49433 34.2629  255 255 255
11.5028 -10.9667 31.0088  255 255 255
53.1993 -15.7691 -11.5926  255 255 255
53.2723 -15.7695 -11.7031  255 255 255
59.085 -19.1523 -1.52512  255 255 255
-14.7532 -4.04 26.1328  255 255 255
58.2536 -19.4002 -4.32986  255 255 255
4.83153 -12.049 34.4816  255 255 255
11.1658 -13.4721 31.7866  255 255 255
52.5001 -16.9556 -14.5141  255 255 255
10.0666 -13.423 32.9664  255 255 255
-0.093311 -12.6129 35.9678  255 255 255
-9.08908 -10.2365 33.833  255 255 255
-21.4416 -4.22291 14.4089  255 255 255
-26.1958 -1.91632 7.78093  255 255 255
-22.324 -3.80496 9.3581  255 255 255
-27.3115 4.04236 -35.1964  255 255 255
-18.923 -7.72721 23.3097  255 255 255
2.26066 -16.9699 36.0672  255 255 255
-8.45734 -14.4188 34.9242  255 255 255
-21.0436 -8.80848 19.7492  255 255 255
11.9793 -19.9767 30.3381  255 255 255
-11.0447 -13.8453 33.6443  255 255 255
-19.01 -11.485 25.4144  255 255 255
46.4833 -27.393 -5.15104  255 255 255
-2.36283 -18.5233 36.2247  255 255 255
-26.3023 -9.61088 16.2975  255 255 255
-17.6994 -14.6507 28.094  255 255 255
-2.97969 -19.9258 35.8291  255 255 255
44.7748 -30.2663 -3.7375  255 255 255
-12.1871 -17.0105 32.7795  255 255 255
18.2413 -26.2299 31.2763  255 255 255
-20.5397 -14.3562 26.491  255 255 255
10.9716 -24.751 33.7935  255 255 255
-20.1619 -15.0173 27.0546  255 255 255
-3.44622 -21.8921 35.33  255 255 255
-14.4433 -19.1443 31.156  255 255 255
-11.8604 -20.3492 32.3826  255 255 255
-17.6255 -18.9732 31.1112  255 255 255
15.1197 -29.7214 33.6869  255 255 255
-8.2985 -25.1039 36.0885  255 255 255
-1.34487 -27.3404 36.3577  255 255 255
2.39032 -29.8738 37.1131  255 255 255
-28.6368 -20.41 21.5366  255 255 255
-26.1968 -21.6398 26.2395  255 255 255
-23.953 -23.1433 31.5043  255 255 255
-9.57648 -28.5228 36.7216  255 255 255
-12.4183 -28.4062 36.6786  255 255 255
12.2388 -37.2217 29.0036  255 255 255
-18.2265 -27.3615 34.1719  255 255 255
-23.3723 -26.6062 28.9407  255 255 255
11.8518 -39.5137 27.6263  255 255 255
12.1175 -39.5694 27.0184  255 255 255
-15.7847 -33.2799 31.9874  255 255 255
-5.47816 -36.8517 35.4055  255 255 255
-18.5733 -32.7079 29.387  255 255 255
-22.4781 -31.7473 25.9543  255 255 255
-25.8057 -31.1511 20.3959  255 255 255
1.28198 -40.3914 31.3807  255 255 255
1.28198 -40.3914 31.3807  255 255 255
-0.925372 -39.807 31.0689  255 255 255
-1.37295 -40.2359 31.2917  255 255 255
-1.37295 -40.2359 31.2917  255 255 255
5.74524 -43.0268 29.5646  255 255 255
-20.1484 -34.9323 27.2183  255 255 255
-12.5672 -38.8869 29.2027  255 255 255
-47.1873 -29.0321 3.77179  255 255 255
-47.1863 -29.0087 4.04587  255 255 255
-44.758 -36.5221 12.2103  255 255 255
-7.83641 -49.2772 29.1809  255 255 255
-6.33162 -50.3656 29.4159  255 255 255
6.58775 -58.2686 32.8401  255 255 255
-38.0794 -45.6168 21.7832  255 255 255
-34.9604 -50.1031 26.8929  255 255 255
0.0565923 -62.0839 37.5549  255 255 255
1.15775 -66.0105 41.9087  255 255 255
-30.8489 -55.7689 32.6658  255 255 255
-30.4233 -56.1818 33.127  255 255 255
-25.8667 -63.9753 41.9755  255 255 255
-33.1801 -61.9105 39.6494  255 255 255
55.6464 57.5653 -3.33511  255 255 255
82.5927 101.004 -93.8528  255 255 255
23.1616 90.4427 -58.3848  255 255 255
23.1616 90.4427 -58.3848  255 255 255
63.2044 95.8668 -82.3711  255 255 255
48.6587 60.1325 -12.3267  255 255 255
42.7875 92.3039 -72.0523  255 255 255
-2.62396 83.2178 -44.5731  255 255 255
50.3071 56.5435 -11.554  255 255 255
54.8919 38.9462 19.5203  255 255 255
-9.34919 78.7133 -42.7841  255 255 255
55.2155 87.6914 -85.9977  255 255 255
54.6807 87.1628 -84.7283  255 255 255
-7.91441 73.5644 -49.425  255 255 255
11.3825 75.1976 -61.4911  255 255 255
59.9361 80.7927 -93.8606  255 255 255
52.9445 29.0145 17.8375  255 255 255
32.9051 74.5583 -79.6469  255 255 255
45.4759 71.8904 -88.0009  255 255 255
45.6557 72.0063 -88.3797  255 255 255
24.5203 70.1344 -76.5345  255 255 255
33.0604 70.5412 -82.4383  255 255 255
39.7645 69.1314 -85.6954  255 255 255
54.4376 21.4169 16.4126  255 255 255
-1.69509 64.2374 -61.2268  255 255 255
-1.67046 64.2829 -61.349  255 255 255
4.28311 60.3197 -68.1362  255 255 255
53.6301 18.0285 12.033  255 255 255
53.6301 18.0285 12.033  255 255 255
-18.5177 57.8566 -54.4284  255 255 255
48.5076 21.598 1.99671  255 255 255
53.1835 27.9486 -23.2381  255 255 255
47.834 31.6061 -31.1682  255 255 255
59.5724 50.7468 -91.4219  255 255 255
60.1287 50.6411 -94.1711  255 255 255
52.0401 15.8105 7.17034  255 255 255
-14.2112 53.3987 -61.7702  255 255 255
-18.4085 53.0273 -58.9014  255 255 255
54.9412 22.9441 -21.9767  255 255 255
46.6537 27.1157 -40.0419  255 255 255
49.3733 22.8899 -35.7492  255 255 255
48.636 23.0434 -37.2929  255 255 255
49.6148 11.6245 -2.60348  255 255 255
51.2549 18.0956 -34.2933  255 255 255
52.3015 14.0961 -33.3893  255 255 255
52.8069 12.8396 -34.4075  255 255 255
52.3489 4.12234 -4.75643  255 255 255
48.7133 15.3828 -42.2042  255 255 255
52.3364 12.1124 -34.9438  255 255 255
49.2924 14.1955 -41.0182  255 255 255
48.9986 14.0902 -42.1087  255 255 255
-26.2824 38.3691 -66.0789  255 255 255
25.1103 24.7515 -62.3977  255 255 255
52.08 1.76302 -2.95211  255 255 255
-16.8846 37.5777 -72.9257  255 255 255
12.2947 23.6259 -61.3964  255 255 255
59.4767 -5.86569 7.34173  255 255 255
7.2143 22.5919 -58.6347  255 255 255
3.70737 19.3449 -54.3441  255 255 255
50.0887 -3.92694 -11.7796  255 255 255
59.7692 -11.3939 5.19025  255 255 255
54.3558 -10.7141 -6.12942  255 255 255
57.9082 -14.928 -2.08667  255 255 255
-8.94459 -5.51955 31.3272  255 255 255
58.6611 -18.5526 -2.35981  255 255 255
-1.389 -9.02352 34.6931  255 255 255
57.4693 -19.0381 -5.40026  255 255 255
-16.9494 -3.70193 22.9057  255 255 255
52.9244 -17.5524 -13.633  255 255 255
-23.558 7.37236 -38.9426  255 255 255
58.5988 -21.9372 -3.70694  255 255 255
-0.553077 -12.9594 36.0572  255 255 255
59.6219 -23.8812 -4.08674  255 255 255
-29.4593 5.12505 -36.1486  255 255 255
-0.899183 -15.7058 36.3316  255 255 255
-24.9398 -0.394119 -30.4143  255 255 255
-13.1735 -14.5951 32.6484  255 255 255
-19.8112 -13.3366 24.9027  255 255 255
-10.0286 -17.3334 34.1598  255 255 255
1.9127 -21.1765 35.2603  255 255 255
-14.5319 -16.2336 31.406  255 255 255
-3.02416 -20.5805 35.3496  255 255 255
-6.49079 -19.6899 35.3287  255 255 255
-18.2973 -17.2059 29.4374  255 255 255
-17.3302 -17.7183 29.606  255 255 255
-8.43301 -20.9375 34.3296  255 255 255
-16.5386 -18.8582 30.9397  255 255 255
-2.77357 -24.9125 36.8616  255 255 255
-7.68738 -23.5239 35.297  255 255 255
-13.655 -21.6573 33.9076  255 255 255
-18.5724 -23.7629 31.6231  255 255 255
-19.1013 -23.9906 32.237  255 255 255
-19.1013 -23.9906 32.237  255 255 255
10.9003 -39.2612 28.4769  255 255 255
12.7385 -40.1384 26.3473  255 255 255
9.44988 -39.2616 29.2159  255 255 255
-10.4798 -32.9694 34.9182  255 255 255
-5.47696 -37.7283 33.4331  255 255 255
-19.0646 -35.4272 27.6759  255 255 255
2.97754 -43.2775 28.5051  255 255 255
6.22598 -46.1688 30.83  255 255 255
-43.9178 -30.2524 4.87964  255 255 255
-5.9811 -42.8644 30.6705  255 255 255
-49.3116 -31.8077 6.79938  255 255 255
-16.9552 -42.7174 26.5499  255 255 255
-45.1462 -34.6329 8.84186  255 255 255
-49.5451 -34.5563 9.97814  255 255 255
-42.8147 -39.7391 15.7656  255 255 255
-36.8082 -44.8339 20.8831  255 255 255
-43.9793 -43.2606 19.4181  255 255 255
-39.7011 -45.1481 21.1691  255 255 255
-42.8889 -46.4777 23.0727  255 255 255
-27.4004 -52.2065 28.7448  255 255 255
-37.6704 -50.0118 26.8819  255 255 255
-30.1716 -53.0257 29.7753  255 255 255
7.15643 -67.8996 43.8764  255 255 255
-34.0615 -56.7681 34.4763  255 255 255
-36.0192 -59.0052 36.6471  255 255 255
-25.6015 -62.6427 40.3987  255 255 255
-26.1045 -63.04 40.1439  255 255 255
-34.4311 -60.7262 38.4328  255 255 255
-26.1996 -63.5683 41.3598  255 255 255
-33.7926 -61.4646 39.1655  255 255 255
49.4828 60.0992 -10.6506  255 255 255
65.7229 93.8301 -90.8377  255 255 255
51.1392 39.7674 18.0498  255 255 255
-4.67476 81.2711 -44.9583  255 255 255
60.0876 88.4753 -87.49  255 255 255
58.9049 32.3615 25.248  255 255 255
57.0351 29.3289 27.8533  255 255 255
52.6906 48.9666 -11.2868  255 255 255
70.316 86.6748 -97.1522  255 255 255
66.6285 79.7834 -100.22  255 255 255
-18.9014 69.6771 -44.3388  255 255 255
73.5334 78.992 -105.509  255 255 255
73.6545 79.0599 -105.766  255 255 255
41.2164 69.6931 -86.9739  255 255 255
53.1769 20.9602 12.7196  255 255 255
-9.70197 61.934 -58.6464  255 255 255
19.8772 61.6763 -77.3026  255 255 255
20.165 61.9771 -78.437  255 255 255
52.1453 18.5331 9.01046  255 255 255
-9.02273 56.6682 -63.81  255 255 255
55.3305 23.7994 -20.3628  255 255 255
55.2853 23.8044 -20.3052  255 255 255
-15.6209 48.9504 -65.1964  255 255 255
50.2958 22.3546 -33.666  255 255 255
52.0366 6.96788 0.636628  255 255 255
51.165 15.8584 -35.4338  255 255 255
58.2512 -2.91967 7.48215  255 255 255
51.692 10.1553 -38.4351  255 255 255
1.59663 27.1201 -63.2145  255 255 255
10.317 18.3175 -53.4816  255 255 255
50.8057 -6.83385 -11.8906  255 255 255
51.8237 -8.54869 -10.8155  255 255 255
6.65927 -6.54883 31.5057  255 255 255
6.2795 -6.6342 30.8375  255 255 255
53.2397 -12.6887 -10.2935  255 255 255
4.31929 -9.3649 34.1879  255 255 255
56.9382 -16.1748 -4.81986  255 255 255
-4.99121 -7.2816 33.5603  255 255 255
60.1462 -20.777 -2.4191  255 255 255
2.82165 -12.4346 35.3681  255 255 255
-23.2183 5.29173 -36.4958  255 255 255
6.97693 -16.6321 34.025  255 255 255
-9.50911 -11.9792 33.8862  255 255 255
4.76699 -17.039 35.3361  255 255 255
2.54864 -18.3198 35.5268  255 255 255
-21.7358 -9.95692 21.0913  255 255 255
-21.6113 -13.6112 25.1149  255 255 255
-24.3695 -12.3651 19.7755  255 255 255
-24.3695 -12.3651 19.7755  255 255 255
2.15476 -22.0313 35.0954  255 255 255
2.15476 -22.0313 35.0954  255 255 255
-18.7262 -15.4008 27.2922  255 255 255
-17.0824 -16.6128 29.1299  255 255 255
-17.9702 -16.2782 28.3994  255 255 255
-13.0545 -18.5472 32.2568  255 255 255
0.107757 -23.0078 34.769  255 255 255
-18.2262 -19.6089 31.7137  255 255 255
-12.6934 -21.4344 33.5095  255 255 255
-1.81378 -26.1921 37.0317  255 255 255
13.3182 -31.5519 33.3641  255 255 255
-16.6197 -23.4853 32.1507  255 255 255
7.17757 -31.9985 38.0567  255 255 255
-26.3697 -21.0256 26.2741  255 255 255
-14.8812 -25.2011 33.282  255 255 255
-7.48352 -28.3014 34.9643  255 255 255
5.84148 -33.9014 36.2561  255 255 255
-23.2018 -25.0625 30.6876  255 255 255
5.37642 -38.1151 31.4184  255 255 255
11.9447 -41.2118 25.6851  255 255 255
-46.2214 -26.366 0.226393  255 255 255
-46.2197 -26.4285 0.149217  255 255 255
-12.0704 -39.594 28.4315  255 255 255
-48.6839 -28.621 3.49925  255 255 255
-14.0814 -42.3177 26.3858  255 255 255
-36.5497 -45.4896 21.348  255 255 255
-41.1567 -44.7573 20.3058  255 255 255
12.3648 -64.5989 39.7559  255 255 255
-9.51565 -60.4049 36.3019  255 255 255
9.42539 -68.0412 43.9223  255 255 255
-8.1871 -63.4699 39.977  255 255 255
-5.49496 -67.5699 45.2209  255 255 255
-28.7775 -61.9421 39.2343  255 255 255
52.567 50.6549 -8.92608  255 255 255
72.3014 86.3394 -98.9548  255 255 255
-24.1575 55.788 -51.328  255 255 255
50.2695 26.3632 -30.6235  255 255 255
-12.5732 48.813 -67.529  255 255 255
13.3333 24.6047 -61.7324  255 255 255
-2.60399 -13.5189 35.8442  255 255 255
-19.4842 -6.75625 20.6586  255 255 255
-18.945 -10.6091 25.7653  255 255 255
-14.0212 -13.125 31.5971  255 255 255
-12.4051 -15.8813 33.0166  255 255 255
-11.2088 -20.5812 33.3544  255 255 255
6.09764 -30.007 37.434  255 255 255
2.40443 -29.373 38.9201  255 255 255
-14.3996 -25.5539 33.5176  255 255 255
-19.0167 -24.4901 32.3732  255 255 255
5.63784 -34.6657 34.4129  255 255 255
-9.04368 -35.9269 33.3817  255 255 255
-26.2577 -32.351 19.7516  255 255 255
-22.6449 -35.1001 23.2667  255 255 255
-41.5925 -40.79 16.5368  255 255 255
-46.1786 -40.5208 16.4477  255 255 255
-25.67 -53.3224 29.5465  255 255 255
-36.6694 -50.9695 28.024  255 255 255
-18.7174 53.1081 -59.7408  255 255 255
-20.7019 49.1705 -58.4846  255 255 255
48.6162 14.5493 -4.16024  255 255 255
52.7472 5.13018 -0.199859  255 255 255
51.8823 4.09761 -0.708483  255 255 255
-2.14969 2.73691 21.9314  255 255 255
-21.6834 -0.134498 5.41673  255 255 255
-23.1772 -1.14179 6.37742  255 255 255
-22.3688 -1.84246 7.12881  255 255 255
-3.59401 -12.434 35.9314  255 255 255
-9.61607 -17.6006 35.905  255 255 255
1.64978 -25.9281 36.8686  255 255 255
-2.8431 -25.9011 37.2833  255 255 255
-6.59282 -25.1093 36.5455  255 255 255
-14.0469 -24.9673 33.9698  255 255 255
2.8632 -30.9814 38.1667  255 255 255
-13.0284 -26.4982 34.1348  255 255 255
15.7279 -39.0799 26.3077  255 255 255
13.572 -38.9434 26.2463  255 255 255
13.572 -38.9434 26.2463  255 255 255
1.21812 -39.2068 32.2456  255 255 255
4.77428 -41.7211 29.8272  255 255 255
5.02745 -41.8434 29.1417  255 255 255
-25.9741 -33.3008 19.9042  255 255 255
4.74799 -43.6867 28.7865  255 255 255
-23.6905 -34.6146 22.8718  255 255 255
-45.8099 -38.5745 14.4748  255 255 255
-46.891 -39.2805 15.35  255 255 255
-32.8124 -46.1977 23.4962  255 255 255
-38.3285 -44.8423 21.181  255 255 255
10.0407 -64.4717 39.1531  255 255 255
11.3735 -66.1739 41.51  255 255 255
48.0496 57.5594 -14.3327  255 255 255
66.4639 90.024 -91.5372  255 255 255
20.3768 78.7042 -67.354  255 255 255
57.0991 38.8239 -12.7359  255 255 255
25.2795 65.677 -78.1626  255 255 255
54.5088 8.57418 7.53038  255 255 255
51.3921 6.75132 -1.35188  255 255 255
11.8923 26.3056 -62.8175  255 255 255
-19.2124 -0.554469 8.32912  255 255 255
-4.53301 -16.5535 36.1584  255 255 255
1.37716 -24.9594 36.426  255 255 255
-44.8808 -29.1847 4.09664  255 255 255
-26.7908 -36.2082 22.6301  255 255 255
-31.375 -50.1835 25.968  255 255 255
-40.8873 -47.6534 24.2451  255 255 255
24.5448 89.6165 -61.1214  255 255 255
8.88017 24.3368 -60.3769  255 255 255
-6.98295 -12.0914 35.2027  255 255 255
5.4232 -32.2832 38.177  255 255 255
3.20131 -40.9921 30.3796  255 255 255
-20.4588 -33.4748 26.6867  255 255 255
-44.0744 -39.8674 15.3919  255 255 255
-44.0744 -39.8674 15.3919  255 255 255
-44.3381 -41.2907 17.8174  255 255 255
61.8197 90.1299 -86.7317  255 255 255
11.8497 82.9013 -57.3406  255 255 255
51.4683 48.9309 -12.8805  255 255 255
55.4334 41.4691 -16.0178  255 255 255
-21.6955 -2.23247 10.471  255 255 255
-9.21112 -14.4738 34.1022  255 255 255
15.4741 -21.9036 34.0916  255 255 255
0.224362 -32.4113 38.5856  255 255 255
-14.7669 -28.2442 37.0706  255 255 255
-32.0276 -51.7186 27.7721  255 255 255
36.8585 65.3286 -90.9003  255 255 255
36.8585 65.3286 -90.9003  255 255 255
-7.51506 55.5084 -67.2397  255 255 255
-11.8458 -12.6281 32.6199  255 255 255
5.6676 -26.2488 43.2674  255 255 255
-4.29403 -30.6988 38.6087  255 255 255
-10.6796 -25.8727 33.672  255 255 255
-10.6796 -25.8727 33.672  255 255 255
-8.24884 59.2282 -62.9689  255 255 255
-38.6519 55.4049 -41.634  255 255 255
-17.948 57.3319 -57.4839  255 255 255
-59.6562 53.0384 -28.4933  255 255 255
-37.8614 54.4901 -43.1634  255 255 255
-28.8727 55.5309 -50.2748  255 255 255
-28.8727 55.5309 -50.2748  255 255 255
-25.9201 55.0894 -52.2724  255 255 255
49.2075 33.0769 -28.0212  255 255 255
-29.7044 52.1844 -52.3713  255 255 255
49.1006 21.4682 4.43158  255 255 255
54.6927 27.7272 -17.9441  255 255 255
-35.7632 50.042 -48.8939  255 255 255
-50.2378 47.178 -38.8427  255 255 255
55.7338 14.5122 15.2299  255 255 255
-46.6323 46.9031 -42.5706  255 255 255
-36.446 47.532 -50.2336  255 255 255
-26.7762 47.3704 -55.4603  255 255 255
52.1504 16.5176 7.64648  255 255 255
-7.28689 49.2271 -71.647  255 255 255
47.8072 29.3562 -33.5751  255 255 255
-50.0072 46.3037 -41.1608  255 255 255
4.03132 48.5852 -81.5976  255 255 255
4.4967 48.1606 -82.3074  255 255 255
54.4789 22.794 -23.0766  255 255 255
-42.5927 44.305 -48.9725  255 255 255
-26.9068 44.4012 -60.7022  255 255 255
-49.6137 41.9643 -44.0372  255 255 255
-49.6137 41.9643 -44.0372  255 255 255
-26.6662 43.2339 -62.1384  255 255 255
-63.3505 41.5838 -34.7204  255 255 255
-43.1025 42.0374 -48.8964  255 255 255
-27.6719 42.9479 -61.6672  255 255 255
-56.8085 41.2562 -38.8899  255 255 255
-46.7385 41.5405 -46.3312  255 255 255
-52.2803 41.3174 -42.1229  255 255 255
-62.0217 41.3031 -36.921  255 255 255
-62.9131 41.063 -35.9639  255 255 255
-55.0835 41.1935 -41.1488  255 255 255
-52.8508 40.8808 -42.4202  255 255 255
-77.1655 40.6526 -26.5872  255 255 255
-51.3758 40.2063 -44.2269  255 255 255
6.85331 39.9092 -78.2277  255 255 255
6.10733 39.3537 -76.6188  255 255 255
53.1399 19.4244 -28.6958  255 255 255
-58.3992 39.2537 -39.9616  255 255 255
-51.5499 38.6921 -43.4857  255 255 255
-45.2739 39.7604 -52.1067  255 255 255
-54.0185 39.1668 -44.0269  255 255 255
50.5585 19.8945 -33.8641  255 255 255
50.5585 19.8945 -33.8641  255 255 255
-49.3835 38.6111 -47.5521  255 255 255
-50.2457 38.8379 -48.0397  255 255 255
-64.8437 38.4355 -37.0332  255 255 255
12.9397 34.8806 -72.6057  255 255 255
-55.3813 38.5268 -44.074  255 255 255
-61.8667 38.267 -38.8987  255 255 255
-27.1396 38.7658 -64.9491  255 255 255
-73.3866 38.0872 -31.9431  255 255 255
-4.288 37.0946 -73.571  255 255 255
-50.855 37.4261 -47.0912  255 255 255
47.0015 25.7866 -63.8365  255 255 255
-10.7251 36.2084 -71.4689  255 255 255
49.8152 18.3396 -36.0815  255 255 255
53.4569 16.0909 -29.7953  255 255 255
-68.3866 36.8336 -35.8878  255 255 255
-54.4799 36.9301 -46.1897  255 255 255
-27.3733 37.218 -66.8215  255 255 255
-71.6421 36.2683 -34.3909  255 255 255
-71.6421 36.2683 -34.3909  255 255 255
-42.6687 35.6471 -54.0072  255 255 255
-70.0546 35.3999 -34.0958  255 255 255
-3.99516 31.863 -66.144  255 255 255
-9.45731 33.3635 -68.916  255 255 255
-44.4551 22.031 -8.95013  255 255 255
-54.0268 35.5473 -48.0816  255 255 255
1.28575 31.1195 -68.7877  255 255 255
-36.6677 34.9373 -60.0106  255 255 255
-7.09668 31.7053 -67.775  255 255 255
-41.3836 35.0562 -58.0874  255 255 255
-0.104871 29.55 -65.1473  255 255 255
49.6475 7.86179 -4.15049  255 255 255
-2.76158 30.2035 -66.9145  255 255 255
-2.73498 30.2359 -66.9677  255 255 255
-3.97878 29.3633 -64.6535  255 255 255
-4.77108 29.3058 -64.5827  255 255 255
51.8585 13.4033 -32.7688  255 255 255
52.8192 5.53374 1.25929  255 255 255
52.8192 5.53374 1.25929  255 255 255
-16.1836 31.3547 -66.5108  255 255 255
-16.8378 30.9282 -65.8789  255 255 255
-70.2183 32.2454 -33.996  255 255 255
-27.2307 31.8402 -65.5764  255 255 255
-67.4342 32.5589 -39.2833  255 255 255
-67.4342 32.5589 -39.2833  255 255 255
-65.9964 32.6716 -41.0516  255 255 255
-53.0515 32.4205 -50.323  255 255 255
-19.9928 29.9787 -64.8657  255 255 255
-8.65589 27.7594 -63.2695  255 255 255
-20.0064 29.4418 -64.2891  255 255 255
-29.0551 31.0153 -64.7842  255 255 255
-29.0501 30.9955 -64.7426  255 255 255
-13.361 27.5984 -61.4205  255 255 255
-64.4273 31.9157 -42.2363  255 255 255
-47.8411 31.7463 -57.6606  255 255 255
-48.0238 31.464 -56.4076  255 255 255
-28.8892 29.3075 -63.1274  255 255 255
-65.7558 31.0255 -43.1333  255 255 255
22.245 18.5335 -54.7186  255 255 255
-55.8478 30.2433 -50.5545  255 255 255
62.4408 -2.68702 18.1954  255 255 255
62.3223 -2.42401 15.6602  255 255 255
-43.275 29.654 -61.7914  255 255 255
-54.2166 29.7988 -53.852  255 255 255
-27.4671 26.4885 -60.1605  255 255 255
-23.1899 25.6745 -60.2658  255 255 255
-75.2989 31.0942 -43.6374  255 255 255
-0.778187 20.4613 -55.8399  255 255 255
-47.4334 28.9569 -58.7445  255 255 255
-29.4864 26.1728 -60.226  255 255 255
-66.2479 29.174 -43.4229  255 255 255
-55.5535 29.0035 -53.1758  255 255 255
-53.0981 28.7892 -54.3828  255 255 255
-64.1798 29.0113 -45.7782  255 255 255
-48.2266 28.6584 -59.1868  255 255 255
-54.0175 28.2687 -52.5134  255 255 255
-54.0175 28.2687 -52.5134  255 255 255
-19.4708 23.0588 -57.0406  255 255 255
-73.5496 29.5415 -42.6114  255 255 255
-62.5624 28.2025 -46.5748  255 255 255
-78.7204 28.8686 -35.6401  255 255 255
30.8209 12.9224 -49.2924  255 255 255
52.0155 7.66981 -39.0971  255 255 255
59.2653 -2.48288 9.00978  255 255 255
-36.8401 25.5772 -58.2362  255 255 255
-36.8401 25.5772 -58.2362  255 255 255
59.3671 -3.0412 11.5479  255 255 255
-40.4248 26.2948 -59.2796  255 255 255
-16.5963 21.2653 -54.5008  255 255 255
-53.6074 27.7287 -55.9699  255 255 255
-0.0036927 17.5803 -51.4725  255 255 255
-33.1132 24.4014 -58.3582  255 255 255
-62.6903 27.4583 -47.6404  255 255 255
-62.8219 27.6101 -48.2124  255 255 255
-34.6225 24.4602 -57.9196  255 255 255
-17.5636 20.83 -54.2304  255 255 255
-61.1251 27.6645 -50.6534  255 255 255
-83.1654 28.119 -32.6588  255 255 255
-60.6976 27.5174 -51.2114  255 255 255
-60.2356 27.0802 -48.9159  255 255 255
58.5834 -2.85985 7.92871  255 255 255
-65.8087 27.3044 -45.6494  255 255 255
-58.8225 27.1498 -52.3431  255 255 255
-58.4566 26.7755 -50.4039  255 255 255
-75.2848 28.3448 -44.1576  255 255 255
-62.7963 27.1 -49.6489  255 255 255
-56.0988 26.3946 -52.2207  255 255 255
-40.8433 24.6291 -57.383  255 255 255
-31.5456 22.6095 -55.4314  255 255 255
60.9517 -4.9768 14.8549  255 255 255
-59.1082 26.9068 -52.7506  255 255 255
-58.5432 26.7867 -53.2175  255 255 255
-60.9965 26.7157 -51.3858  255 255 255
57.9329 -3.54801 7.31792  255 255 255
-62.0491 26.5907 -50.9889  255 255 255
-57.4342 26.4264 -54.3738  255 255 255
-53.8577 25.8517 -54.892  255 255 255
-2.3293 15.9816 -50.0594  255 255 255
-77.515 26.7759 -38.1733  255 255 255
-78.1516 26.7553 -37.8922  255 255 255
-56.7428 26.0624 -55.2404  255 255 255
-80.964 26.494 -33.8917  255 255 255
-73.7822 27.0114 -43.9254  255 255 255
-59.0345 26.025 -53.8125  255 255 255
-62.063 26.0024 -50.9854  255 255 255
-62.063 26.0024 -50.9854  255 255 255
59.3657 -4.99443 9.96315  255 255 255
-62.9371 25.3924 -48.6833  255 255 255
-39.9344 22.0627 -54.2107  255 255 255
-20.9306 18.1265 -50.9466  255 255 255
-25.8397 18.5915 -50.2595  255 255 255
44.7633 5.2952 -41.3517  255 255 255
62.299 -7.03749 15.4105  255 255 255
-57.3766 24.0352 -52.5518  255 255 255
-7.58809 1.79926 23.3404  255 255 255
-79.677 25.1963 -38.2339  255 255 255
-75.4649 25.7875 -46.0566  255 255 255
-63.6033 24.3938 -51.285  255 255 255
-57.5608 23.9463 -56.4086  255 255 255
61.356 -6.90809 10.9798  255 255 255
-65.8027 23.7824 -48.6184  255 255 255
-9.14465 13.3284 -45.6457  255 255 255
-82.0631 24.4288 -35.8813  255 255 255
-79.7518 24.4902 -39.0572  255 255 255
-57.5516 22.9998 -54.0252  255 255 255
-25.7778 15.9334 -47.3003  255 255 255
-90.9104 26.3948 -41.37  255 255 255
-81.6122 24.1627 -37.6271  255 255 255
-78.5658 23.6795 -39.0937  255 255 255
-64.0495 23.1724 -52.184  255 255 255
-81.6064 23.7305 -37.9809  255 255 255
-65.2009 22.5177 -50.1024  255 255 255
-35.814 16.4321 -47.2684  255 255 255
-35.814 16.4321 -47.2684  255 255 255
-10.8215 0.633539 23.4776  255 255 255
-23.5142 13.913 -45.3849  255 255 255
-66.4549 22.2741 -50.6166  255 255 255
-68.1465 22.3493 -49.6354  255 255 255
56.1179 -6.43785 0.718744  255 255 255
-23.6643 13.4765 -44.9376  255 255 255
56.9122 -7.11884 1.85102  255 255 255
41.5122 0.77613 -36.3827  255 255 255
8.68865 -4.31397 29.32  255 255 255
57.678 -8.24216 3.06637  255 255 255
9.80453 -5.02844 29.5403  255 255 255
10.8796 -5.44352 28.8795  255 255 255
59.7095 -9.81894 6.313  255 255 255
53.5661 -7.39094 -5.82775  255 255 255
-41.3677 13.3545 -44.4673  255 255 255
41.151 -2.17342 -33.0945  255 255 255
13.0684 -6.64241 27.4748  255 255 255
41.8264 -3.33245 -31.5921  255 255 255
5.3208 -6.34162 32.4462  255 255 255
65.9503 -13.9075 18.5451  255 255 255
40.5551 -3.84025 -30.3343  255 255 255
62.5685 -12.8274 12.4824  255 255 255
48.9585 -7.25445 -16.3066  255 255 255
-11.6897 -3.25871 27.5742  255 255 255
-15.92 -2.14524 22.3546  255 255 255
-58.7972 13.9417 -43.7644  255 255 255
-60.8791 14.2252 -44.3308  255 255 255
-60.8791 14.2252 -44.3308  255 255 255
-17.6128 -0.573801 9.71788  255 255 255
-17.8853 -0.857707 10.1289  255 255 255
-66.6934 14.4928 -42.6666  255 255 255
66.8881 -15.7153 19.3446  255 255 255
51.4069 -10.2475 -12.9964  255 255 255
-61.2772 12.3001 -42.0835  255 255 255
-44.5072 8.21971 -38.5596  255 255 255
24.2918 -9.61335 12.5282  255 255 255
-50.4547 9.14963 -38.5067  255 255 255
-75.8873 14.2949 -43.8209  255 255 255
51.4223 -11.3822 -13.1533  255 255 255
60.8926 -14.8163 5.08351  255 255 255
-43.2528 7.15275 -38.4866  255 255 255
-42.3422 6.69579 -36.7256  255 255 255
-14.8033 -5.48027 27.0059  255 255 255
-9.70027 -6.86485 31.5645  255 255 255
-24.542 -1.6677 6.93779  255 255 255
63.5437 -16.4429 8.3529  255 255 255
14.2954 -10.73 28.5911  255 255 255
-74.4629 12.0568 -41.5681  255 255 255
-20.5704 -3.55394 13.3951  255 255 255
-20.5704 -3.55394 13.3951  255 255 255
24.978 -11.4532 14.1714  255 255 255
2.75217 -9.97839 34.5368  255 255 255
-38.1902 4.05667 -33.9782  255 255 255
-18.1029 -5.30902 22.7165  255 255 255
4.85125 -10.5101 34.4008  255 255 255
4.85125 -10.5101 34.4008  255 255 255
61.0155 -16.7029 4.96286  255 255 255
-40.0691 4.18714 -33.29  255 255 255
47.612 -12.3078 -22.2797  255 255 255
61.6687 -17.1169 3.93761  255 255 255
48.4097 -12.7073 -22.0983  255 255 255
48.4522 -12.7238 -22.2066  255 255 255
53.5895 -14.8059 -10.4881  255 255 255
-18.1005 -6.31714 23.9374  255 255 255
-38.071 2.52058 -32.5257  255 255 255
47.5228 -13.3485 -20.8723  255 255 255
62.7069 -18.3725 5.05244  255 255 255
47.5102 -13.6732 -21.3165  255 255 255
9.43649 -12.2575 32.9797  255 255 255
26.0631 -13.5747 16.4184  255 255 255
59.8652 -17.6493 -0.647097  255 255 255
-24.6934 -4.59985 10.2689  255 255 255
10.442 -12.7625 32.2029  255 255 255
-32.9006 0.164563 -28.8958  255 255 255
-75.0452 8.48751 -37.095  255 255 255
-51.4479 3.53846 -32.5206  255 255 255
-61.7448 5.36885 -34.2611  255 255 255
64.0307 -20.1678 9.43391  255 255 255
-52.2334 1.45486 -15.7632  255 255 255
24.3011 -14.8255 18.0197  255 255 255
-40.023 0.252194 -29.1963  255 255 255
19.4289 -14.6977 22.8374  255 255 255
-64.9541 4.71073 -33.2737  255 255 255
-5.11842 -11.7776 35.3209  255 255 255
5.45587 -13.6316 34.9944  255 255 255
-2.09071 -12.704 35.7999  255 255 255
-48.6519 0.26271 -29.2121  255 255 255
-23.574 -7.90958 17.9835  255 255 255
-10.945 -11.2242 32.9094  255 255 255
-17.2813 -9.99227 26.9348  255 255 255
24.9038 -17.0524 20.7671  255 255 255
-45.1517 -1.57498 -27.5458  255 255 255
-46.4366 -1.52361 -27.1265  255 255 255
-0.794648 -13.9748 35.9985  255 255 255
18.3181 -16.61 25.2066  255 255 255
-48.389 -1.38079 -27.0953  255 255 255
11.3104 -16.1496 32.3189  255 255 255
65.3635 -23.8409 4.40905  255 255 255
-49.7935 -1.93638 -26.6286  255 255 255
52.2692 -20.8786 -13.1872  255 255 255
-52.5896 -2.37831 -17.2078  255 255 255
-9.99941 -13.1902 33.9426  255 255 255
53.2204 -21.5839 -12.5704  255 255 255
-27.6036 -9.39738 16.2458  255 255 255
-18.8197 -11.651 25.9423  255 255 255
-51.1874 -3.23613 -24.6376  255 255 255
-27.5752 -10.0716 16.8063  255 255 255
4.92209 -17.0735 35.1757  255 255 255
-34.9461 -7.44844 -22.064  255 255 255
-41.3067 -6.38196 -20.2414  255 255 255
-38.4518 -6.93311 -21.4646  255 255 255
51.9746 -23.8964 -10.462  255 255 255
23.6552 -20.7789 24.6531  255 255 255
70.0727 -28.5568 17.2791  255 255 255
-49.6065 -6.05893 -21.5403  255 255 255
54.1024 -25.2057 -8.42423  255 255 255
65.1421 -27.8378 6.78797  255 255 255
-58.219 -4.91935 -23.0882  255 255 255
69.9506 -29.3406 16.6189  255 255 255
70.4802 -29.7274 17.1598  255 255 255
65.1616 -28.4581 1.64871  255 255 255
-41.8285 -8.74451 -18.8435  255 255 255
54.4069 -26.5001 -8.06298  255 255 255
4.69472 -19.1784 34.9662  255 255 255
-42.4496 -9.23056 -18.9596  255 255 255
-8.96105 -16.7822 34.156  255 255 255
0.92948 -18.6479 35.9315  255 255 255
15.2894 -21.1803 30.4744  255 255 255
-43.9992 -9.12889 -19.2067  255 255 255
-15.051 -16.0824 30.9285  255 255 255
-44.1142 -9.87404 -17.6775  255 255 255
-38.4644 -11.0511 -16.8964  255 255 255
-49.8973 -9.09793 -18.1339  255 255 255
70.1359 -31.5833 15.1168  255 255 255
-48.836 -9.39907 -17.8331  255 255 255
-51.037 -9.03905 -18.3246  255 255 255
70.8223 -31.8196 16.2043  255 255 255
-51.2529 -9.35503 -17.989  255 255 255
22.7454 -23.6858 28.2594  255 255 255
48.6226 -27.9042 -5.16277  255 255 255
-39.1512 -12.1763 -15.6143  255 255 255
-21.4685 -16.29 27.3978  255 255 255
12.9393 -22.7691 32.18  255 255 255
-49.7285 -11.0543 -16.3138  255 255 255
-22.2532 -16.5007 25.9783  255 255 255
69.4443 -33.2258 12.4199  255 255 255
-19.391 -17.1698 29.0772  255 255 255
15.2258 -23.602 30.6372  255 255 255
-2.94257 -20.4253 35.0559  255 255 255
-56.9524 -10.6883 -16.3646  255 255 255
-56.8768 -10.6827 -16.0102  255 255 255
-46.1198 -12.9774 -14.517  255 255 255
-45.8607 -13.2141 -14.6562  255 255 255
-42.0648 -14.0111 -13.4967  255 255 255
16.6775 -25.1778 30.5552  255 255 255
-19.8144 -18.479 29.93  255 255 255
-26.3389 -17.3548 24.8525  255 255 255
-26.3389 -17.3548 24.8525  255 255 255
-20.4187 -18.4334 28.9084  255 255 255
19.6565 -26.0528 31.1396  255 255 255
15.8066 -25.3823 30.8386  255 255 255
-39.4922 -15.6337 -11.1599  255 255 255
58.0254 -34.1642 -0.539328  255 255 255
16.064 -26.4419 32.1267  255 255 255
13.0611 -26.0608 32.0581  255 255 255
17.4829 -26.9824 32.53  255 255 255
17.4829 -26.9824 32.53  255 255 255
-44.3285 -16.5518 -9.84431  255 255 255
-26.3982 -19.1552 27.2645  255 255 255
43.8916 -33.1333 1.22893  255 255 255
-22.4749 -20.2621 28.2901  255 255 255
-22.4749 -20.2621 28.2901  255 255 255
-16.76 -21.2503 32.2052  255 255 255
3.51761 -25.0786 35.9471  255 255 255
-15.7267 -21.5496 33.3496  255 255 255
-0.535835 -24.5226 35.7663  255 255 255
-51.2807 -16.4086 -10.2488  255 255 255
-26.5837 -20.207 26.4398  255 255 255
-51.5815 -16.8806 -9.84579  255 255 255
-46.7713 -17.768 -8.99618  255 255 255
-6.72462 -23.8712 35.6846  255 255 255
15.1219 -28.0893 33.806  255 255 255
-0.293299 -25.1645 36.5061  255 255 255
-5.29319 -24.2774 35.9425  255 255 255
15.4049 -28.5085 34.1194  255 255 255
-26.3919 -20.9612 26.353  255 255 255
4.1397 -26.3936 36.143  255 255 255
-26.6651 -20.9706 25.8142  255 255 255
16.4575 -28.9792 34.8529  255 255 255
60.7009 -38.5908 6.92784  255 255 255
10.0694 -28.1969 34.5875  255 255 255
-18.4811 -22.9074 31.3061  255 255 255
-13.8978 -23.7067 34.0708  255 255 255
-18.0294 -23.2736 31.5029  255 255 255
9.37878 -28.3719 34.7975  255 255 255
-55.7441 -18.5232 -7.75347  255 255 255
-50.4173 -19.7463 -7.05454  255 255 255
-18.2421 -23.923 31.9882  255 255 255
-47.3658 -20.5098 -6.11121  255 255 255
61.9012 -40.9621 9.44042  255 255 255
-60.3184 -18.4643 -7.81403  255 255 255
-45.7908 -21.2213 -5.46106  255 255 255
47.6738 -38.6085 6.63838  255 255 255
-59.6193 -18.8155 -7.46322  255 255 255
8.8864 -29.5023 36.1871  255 255 255
-24.1869 -23.4432 32.1228  255 255 255
-62.6577 -18.9103 -7.03046  255 255 255
-55.165 -20.3777 -5.4572  255 255 255
7.43071 -29.8483 36.3645  255 255 255
-33.57 -24.0112 9.01528  255 255 255
-66.3444 -18.7934 -5.17678  255 255 255
-56.1624 -20.9383 -5.61955  255 255 255
53.8819 -41.9325 7.95677  255 255 255
-46.1585 -23.9266 -2.00439  255 255 255
5.84959 -31.0727 37.9161  255 255 255
-52.9506 -22.9356 -3.06953  255 255 255
-14.0242 -27.5875 36.099  255 255 255
-50.5002 -23.6759 -2.36645  255 255 255
-56.7321 -22.7736 -3.06149  255 255 255
-68.479 -20.9315 -4.50487  255 255 255
33.4195 -39.634 10.8219  255 255 255
-53.6776 -24.2024 -1.19024  255 255 255
-16.018 -28.4222 35.6913  255 255 255
-10.4216 -29.3791 37.5304  255 255 255
-52.53 -24.8448 -1.00338  255 255 255
-13.7473 -28.9407 37.0119  255 255 255
-2.7142 -30.9558 38.7938  255 255 255
-2.7142 -30.9558 38.7938  255 255 255
0.0490032 -31.4999 38.6534  255 255 255
-14.9851 -28.6995 37.1726  255 255 255
-26.3106 -28.0772 22.2764  255 255 255
-13.6181 -29.2087 36.9377  255 255 255
2.92814 -32.6241 37.4109  255 255 255
-66.2882 -22.9501 -2.50288  255 255 255
-54.5814 -25.5362 -0.12621  255 255 255
-65.7775 -23.6778 -2.00656  255 255 255
-66.0679 -23.8022 -1.99897  255 255 255
-76.728 -22.3425 -2.70311  255 255 255
-54.6427 -26.2293 0.858544  255 255 255
-56.409 -26.0612 0.576278  255 255 255
-0.123639 -33.7167 36.6812  255 255 255
-48.6645 -28.1835 3.28448  255 255 255
41.834 -45.1718 14.9303  255 255 255
-42.7928 -29.738 4.57847  255 255 255
16.7404 -39.3095 25.0382  255 255 255
41.3734 -45.8288 15.8516  255 255 255
44.2778 -46.5102 16.3306  255 255 255
12.472 -39.3451 27.12  255 255 255
-23.689 -32.6274 24.0574  255 255 255
49.5927 -48.5651 18.7326  255 255 255
-1.45192 -36.5598 33.8376  255 255 255
-54.8674 -30.4074 5.42374  255 255 255
-14.6609 -34.9741 31.4397  255 255 255
-33.7953 -34.007 12.6679  255 255 255
-63.6722 -29.3465 4.40686  255 255 255
-63.6722 -29.3465 4.40686  255 255 255
-56.0266 -31.212 6.14958  255 255 255
41.5328 -49.4262 19.9551  255 255 255
0.891262 -40.1321 31.4912  255 255 255
-63.7479 -31.1478 6.40438  255 255 255
-43.9235 -34.6115 9.82956  255 255 255
-52.2784 -33.2264 8.87629  255 255 255
-6.33527 -38.7715 32.2253  255 255 255
-0.750004 -40.7695 31.1217  255 255 255
-49.911 -34.4053 9.68196  255 255 255
37.5108 -51.0811 22.1943  255 255 255
-71.6996 -31.2251 7.57358  255 255 255
37.353 -51.2748 22.3818  255 255 255
-53.2885 -34.9486 10.1737  255 255 255
29.4513 -50.191 21.6256  255 255 255
-3.43206 -42.7189 30.179  255 255 255
20.0631 -49.1479 24.9757  255 255 255
24.6374 -51.2061 22.9776  255 255 255
24.7297 -51.3118 22.8105  255 255 255
21.3522 -50.6958 24.8386  255 255 255
31.9561 -53.4554 25.4221  255 255 255
-20.5937 -41.9391 29.19  255 255 255
-8.27704 -44.9909 31.2321  255 255 255
-6.33774 -45.6543 31.5303  255 255 255
19.8232 -52.7508 26.0216  255 255 255
-17.9656 -43.8 29.882  255 255 255
30.2607 -55.5506 28.0355  255 255 255
-20.663 -44.8686 25.6843  255 255 255
-18.0177 -45.0742 28.3204  255 255 255
-47.8764 -41.4216 17.5783  255 255 255
-31.7582 -44.0514 21.4436  255 255 255
-52.5774 -41.0077 17.1754  255 255 255
-52.5774 -41.0077 17.1754  255 255 255
-47.5667 -41.9568 18.0022  255 255 255
-42.5804 -43.2 19.166  255 255 255
-60.3404 -40.398 17.2618  255 255 255
-40.6817 -43.9855 20.0311  255 255 255
-68.5926 -39.5418 17.0328  255 255 255
-33.6322 -46.0701 22.1571  255 255 255
27.9384 -58.015 30.641  255 255 255
-58.8039 -42.1686 18.9562  255 255 255
-15.48 -48.9666 27.7621  255 255 255
15.9408 -55.7056 29.2905  255 255 255
-5.77418 -50.9402 29.1907  255 255 255
-15.5947 -49.2507 27.9091  255 255 255
14.7236 -55.7516 29.8109  255 255 255
-10.0792 -50.3152 30.0424  255 255 255
-54.3302 -44.8179 21.9683  255 255 255
-26.9939 -49.5835 25.7265  255 255 255
-48.9439 -45.9485 22.6311  255 255 255
-54.9152 -45.1248 21.9045  255 255 255
-47.8297 -46.3919 22.931  255 255 255
-29.596 -49.3906 25.7391  255 255 255
-32.6321 -48.9221 25.3827  255 255 255
-37.9215 -48.2794 24.6032  255 255 255
-32.2585 -49.3175 25.6962  255 255 255
-15.4424 -52.8008 30.5113  255 255 255
12.5735 -58.514 33.5559  255 255 255
-39.8591 -49.4106 25.6456  255 255 255
-29.9052 -50.9333 27.5149  255 255 255
-46.3493 -48.4713 25.2117  255 255 255
-37.2749 -50.0133 26.1812  255 255 255
31.7752 -63.2718 35.9946  255 255 255
-1.61343 -56.5536 32.5681  255 255 255
38.6695 -65.3909 36.8  255 255 255
31.0519 -63.5154 36.4915  255 255 255
-64.9965 -46.4735 24.7994  255 255 255
-29.2928 -52.6883 29.3624  255 255 255
-18.862 -54.5965 30.5989  255 255 255
-62.7984 -47.0956 25.3658  255 255 255
-49.369 -49.4468 26.7689  255 255 255
-49.369 -49.4468 26.7689  255 255 255
-1.63698 -57.8663 33.1893  255 255 255
20.6151 -62.3339 36.4157  255 255 255
-13.1903 -55.7568 31.5276  255 255 255
30.9099 -64.7117 37.8533  255 255 255
-16.1896 -55.3715 31.2009  255 255 255
-2.53336 -57.7457 33.7131  255 255 255
-53.7893 -48.9448 26.3774  255 255 255
-37.7254 -51.5627 28.6587  255 255 255
-49.2796 -49.8339 27.3617  255 255 255
16.741 -62.1008 35.9247  255 255 255
-12.367 -56.3931 32.0942  255 255 255
-11.8201 -56.6723 32.4845  255 255 255
-15.2857 -55.8875 32.548  255 255 255
28.2307 -64.7226 38.3821  255 255 255
28.2307 -64.7226 38.3821  255 255 255
-54.3972 -49.4615 27.0008  255 255 255
-10.0659 -57.0933 33.0105  255 255 255
-50.183 -50.2571 27.3184  255 255 255
-30.5249 -53.5698 30.2975  255 255 255
-0.384871 -59.1389 34.8899  255 255 255
-18.566 -55.8044 32.228  255 255 255
14.6658 -62.1262 37.4637  255 255 255
0.458063 -59.5934 34.7621  255 255 255
-2.10111 -58.9098 35.0721  255 255 255
-36.8574 -53.1843 30.6659  255 255 255
7.17458 -61.2337 36.9685  255 255 255
14.9275 -62.9063 38.4828  255 255 255
-37.3928 -53.6142 30.6136  255 255 255
13.12 -62.9148 38.3504  255 255 255
-50.5021 -51.5892 29.3443  255 255 255
-42.6653 -53.1834 30.2183  255 255 255
6.66784 -61.9782 37.878  255 255 255
-31.6739 -55.0894 32.6401  255 255 255
11.0985 -63.4528 38.0406  255 255 255
8.4221 -63.1137 38.2445  255 255 255
23.0269 -66.1742 41.0467  255 255 255
-1.51167 -61.2263 37.5677  255 255 255
-6.99771 -60.1927 36.8376  255 255 255
7.45781 -63.1583 39.2474  255 255 255
-39.2063 -55.1371 32.8969  255 255 255
-0.282162 -62.0953 38.6088  255 255 255
-0.230563 -62.2959 38.1699  255 255 255
-61.782 -51.3319 30.7142  255 255 255
6.48074 -63.4466 39.7544  255 255 255
24.3864 -67.3927 41.9572  255 255 255
10.3602 -64.2949 40.3769  255 255 255
-30.2137 -56.7672 34.4616  255 255 255
26.4251 -68.0455 42.2896  255 255 255
-35.328 -56.1307 33.6601  255 255 255
5.46399 -64.1187 39.3114  255 255 255
-28.8464 -57.4349 35.3989  255 255 255
3.16376 -63.6018 39.8894  255 255 255
-15.4359 -60.0101 37.5443  255 255 255
-33.2132 -57.1692 35.1836  255 255 255
-14.385 -60.8029 38.4122  255 255 255
3.61106 -64.6773 41.2227  255 255 255
-7.31032 -62.6513 39.7804  255 255 255
4.01417 -65.5881 42.36  255 255 255
-28.6808 -59.7847 38.4217  255 255 255
-8.31414 -63.6661 41.3655  255 255 255
-8.17474 -64.1476 41.9461  255 255 255
-29.2237 -61.5678 39.8541  255 255 255
-32.7049 -61.7245 40.1107  255 255 255
-3.10724 60.2756 -63.9862  255 255 255
-9.43146 58.6011 -61.6499  255 255 255
52.8288 22.6726 13.3575  255 255 255
19.3657 61.319 -81.6137  255 255 255
51.8432 23.1804 11.7492  255 255 255
25.5993 60.491 -87.0857  255 255 255
51.1032 62.288 -104.705  255 255 255
24.5863 57.9027 -88.931  255 255 255
16.684 56.3558 -84.8243  255 255 255
-12.7875 52.9331 -64.1464  255 255 255
-33.4202 51.0003 -49.8353  255 255 255
-41.2628 50.4004 -44.3981  255 255 255
-41.409 50.6939 -45.2089  255 255 255
-52.6532 49.306 -36.7152  255 255 255
-7.79208 52.244 -68.3764  255 255 255
23.8026 54.1571 -91.5275  255 255 255
-53.7667 47.1026 -38.0274  255 255 255
11.9009 50.7798 -85.3744  255 255 255
5.44081 48.7417 -82.1672  255 255 255
51.2267 25.0005 -29.824  255 255 255
53.8155 22.4087 -24.9351  255 255 255
22.4794 43.1983 -82.4744  255 255 255
-48.2549 42.8373 -44.7798  255 255 255
53.2744 21.8984 -25.809  255 255 255
-58.4041 41.3589 -38.2126  255 255 255
-61.1482 41.5615 -37.3535  255 255 255
-12.1405 43.5885 -73.6827  255 255 255
-60.5761 41.0992 -36.651  255 255 255
52.9764 11.538 6.16887  255 255 255
-12.7 41.9431 -71.412  255 255 255
54.0969 19.0804 -26.8139  255 255 255
-41.0726 39.5563 -52.9496  255 255 255
-59.8344 38.4547 -41.9421  255 255 255
-12.3012 36.9549 -73.1302  255 255 255
-6.15133 34.7218 -71.3556  255 255 255
-55.4118 36.5283 -46.2474  255 255 255
-12.686 33.8446 -67.835  255 255 255
-12.686 33.8446 -67.835  255 255 255
-32.6038 35.802 -63.5014  255 255 255
-28.2258 36.0088 -67.8087  255 255 255
-1.2833 30.5531 -66.3487  255 255 255
-59.0734 35.2848 -45.0141  255 255 255
-7.93092 31.5585 -66.9146  255 255 255
42.0058 21.2785 -58.6475  255 255 255
24.7357 23.7855 -61.0321  255 255 255
58.57 2.22009 12.3105  255 255 255
30.6242 22.495 -60.057  255 255 255
29.0582 21.0852 -56.9012  255 255 255
-66.7097 32.8397 -39.8778  255 255 255
-66.7097 32.8397 -39.8778  255 255 255
-27.3375 30.4409 -64.8066  255 255 255
-47.3172 32.027 -56.5343  255 255 255
-21.6781 28.912 -62.8439  255 255 255
-64.0722 31.748 -42.7048  255 255 255
-19.8576 28.0575 -61.5184  255 255 255
39.5089 16.8343 -53.7295  255 255 255
39.5089 16.8343 -53.7295  255 255 255
57.5774 0.889334 9.36625  255 255 255
-63.82 31.414 -43.4783  255 255 255
-63.1109 31.4081 -44.5247  255 255 255
62.0984 -1.71276 17.8088  255 255 255
-30.6316 28.7262 -62.787  255 255 255
-51.957 30.1529 -54.612  255 255 255
59.3685 -1.16988 11.4984  255 255 255
-36.0868 28.9262 -63.8512  255 255 255
-54.942 29.7971 -53.252  255 255 255
-27.9832 26.316 -59.9907  255 255 255
60.7675 -2.37986 13.826  255 255 255
-59.3456 29.402 -49.9137  255 255 255
-45.6614 29.3068 -61.883  255 255 255
49.3816 3.14248 -8.04592  255 255 255
-65.3908 28.1649 -45.4174  255 255 255
-55.8432 28.0834 -53.7012  255 255 255
-55.7798 27.9497 -53.0712  255 255 255
-61.0185 27.6041 -47.9732  255 255 255
47.3128 9.49345 -46.4682  255 255 255
59.6313 -3.18427 10.5407  255 255 255
59.2041 -3.27027 11.2083  255 255 255
-51.9036 26.9175 -56.5545  255 255 255
-57.2919 26.4974 -52.5175  255 255 255
-63.2819 26.5883 -47.8788  255 255 255
-2.4277 16.4743 -50.4392  255 255 255
-39.1531 23.5672 -55.5492  255 255 255
-50.7812 25.7652 -57.8417  255 255 255
-54.3911 25.5708 -54.8865  255 255 255
-72.4753 27.0582 -46.1814  255 255 255
-18.4213 17.9746 -50.8338  255 255 255
-38.2355 21.5911 -52.8645  255 255 255
-55.1669 25.2214 -57.1285  255 255 255
48.8291 4.91587 -41.3451  255 255 255
-64.1516 25.0331 -49.0932  255 255 255
-38.0274 20.9946 -52.409  255 255 255
47.7635 4.93909 -40.8682  255 255 255
-58.8887 24.9086 -54.56  255 255 255
-58.3969 23.9453 -53.502  255 255 255
-57.8696 24.203 -55.6166  255 255 255
-39.973 20.6052 -53.1162  255 255 255
-64.2232 24.2653 -50.4657  255 255 255
-7.54298 1.48264 23.7888  255 255 255
-43.7041 20.3688 -51.434  255 255 255
-65.4976 23.798 -49.5312  255 255 255
-62.6071 23.2127 -53.3923  255 255 255
-41.5243 18.1967 -49.6026  255 255 255
43.635 1.7784 -37.5891  255 255 255
-25.9187 14.4967 -46.4919  255 255 255
-81.5024 22.5791 -35.0039  255 255 255
-81.5024 22.5791 -35.0039  255 255 255
-78.0868 22.4684 -41.3743  255 255 255
-44.3596 17.1786 -48.077  255 255 255
-65.1141 20.972 -49.427  255 255 255
-35.8912 15.4468 -47.4777  255 255 255
43.2748 0.288329 -36.1259  255 255 255
-10.0979 -0.756606 26.1734  255 255 255
62.906 -10.1068 13.6444  255 255 255
-76.1804 22.22 -47.2077  255 255 255
50.9801 -5.28691 -9.82989  255 255 255
47.3722 -3.93408 -17.5775  255 255 255
62.2602 -10.9261 12.0664  255 255 255
-49.2421 15.7425 -46.7058  255 255 255
-62.7467 17.5565 -47.4347  255 255 255
42.9208 -2.8738 -31.7501  255 255 255
-78.4414 19.3105 -44.7623  255 255 255
8.37619 -6.49623 30.8515  255 255 255
12.0434 -7.08739 28.7027  255 255 255
-9.08913 -4.35117 30.7029  255 255 255
-60.2533 14.3841 -45.2598  255 255 255
-66.8433 14.8679 -42.3527  255 255 255
-66.8433 14.8679 -42.3527  255 255 255
12.6329 -8.16905 29.0549  255 255 255
12.8971 -8.10691 28.1246  255 255 255
-67.874 14.8186 -45.595  255 255 255
-42.2963 8.62864 -38.8021  255 255 255
66.9469 -16.4962 18.845  255 255 255
-4.91082 -6.72957 33.0873  255 255 255
1.57679 -8.03203 34.0804  255 255 255
60.1757 -13.8432 2.99331  255 255 255
1.13098 -8.23958 34.7918  255 255 255
-38.9998 7.02987 -37.5435  255 255 255
13.4974 -10.0802 29.02  255 255 255
48.863 -10.7055 -19.4859  255 255 255
43.9059 -9.41429 -25.3085  255 255 255
1.73666 -9.45103 34.8073  255 255 255
44.5115 -10.7653 -23.8895  255 255 255
-3.50401 -9.1257 34.7834  255 255 255
61.1456 -17.0749 5.65303  255 255 255
64.6566 -18.0125 9.03813  255 255 255
-33.3267 2.5871 -32.9016  255 255 255
54.937 -14.816 -9.64288  255 255 255
-85.9212 12.7851 -42.4973  255 255 255
55.1488 -15.1676 -10.5576  255 255 255
54.0182 -15.3888 -10.9962  255 255 255
54.0182 -15.3888 -10.9962  255 255 255
-49.0627 4.51172 -33.8873  255 255 255
-15.343 -7.66724 28.1035  255 255 255
45.935 -13.7701 -20.7019  255 255 255
62.1761 -18.9595 5.41525  255 255 255
52.5275 -15.8734 -16.0799  255 255 255
59.0938 -19.0634 -1.52751  255 255 255
67.4147 -22.3029 15.9244  255 255 255
-40.6724 -0.659882 -28.9568  255 255 255
-40.6411 -0.642159 -28.6786  255 255 255
10.4071 -14.7085 32.4515  255 255 255
55.2644 -20.4504 -11.2185  255 255 255
-41.9167 -3.43601 -25.4554  255 255 255
59.302 -23.1691 -4.03469  255 255 255
-4.06273 -14.548 35.863  255 255 255
56.0872 -23.0449 -12.0697  255 255 255
23.9056 -19.2224 23.0497  255 255 255
-8.41701 -14.2756 34.9467  255 255 255
-58.2729 -2.29411 -25.6756  255 255 255
-34.7988 -7.01423 -21.9242  255 255 255
-19.8694 -11.9814 23.9839  255 255 255
-19.1451 -12.2986 25.1545  255 255 255
-48.1781 -5.29666 -22.7944  255 255 255
-43.5379 -6.4426 -22.5475  255 255 255
-49.5461 -5.31838 -22.9078  255 255 255
-70.6387 -1.44336 -26.1866  255 255 255
53.1212 -25.3249 -9.57105  255 255 255
50.255 -25.5073 -7.82371  255 255 255
50.255 -25.5073 -7.82371  255 255 255
-19.3164 -14.1997 25.8189  255 255 255
-4.66025 -17.2202 35.8698  255 255 255
0.704863 -18.6698 35.756  255 255 255
-19.3815 -14.9245 26.8244  255 255 255
-78.3165 -2.81752 -24.4697  255 255 255
-78.3165 -2.81752 -24.4697  255 255 255
-17.0004 -16.6047 28.825  255 255 255
54.5036 -29.4334 -4.18072  255 255 255
-56.2808 -9.98888 -17.1042  255 255 255
-56.3159 -9.97742 -17.2673  255 255 255
-51.5632 -11.2505 -15.6832  255 255 255
-42.1715 -13.1509 -14.7904  255 255 255
-10.3299 -19.3299 33.6324  255 255 255
64.9835 -33.1194 2.55569  255 255 255
70.0079 -34.1745 13.3533  255 255 255
-46.5578 -12.942 -14.8144  255 255 255
-55.2302 -11.3074 -15.9625  255 255 255
-49.9124 -12.3053 -14.4981  255 255 255
-22.379 -17.5485 25.9317  255 255 255
16.781 -24.8399 30.2655  255 255 255
-48.3728 -12.9593 -13.9657  255 255 255
-15.0831 -19.3375 31.2737  255 255 255
-24.5162 -17.9764 25.608  255 255 255
-17.5859 -19.7972 31.9026  255 255 255
-20.4535 -19.3662 28.9504  255 255 255
-39.8725 -16.4573 -10.8745  255 255 255
-39.6919 -16.8175 -10.5171  255 255 255
-20.251 -19.9527 29.175  255 255 255
-8.48403 -22.1891 33.9321  255 255 255
51.3563 -34.3007 1.62589  255 255 255
54.3523 -34.9697 2.07581  255 255 255
-41.6999 -17.6581 -9.6407  255 255 255
-66.3308 -13.3906 -13.4596  255 255 255
-43.9296 -17.5008 -9.62344  255 255 255
-40.583 -18.4892 -8.59688  255 255 255
-65.4486 -14.1016 -12.6421  255 255 255
-8.45988 -23.3541 35.2597  255 255 255
-22.15 -21.0462 28.9512  255 255 255
-65.1359 -14.489 -12.802  255 255 255
-22.4659 -21.2208 29.5696  255 255 255
-45.0527 -18.5414 -8.19562  255 255 255
-23.3174 -21.3575 29.4616  255 255 255
-6.66238 -24.312 36.3293  255 255 255
-44.8884 -19.5227 -7.16387  255 255 255
-44.0982 -20.3324 -6.24801  255 255 255
-57.6417 -18.2326 -7.94475  255 255 255
-57.6417 -18.2326 -7.94475  255 255 255
-57.2398 -18.452 -7.6118  255 255 255
-22.7525 -23.0415 31.508  255 255 255
4.33633 -28.0307 35.4919  255 255 255
-48.0491 -20.5958 -6.41341  255 255 255
-53.36 -19.607 -6.57169  255 255 255
-17.7451 -24.5225 32.3558  255 255 255
-46.3845 -21.3368 -4.9713  255 255 255
-62.865 -18.6051 -7.36416  255 255 255
-60.7584 -19.1487 -6.96412  255 255 255
-46.3822 -21.7975 -5.15398  255 255 255
22.8084 -34.8224 18.9329  255 255 255
-68.081 -20.3868 -5.51181  255 255 255
47.7247 -41.8194 10.5923  255 255 255
58.6531 -43.8631 13.4556  255 255 255
-61.9218 -21.7282 -4.31972  255 255 255
-9.98943 -28.9208 37.0445  255 255 255
-55.7552 -23.5587 -1.91275  255 255 255
37.7381 -40.9048 10.4924  255 255 255
-54.2581 -24.0389 -1.3317  255 255 255
-55.4223 -24.1526 -1.38136  255 255 255
-54.2393 -24.5034 -1.41772  255 255 255
-19.4866 -28.259 32.06  255 255 255
-15.5337 -29.1919 37.6061  255 255 255
-44.6615 -27.5498 2.02824  255 255 255
43.7955 -44.8199 15.0146  255 255 255
43.7955 -44.8199 15.0146  255 255 255
35.1388 -43.5594 13.9108  255 255 255
-42.7458 -30.1907 4.847  255 255 255
-63.2541 -26.7173 1.50513  255 255 255
-24.1064 -31.3815 25.8834  255 255 255
16.9142 -39.8678 24.9285  255 255 255
-61.8074 -27.0404 1.70258  255 255 255
-1.3254 -35.1312 35.5215  255 255 255
-1.32622 -35.1213 35.4717  255 255 255
-62.3059 -27.5622 2.56385  255 255 255
-61.6585 -27.6648 2.89967  255 255 255
-60.6885 -27.9379 2.57224  255 255 255
42.7633 -47.2605 17.1507  255 255 255
32.6205 -45.8997 16.4385  255 255 255
-47.9354 -31.1449 6.00287  255 255 255
-24.7617 -33.8577 23.8734  255 255 255
-55.4098 -30.8327 5.81782  255 255 255
-63.2737 -31.0481 6.48054  255 255 255
-63.227 -31.0477 6.59874  255 255 255
-62.0361 -31.3037 6.83359  255 255 255
-10.1268 -39.2851 30.1646  255 255 255
27.856 -49.3262 20.6963  255 255 255
-55.9974 -34.3861 9.97708  255 255 255
-51.1541 -36.0058 12.4805  255 255 255
-53.677 -36.2888 11.9661  255 255 255
21.9161 -50.5334 24.4822  255 255 255
21.9962 -50.6256 24.3267  255 255 255
-52.2073 -37.4886 13.2562  255 255 255
20.3852 -51.2469 25.523  255 255 255
-30.6872 -42.7718 21.8778  255 255 255
-27.5199 -43.3912 23.271  255 255 255
-43.814 -41.9097 16.9248  255 255 255
-41.8834 -42.3583 18.3231  255 255 255
-40.8651 -42.6051 18.826  255 255 255
-62.4093 -39.8559 16.728  255 255 255
-46.286 -42.6796 18.4448  255 255 255
-11.4864 -49.5722 28.7033  255 255 255
-44.6687 -44.6737 20.9383  255 255 255
-44.197 -44.8605 20.8933  255 255 255
-32.9653 -47.609 23.7475  255 255 255
-48.0585 -45.4681 22.1871  255 255 255
-58.7454 -45.0377 22.3311  255 255 255
-39.2639 -48.49 24.8394  255 255 255
22.517 -59.9161 33.9402  255 255 255
-41.3558 -48.5669 25.0568  255 255 255
-51.0412 -47.3973 24.8652  255 255 255
7.36115 -57.8626 32.9107  255 255 255
31.3411 -63.2553 36.4344  255 255 255
-40.4174 -50.0596 27.01  255 255 255
-51.7471 -48.2788 25.4115  255 255 255
-45.0925 -49.5455 26.6632  255 255 255
15.9945 -61.2788 35.3779  255 255 255
-28.78 -52.7285 29.3998  255 255 255
3.73378 -58.585 34.4019  255 255 255
-39.9143 -51.2045 28.5137  255 255 255
-39.9143 -51.2045 28.5137  255 255 255
-17.069 -55.2619 31.6141  255 255 255
-30.1562 -52.8316 30.7778  255 255 255
-11.9945 -56.4313 32.2658  255 255 255
-14.2104 -56.003 32.2371  255 255 255
-0.759748 -58.7656 34.7074  255 255 255
0.967154 -59.3035 34.8675  255 255 255
-14.7263 -56.4323 32.6873  255 255 255
14.5287 -62.1398 36.7001  255 255 255
6.52261 -60.5936 36.6251  255 255 255
-49.4883 -50.8489 28.4596  255 255 255
7.29544 -60.9783 36.2457  255 255 255
9.33186 -61.4147 36.6612  255 255 255
14.7008 -62.9425 37.5533  255 255 255
-0.693354 -60.1296 36.3856  255 255 255
-0.693354 -60.1296 36.3856  255 255 255
-35.5693 -54.4421 31.4039  255 255 255
16.3724 -64.3535 38.7444  255 255 255
17.6847 -64.6303 38.9357  255 255 255
21.0435 -65.975 40.9029  255 255 255
7.98244 -63.7912 39.8072  255 255 255
-15.6645 -59.759 37.2518  255 255 255
-15.6645 -59.759 37.2518  255 255 255
0.485212 -63.11 39.7881  255 255 255
-11.9336 -60.7659 37.9825  255 255 255
-14.9672 -60.5141 38.2206  255 255 255
-0.750476 -63.862 40.0326  255 255 255
-31.815 -59.8241 37.9273  255 255 255
-31.2458 -60.3879 38.5421  255 255 255
-24.9362 -61.4902 39.7727  255 255 255
-29.1637 -61.0223 39.5866  255 255 255
-28.8158 -62.0446 40.3802  255 255 255
-2.21318 60.3306 -65.8536  255 255 255
64.6905 67.9311 -112.019  255 255 255
26.524 59.5464 -90.4433  255 255 255
26.8453 54.7449 -92.0786  255 255 255
-7.25444 51.8186 -69.7214  255 255 255
53.0672 27.5471 -23.3812  255 255 255
53.4358 26.6392 -23.8848  255 255 255
-26.362 44.7287 -61.2334  255 255 255
-7.28633 44.2776 -75.903  255 255 255
-57.4771 40.6104 -40.0374  255 255 255
-56.7241 40.039 -41.31  255 255 255
58.3499 6.98388 15.6012  255 255 255
-5.50787 39.013 -76.1933  255 255 255
-16.3487 39.7539 -72.8201  255 255 255
53.0048 17.5621 -28.048  255 255 255
-62.36 38.0493 -38.8707  255 255 255
-3.35209 36.3042 -72.6262  255 255 255
-51.809 36.749 -47.3711  255 255 255
-14.4083 36.9527 -73.2261  255 255 255
-59.5804 36.3051 -42.9271  255 255 255
47.2243 10.7906 -7.6052  255 255 255
-54.9981 35.7937 -46.4011  255 255 255
-70.9239 34.7413 -32.6014  255 255 255
-12.0572 33.044 -67.8563  255 255 255
-4.98839 31.8657 -67.7137  255 255 255
-82.993 34.8302 -25.1775  255 255 255
47.0521 17.3312 -43.8404  255 255 255
-55.6179 33.6149 -46.9874  255 255 255
-12.1357 30.4482 -65.8507  255 255 255
-62.2095 32.9917 -43.5353  255 255 255
11.8433 23.2764 -59.4525  255 255 255
11.9801 23.4394 -60.3164  255 255 255
-37.5386 32.3421 -63.9945  255 255 255
-66.6602 31.3458 -41.2445  255 255 255
59.9298 -0.792083 14.3086  255 255 255
-43.4369 30.1396 -58.0855  255 255 255
-21.8985 26.4648 -60.7908  255 255 255
-55.7052 29.35 -50.206  255 255 255
-62.3287 28.5927 -47.0181  255 255 255
47.7465 3.43649 -11.8516  255 255 255
-22.9426 22.4159 -54.2615  255 255 255
-54.1747 27.8081 -55.6676  255 255 255
36.7002 11.3272 -48.4831  255 255 255
30.4915 11.7354 -48.3376  255 255 255
-54.6561 27.2815 -55.7343  255 255 255
39.276 9.84124 -47.2332  255 255 255
50.8639 6.98791 -41.7632  255 255 255
-59.8768 26.5604 -52.0363  255 255 255
51.3063 6.27907 -41.249  255 255 255
-74.8543 27.135 -43.5859  255 255 255
-39.7 22.7769 -55.3589  255 255 255
-39.6743 22.6946 -54.919  255 255 255
-37.9295 22.3073 -54.7071  255 255 255
-5.30726 15.3579 -49.0677  255 255 255
33.0389 7.88787 -43.7188  255 255 255
32.7803 7.77135 -42.7773  255 255 255
-58.1743 24.7147 -54.1614  255 255 255
-65.3805 24.5792 -48.6689  255 255 255
-65.7778 23.7833 -46.2468  255 255 255
-62.5801 23.2989 -51.3938  255 255 255
-62.6181 23.3185 -51.5415  255 255 255
-62.6209 22.8301 -54.3002  255 255 255
-63.1752 22.2483 -52.2576  255 255 255
-79.4145 21.1183 -37.604  255 255 255
-70.6835 20.5127 -50.765  255 255 255
-75.3327 20.2912 -46.8532  255 255 255
43.4072 -3.05819 -31.3043  255 255 255
-35.4045 10.7589 -41.9048  255 255 255
-69.501 16.2058 -45.6054  255 255 255
-26.7911 7.71223 -39.4399  255 255 255
-37.4946 8.34107 -39.0346  255 255 255
54.1648 -11.6789 -7.49203  255 255 255
-50.5318 9.89631 -40.7115  255 255 255
-50.5318 9.89631 -40.7115  255 255 255
23.9489 -9.26598 12.0891  255 255 255
-28.2671 5.14706 -35.9637  255 255 255
-54.4448 10.2235 -39.9856  255 255 255
-54.6382 9.6644 -39.2067  255 255 255
-69.202 12.3013 -41.7797  255 255 255
47.0954 -9.95516 -23.291  255 255 255
9.26029 -10.254 32.2993  255 255 255
-39.4392 4.62482 -34.1935  255 255 255
-38.8033 4.10831 -33.8688  255 255 255
-75.2304 11.4675 -40.8761  255 255 255
-13.4545 -7.06176 29.265  255 255 255
-58.7597 7.30614 -37.2037  255 255 255
-37.8607 3.1133 -33.4663  255 255 255
-18.3751 -6.17 23.3431  255 255 255
-59.4887 5.42859 -34.7484  255 255 255
-46.2353 2.19578 -32.3968  255 255 255
44.0688 -14.9838 -19.0442  255 255 255
-48.677 2.21748 -31.0232  255 255 255
51.9407 -16.707 -16.7198  255 255 255
-61.1775 4.33637 -32.8298  255 255 255
50.3116 -16.6089 -18.4497  255 255 255
-45.3212 0.63771 -30.5099  255 255 255
-37.1809 -1.38991 -28.4244  255 255 255
12.1744 -14.6594 31.5174  255 255 255
-44.5215 -1.07234 -27.1401  255 255 255
23.2185 -16.6965 20.898  255 255 255
-41.654 -2.01071 -27.3786  255 255 255
52.544 -20.6887 -13.4478  255 255 255
55.353 -21.8858 -11.9992  255 255 255
-84.9275 4.00603 -31.9226  255 255 255
56.5228 -22.9772 -11.4871  255 255 255
55.3389 -24.1103 -10.2921  255 255 255
-68.8555 -1.47636 -27.3877  255 255 255
56.1791 -24.9959 -9.3525  255 255 255
69.9595 -28.47 16.9705  255 255 255
-22.4245 -12.5306 23.524  255 255 255
-38.3811 -9.93935 -18.2095  255 255 255
3.02314 -18.9997 35.398  255 255 255
-26.1076 -13.4539 20.693  255 255 255
-43.0236 -9.38854 -18.3734  255 255 255
-47.0563 -9.22392 -18.332  255 255 255
-57.0775 -7.85891 -19.5037  255 255 255
-24.4543 -14.9671 22.092  255 255 255
47.0607 -28.6578 -5.27825  255 255 255
-38.2007 -13.2765 -14.9155  255 255 255
52.7623 -30.1191 -3.55044  255 255 255
-55.3143 -10.1922 -16.4478  255 255 255
18.0452 -24.1586 29.3301  255 255 255
-23.5629 -17.7125 25.5381  255 255 255
52.365 -32.277 -0.0208612  255 255 255
-23.6263 -18.124 25.5067  255 255 255
69.3164 -35.5179 11.2538  255 255 255
-40.0489 -15.7528 -11.3212  255 255 255
-51.3224 -14.3466 -12.0874  255 255 255
-24.0553 -18.9825 27.0827  255 255 255
-43.9847 -16.3396 -10.682  255 255 255
43.3463 -32.5665 0.563481  255 255 255
-10.226 -21.967 34.2237  255 255 255
-21.5434 -20.9629 29.1132  255 255 255
-20.5127 -21.5039 29.525  255 255 255
-21.9891 -21.3736 29.4599  255 255 255
-50.8204 -17.9271 -7.9976  255 255 255
-22.9232 -21.8128 29.9433  255 255 255
54.287 -37.8888 5.38408  255 255 255
-50.2139 -18.6343 -8.06216  255 255 255
-21.1189 -22.7073 31.0682  255 255 255
-48.5727 -19.2492 -7.04167  255 255 255
-24.0753 -22.7924 31.0055  255 255 255
9.89945 -29.3581 35.6141  255 255 255
-16.6656 -24.4462 32.7418  255 255 255
-15.5511 -24.7814 32.6856  255 255 255
-43.548 -21.5485 -4.93086  255 255 255
-51.3502 -20.4011 -6.15939  255 255 255
-51.4106 -20.4115 -6.48471  255 255 255
-11.5752 -26.1522 34.5512  255 255 255
-13.9926 -26.0499 34.1367  255 255 255
-55.7349 -21.7194 -3.54727  255 255 255
-48.5368 -23.0838 -2.72634  255 255 255
-52.2386 -23.3738 -2.83113  255 255 255
-50.8776 -23.8254 -1.89771  255 255 255
-51.838 -24.0951 -1.46934  255 255 255
-53.2685 -24.8673 -0.763076  255 255 255
-12.5579 -29.2973 37.2976  255 255 255
-10.9844 -30.0666 37.5683  255 255 255
-4.62607 -32.0878 39.8138  255 255 255
42.9241 -47.4678 17.6971  255 255 255
40.2291 -48.4789 18.6697  255 255 255
-21.0476 -35.556 25.1418  255 255 255
-51.6511 -33.1944 7.64642  255 255 255
-61.1306 -32.3325 7.93061  255 255 255
-61.4488 -32.5346 8.06542  255 255 255
-45.34 -36.2532 12.0141  255 255 255
28.2692 -49.8702 22.3293  255 255 255
23.3849 -49.6776 23.392  255 255 255
-74.5408 -34.0888 11.687  255 255 255
-53.0349 -37.8173 14.0521  255 255 255
-54.5171 -38.3885 14.1792  255 255 255
-48.6373 -40.2186 16.3193  255 255 255
-46.8792 -41.3032 17.5764  255 255 255
-47.4617 -41.4831 17.7954  255 255 255
-42.5138 -42.763 18.3402  255 255 255
-46.5344 -42.8228 19.1163  255 255 255
-46.5201 -42.7767 19.2771  255 255 255
-11.76 -47.8527 28.6428  255 255 255
-3.68005 -49.7508 29.7631  255 255 255
-13.5172 -47.9854 28.3077  255 255 255
-33.4165 -47.3543 23.6182  255 255 255
35.6922 -61.3555 33.633  255 255 255
-33.6369 -48.3891 24.8478  255 255 255
-50.5324 -46.0775 23.074  255 255 255
7.64904 -56.7285 31.2377  255 255 255
-56.8807 -45.2998 22.5914  255 255 255
-28.8806 -50.0569 26.509  255 255 255
-46.5122 -47.2191 23.8605  255 255 255
-31.2173 -49.7292 26.1481  255 255 255
-32.0174 -50.1656 27.1657  255 255 255
6.48986 -57.5953 31.9709  255 255 255
6.91043 -57.8447 33.3745  255 255 255
10.1792 -58.9465 33.2851  255 255 255
-28.51 -51.3775 29.1226  255 255 255
-40.4945 -50.5133 27.2353  255 255 255
6.51874 -58.9136 34.5915  255 255 255
18.7828 -61.7314 35.5561  255 255 255
-15.1665 -55.481 31.7722  255 255 255
-42.9299 -50.9864 27.9166  255 255 255
-16.0298 -55.5158 31.8046  255 255 255
-15.4931 -55.7143 31.8243  255 255 255
-15.0337 -55.8841 31.8011  255 255 255
-15.0337 -55.8841 31.8011  255 255 255
0.301451 -59.2001 35.0094  255 255 255
0.649357 -59.6024 35.3461  255 255 255
9.90804 -62.0708 36.9312  255 255 255
-63.203 -49.3548 28.403  255 255 255
-54.0329 -51.0267 29.5264  255 255 255
-16.6656 -57.8728 34.2437  255 255 255
3.05781 -62.1547 37.9226  255 255 255
0.293097 -62.2403 37.763  255 255 255
-52.7185 -52.8062 31.7629  255 255 255
7.49744 -63.5096 40.0552  255 255 255
10.0396 -64.3781 39.7884  255 255 255
3.38014 -63.2464 38.8933  255 255 255
-5.68074 -61.8409 37.7762  255 255 255
0.149911 -63.0941 39.9439  255 255 255
-6.80898 -62.1874 38.2618  255 255 255
8.18116 -65.1938 40.8267  255 255 255
22.6577 -69.6161 44.207  255 255 255
-30.5506 -61.0592 39.1096  255 255 255
-26.1656 -61.7813 39.7843  255 255 255
-24.3515 -63.2696 40.8962  255 255 255
55.17 62.621 -106.466  255 255 255
12.0557 49.1197 -87.314  255 255 255
-29.2048 45.978 -56.6442  255 255 255
11.9313 47.811 -86.9822  255 255 255
51.5302 24.923 -29.0461  255 255 255
52.3498 23.7806 -25.0927  255 255 255
-16.5184 44.429 -64.0511  255 255 255
-56.4193 39.2967 -42.4567  255 255 255
58.0982 6.73907 14.9113  255 255 255
-36.787 35.6804 -60.1128  255 255 255
50.6183 14.6698 -37.4044  255 255 255
-38.6137 33.3097 -62.2578  255 255 255
-38.6137 33.3097 -62.2578  255 255 255
-13.492 29.2742 -64.1442  255 255 255
-54.7143 32.7069 -49.0408  255 255 255
39.8 18.6638 -55.8214  255 255 255
-14.5376 28.3711 -62.0559  255 255 255
18.5062 22.4874 -59.2087  255 255 255
-66.8975 32.271 -40.8805  255 255 255
-55.2351 31.214 -48.2661  255 255 255
-0.522295 24.3863 -59.5283  255 255 255
16.8252 20.5319 -56.0627  255 255 255
-27.3896 28.9776 -62.9703  255 255 255
-55.4126 29.7606 -51.65  255 255 255
-51.2892 29.0746 -53.939  255 255 255
-53.4916 29.1226 -52.7319  255 255 255
59.5518 -1.90812 12.1947  255 255 255
-74.0026 30.4584 -41.6115  255 255 255
-55.7218 28.33 -51.3944  255 255 255
30.3599 13.0364 -49.4206  255 255 255
30.3599 13.0364 -49.4206  255 255 255
-38.8583 25.8915 -58.9617  255 255 255
-73.3014 28.6565 -43.5357  255 255 255
-38.2491 24.7993 -57.1462  255 255 255
-46.5075 26.0087 -58.0383  255 255 255
-46.5075 26.0087 -58.0383  255 255 255
-62.7127 26.1048 -48.67  255 255 255
48.5061 4.07755 -40.3766  255 255 255
-66.1749 21.156 -50.7577  255 255 255
-48.6464 16.908 -46.5283  255 255 255
-58.4846 18.3979 -48.7958  255 255 255
12.1076 -5.90208 27.7544  255 255 255
50.0386 -6.07147 -13.5286  255 255 255
-21.0206 9.09529 -41.0549  255 255 255
41.7283 -3.07789 -31.7247  255 255 255
47.2252 -6.54948 -19.9453  255 255 255
47.7286 -7.39552 -18.7704  255 255 255
48.3543 -7.59093 -16.4025  255 255 255
14.0598 -8.46945 27.6222  255 255 255
-26.6426 5.26823 -35.9161  255 255 255
-69.9632 13.3131 -43.8494  255 255 255
46.1508 -9.75185 -24.5425  255 255 255
43.1823 -9.90873 -24.3458  255 255 255
3.47822 -9.79478 34.4058  255 255 255
-32.0206 3.36957 -35.1657  255 255 255
-50.4873 4.92221 -34.0544  255 255 255
13.852 -12.9498 29.6416  255 255 255
53.7509 -16.3179 -11.4039  255 255 255
25.0306 -15.2605 18.5115  255 255 255
-51.5206 1.4829 -29.5741  255 255 255
-15.8501 -9.95062 28.7463  255 255 255
1.60598 -13.4744 35.9564  255 255 255
1.60598 -13.4744 35.9564  255 255 255
-39.198 -3.19483 -25.9857  255 255 255
18.5662 -17.3303 25.7587  255 255 255
18.5662 -17.3303 25.7587  255 255 255
55.1963 -22.62 -12.0142  255 255 255
-26.7456 -9.98096 16.831  255 255 255
-45.0372 -4.7954 -24.4284  255 255 255
-19.8787 -12.2588 24.1835  255 255 255
-50.5865 -5.07551 -22.861  255 255 255
-45.845 -6.36264 -22.0511  255 255 255
53.5539 -24.9518 -8.06126  255 255 255
-50.0719 -5.9251 -21.9608  255 255 255
-45.4234 -7.71604 -20.1286  255 255 255
-42.8858 -8.50205 -19.6344  255 255 255
-52.483 -6.90428 -18.8552  255 255 255
67.2822 -29.3164 3.71992  255 255 255
-15.9963 -15.8987 29.8091  255 255 255
-20.7152 -15.5607 26.9845  255 255 255
-57.5623 -8.39143 -19.8341  255 255 255
-55.2094 -10.7773 -15.5816  255 255 255
-23.4284 -17.04 24.7276  255 255 255
-23.4284 -17.04 24.7276  255 255 255
8.03094 -23.6556 34.1363  255 255 255
-55.6615 -13.4373 -14.6968  255 255 255
53.7159 -33.786 0.832151  255 255 255
50.0471 -33.3226 0.361345  255 255 255
-42.298 -16.5818 -10.5201  255 255 255
-40.2717 -17.5652 -9.68071  255 255 255
-18.4927 -22.813 31.0129  255 255 255
-22.2121 -22.3808 30.8238  255 255 255
-55.1437 -19.0763 -6.84381  255 255 255
-50.1148 -20.6549 -5.59817  255 255 255
-62.454 -19.0798 -6.84873  255 255 255
-62.454 -19.0798 -6.84873  255 255 255
-58.7169 -20.5161 -5.23733  255 255 255
-58.0975 -20.9707 -5.31721  255 255 255
-57.8776 -20.9087 -4.53775  255 255 255
-47.0967 -23.0949 -2.96579  255 255 255
-52.6851 -22.3718 -3.02942  255 255 255
-68.1839 -20.8233 -4.9775  255 255 255
4.05236 -32.6826 37.4787  255 255 255
54.4122 -45.4862 14.9263  255 255 255
44.2131 -44.5428 13.8879  255 255 255
44.2072 -45.3161 14.8942  255 255 255
-20.8215 -33.5055 27.2215  255 255 255
-4.6198 -37.4012 34.4467  255 255 255
-22.3522 -40.1783 26.1231  255 255 255
20.8935 -50.8202 25.3811  255 255 255
-19.0198 -41.9552 28.458  255 255 255
-45.4914 -39.3723 15.3493  255 255 255
-41.9742 -40.229 16.2032  255 255 255
-1.34162 -49.5351 29.1883  255 255 255
-1.34162 -49.5351 29.1883  255 255 255
34.8579 -61.1547 33.9019  255 255 255
-43.1235 -47.2103 23.7919  255 255 255
-50.4213 -48.4388 26.0271  255 255 255
-13.9876 -55.214 31.737  255 255 255
-23.871 -54.5027 31.0751  255 255 255
-42.9463 -51.7366 28.8797  255 255 255
-10.3507 -57.6973 32.7945  255 255 255
-10.4041 -58.1561 33.9263  255 255 255
-40.4864 -53.4692 30.6823  255 255 255
-40.8443 -53.9289 31.0669  255 255 255
17.6724 -64.9763 40.1073  255 255 255
-30.0912 -56.3158 34.6135  255 255 255
-30.0912 -56.3158 34.6135  255 255 255
10.4415 -64.4022 39.4324  255 255 255
-14.9156 -62.2619 39.1482  255 255 255
19.8817 -69.3425 44.2158  255 255 255
-29.425 -60.1374 37.7713  255 255 255
18.3647 -69.8486 45.0253  255 255 255
16.0871 -70.3935 45.7245  255 255 255
65.5925 66.1473 -109.465  255 255 255
5.5812 54.113 -76.0249  255 255 255
16.5231 52.9324 -84.9143  255 255 255
-39.8966 47.9563 -47.2687  255 255 255
-31.6736 48.2929 -55.8296  255 255 255
15.1304 49.6113 -91.3089  255 255 255
-31.486 45.7912 -57.8287  255 255 255
-8.04075 46.0105 -74.8392  255 255 255
-49.8286 41.7115 -45.453  255 255 255
-56.1995 41.332 -39.5702  255 255 255
-15.8228 42.2805 -67.613  255 255 255
-10.5598 41.4921 -74.2728  255 255 255
47.8413 13.1161 -5.97775  255 255 255
-6.36543 35.5245 -72.0249  255 255 255
48.229 19.0462 -40.1552  255 255 255
51.5562 8.14531 1.92851  255 255 255
-32.3525 36.206 -63.7573  255 255 255
-5.95794 32.698 -68.9125  255 255 255
-38.9314 34.1938 -60.9317  255 255 255
32.2161 22.4171 -61.0382  255 255 255
-55.6604 33.0729 -47.7156  255 255 255
-66.1785 33.2979 -40.8623  255 255 255
-8.65224 28.4939 -63.9716  255 255 255
-36.2009 32.041 -65.0542  255 255 255
-15.1376 27.5633 -61.6765  255 255 255
26.0246 16.5936 -50.7083  255 255 255
-72.0592 30.0612 -36.6743  255 255 255
-54.5502 29.878 -51.8513  255 255 255
-32.3746 26.7683 -58.7125  255 255 255
62.4576 -3.61235 18.0834  255 255 255
-54.9044 27.8374 -53.7281  255 255 255
27.6802 12.2706 -47.9048  255 255 255
-56.9837 26.0354 -47.8739  255 255 255
-78.0918 27.3618 -37.1688  255 255 255
-74.1797 28.2059 -45.3686  255 255 255
-64.218 26.4892 -47.6711  255 255 255
-46.6622 24.7639 -56.7848  255 255 255
-41.6854 23.4781 -55.6249  255 255 255
-61.1237 25.9068 -51.3272  255 255 255
-63.8243 24.9264 -49.409  255 255 255
-58.5124 24.6691 -53.9922  255 255 255
47.3546 0.228341 -13.7738  255 255 255
-46.3229 21.6025 -51.7298  255 255 255
6.49649 -1.50806 24.5673  255 255 255
-48.6211 20.1197 -49.9777  255 255 255
63.6755 -9.39456 16.3851  255 255 255
48.3934 -2.69464 -15.18  255 255 255
-79.7598 22.601 -38.7366  255 255 255
-80.4192 22.0512 -38.8643  255 255 255
-78.729 22.0899 -41.3619  255 255 255
-62.5095 20.7141 -51.5788  255 255 255
-73.617 21.1118 -45.6265  255 255 255
-71.0182 15.834 -47.0767  255 255 255
-7.09573 -5.40715 31.2731  255 255 255
60.5551 -13.1011 6.14873  255 255 255
43.5434 -10.1987 -23.9544  255 255 255
5.6331 -10.9365 34.1943  255 255 255
62.455 -17.4435 5.48462  255 255 255
67.7438 -20.0575 18.2499  255 255 255
-65.2546 6.41784 -36.734  255 255 255
-65.2546 6.41784 -36.734  255 255 255
56.4365 -17.5495 -6.30658  255 255 255
-50.4143 1.86722 -30.737  255 255 255
46.0762 -16.4057 -18.4505  255 255 255
-41.84 -0.664895 -29.665  255 255 255
-36.4233 -1.98097 -27.7407  255 255 255
-20.3446 -8.86001 20.8863  255 255 255
-51.6944 0.0109435 -29.4041  255 255 255
54.5332 -20.2628 -14.6432  255 255 255
53.8286 -21.1285 -13.0708  255 255 255
-40.3824 -4.72101 -23.9281  255 255 255
66.5733 -25.5357 11.4273  255 255 255
-22.4219 -11.1694 22.6222  255 255 255
54.9219 -23.4111 -11.829  255 255 255
-21.2279 -12.2041 23.7751  255 255 255
53.7203 -24.4573 -9.63443  255 255 255
57.2361 -26.72 -7.73725  255 255 255
0.746642 -18.3145 35.9662  255 255 255
6.99807 -20.1763 33.9234  255 255 255
47.6258 -26.7812 -5.63736  255 255 255
-37.8502 -11.3425 -16.1287  255 255 255
-22.171 -15.6391 26.4891  255 255 255
-56.833 -9.02429 -18.2921  255 255 255
20.4223 -23.8412 29.4453  255 255 255
-17.2258 -17.1367 29.0512  255 255 255
4.82252 -21.6917 34.2896  255 255 255
-22.0071 -16.9366 26.4489  255 255 255
2.9849 -22.9893 34.2026  255 255 255
-2.9889 -22.0769 35.5816  255 255 255
-18.1811 -19.6354 31.3316  255 255 255
53.5512 -36.6394 3.50832  255 255 255
-17.7454 -22.6814 31.0637  255 255 255
-24.3549 -21.6495 30.0418  255 255 255
3.42231 -26.9897 35.9686  255 255 255
-19.082 -23.2626 31.3722  255 255 255
2.73256 -27.2195 35.8398  255 255 255
-6.25716 -28.1545 35.7966  255 255 255
46.7831 -41.9188 10.4564  255 255 255
-67.4079 -21.534 -3.99896  255 255 255
-62.6887 -22.4797 -3.24522  255 255 255
-50.6398 -25.1237 -0.617723  255 255 255
-57.4808 -29.0612 3.35515  255 255 255
-58.8763 -28.8394 3.77786  255 255 255
-44.6281 -32.2106 7.12561  255 255 255
-20.5835 -35.2499 26.2357  255 255 255
-51.5892 -32.4366 7.3653  255 255 255
47.9595 -51.5626 21.5022  255 255 255
-9.98015 -39.0087 30.7614  255 255 255
-8.99852 -42.2036 28.776  255 255 255
-45.778 -39.9522 16.0249  255 255 255
6.90849 -55.0556 31.4751  255 255 255
-49.6782 -46.2415 23.4162  255 255 255
-49.6782 -46.2415 23.4162  255 255 255
-39.7212 -48.6398 24.402  255 255 255
-2.46699 -56.5441 31.5144  255 255 255
41.1679 -65.7717 37.9179  255 255 255
29.6171 -63.6855 35.968  255 255 255
-18.3081 -55.2929 31.7166  255 255 255
17.4704 -64.9385 39.4387  255 255 255
-31.7213 -56.953 35.5104  255 255 255
-11.4464 -61.8488 38.5709  255 255 255
-35.0857 -59.8932 38.0069  255 255 255
-14.0096 -64.1897 41.3074  255 255 255
-27.1658 -62.5421 40.3751  255 255 255
13.233 51.777 -85.6688  255 255 255
2.16771 44.7295 -84.2204  255 255 255
47.8465 24.0107 -37.7696  255 255 255
-15.1681 39.2999 -71.7578  255 255 255
35.6138 26.4679 -66.4414  255 255 255
33.0506 25.5728 -65.2864  255 255 255
-19.5563 28.7926 -62.8071  255 255 255
56.1383 1.84607 6.15502  255 255 255
54.2595 2.01331 2.43647  255 255 255
-6.45974 20.8166 -54.0676  255 255 255
46.8011 3.97672 -13.0989  255 255 255
-34.075 21.4336 -53.56  255 255 255
-54.5227 25.0323 -53.8624  255 255 255
-64.4213 25.656 -48.8776  255 255 255
-69.0344 24.8971 -45.587  255 255 255
-21.4731 16.6882 -49.1164  255 255 255
-33.0207 18.2237 -49.4859  255 255 255
-66.7755 22.9178 -49.2928  255 255 255
-76.292 21.0547 -47.6545  255 255 255
-76.3507 18.4406 -41.5321  255 255 255
-59.4043 14.9453 -45.752  255 255 255
7.20026 -8.35099 32.4366  255 255 255
-47.655 7.94213 -37.9799  255 255 255
-62.2265 7.49175 -36.905  255 255 255
49.7148 -13.6728 -20.5405  255 255 255
49.7148 -13.6728 -20.5405  255 255 255
57.1876 -18.6158 -6.48008  255 255 255
57.3252 -18.5999 -6.77178  255 255 255
-61.9421 4.05409 -31.9935  255 255 255
-61.9421 4.05409 -31.9935  255 255 255
46.2745 -17.5139 -17.4458  255 255 255
-84.9214 7.18514 -36.2855  255 255 255
-5.09786 -13.0046 35.4012  255 255 255
-40.344 -5.92215 -22.846  255 255 255
-39.4995 -7.09769 -21.9998  255 255 255
-39.4877 -7.10156 -21.3995  255 255 255
56.6069 -26.194 -8.81092  255 255 255
-39.9705 -9.40779 -18.2315  255 255 255
-18.1678 -15.5132 27.8111  255 255 255
45.0994 -27.8527 -4.2591  255 255 255
-42.7811 -15.5473 -12.1875  255 255 255
-8.78853 -27.6326 35.431  255 255 255
-15.3515 -27.7158 36.0109  255 255 255
-12.8958 -28.3187 33.9921  255 255 255
-51.3656 -25.7018 0.95288  255 255 255
-51.5425 -25.7599 0.307642  255 255 255
-55.0527 -25.3939 -1.71483  255 255 255
45.843 -44.5433 13.9498  255 255 255
-43.7244 -28.3561 2.66979  255 255 255
-43.7244 -28.3561 2.66979  255 255 255
-73.125 -29.1463 5.71832  255 255 255
-51.4464 -33.4155 9.25407  255 255 255
47.1831 -52.1927 22.3288  255 255 255
-42.9154 -42.2484 17.8208  255 255 255
-50.5734 -44.644 21.4485  255 255 255
-33.2043 -48.162 24.5224  255 255 255
-49.9125 -45.5424 23.1225  255 255 255
-52.4333 -45.834 23.6003  255 255 255
-40.4408 -48.8196 25.6187  255 255 255
-54.3943 -47.0329 24.8077  255 255 255
7.74858 -58.4754 32.5185  255 255 255
24.3787 -61.6662 35.8456  255 255 255
12.4894 -62.2882 37.4929  255 255 255
-41.5199 -53.11 30.5576  255 255 255
-7.88182 -60.3193 36.3869  255 255 255
54.259 28.6333 -20.0369  255 255 255
52.6741 19.1173 -30.262  255 255 255
-52.7558 38.2423 -46.2352  255 255 255
24.5472 25.6176 -63.906  255 255 255
14.3 22.3765 -60.317  255 255 255
27.9849 14.1425 -49.5944  255 255 255
32.9517 12.7148 -48.7372  255 255 255
-75.8371 25.1953 -38.2106  255 255 255
-64.3166 23.1638 -47.6796  255 255 255
-62.2641 23.6355 -54.5323  255 255 255
-76.715 22.1917 -42.8472  255 255 255
-41.1795 7.21405 -37.8425  255 255 255
-35.8015 6.12013 -36.8361  255 255 255
46.6174 -10.5531 -23.156  255 255 255
-60.4784 3.20777 -31.6917  255 255 255
-26.9829 -7.61411 14.1406  255 255 255
57.3579 -21.5097 -9.6249  255 255 255
-41.048 -3.57265 -25.626  255 255 255
-53.509 -12.3156 -16.5615  255 255 255
-21.6859 -18.1525 26.7882  255 255 255
-7.5304 -24.1579 35.9963  255 255 255
-19.3413 -25.2469 33.9412  255 255 255
-48.0155 -25.9705 -0.622584  255 255 255
-29.5391 -28.7885 15.2787  255 255 255
-51.9987 -28.8215 4.77593  255 255 255
43.5813 -48.0687 16.7563  255 255 255
-41.5751 -40.8571 16.4837  255 255 255
-47.6054 -39.9798 15.7414  255 255 255
-7.25805 -46.8997 31.6227  255 255 255
29.9737 -64.2494 37.6504  255 255 255
29.9737 -64.2494 37.6504  255 255 255
24.9154 -63.8539 38.6395  255 255 255
1.28522 -59.8712 36.2721  255 255 255
22.9218 -65.741 40.2815  255 255 255
15.5284 -65.1266 40.2145  255 255 255
25.0653 -67.0972 41.1799  255 255 255
17.7834 -65.7795 40.6797  255 255 255
48.811 61.7846 -102.084  255 255 255
-0.870139 46.1146 -82.6258  255 255 255
53.1363 16.6114 -29.8529  255 255 255
47.4052 16.9784 -44.7181  255 255 255
20.4717 22.0784 -58.7039  255 255 255
-50.4416 28.0009 -57.6086  255 255 255
-51.8829 26.4995 -56.7365  255 255 255
-13.7261 -2.30188 25.0195  255 255 255
-76.8035 17.9557 -45.6878  255 255 255
-9.63333 -6.79232 33.3602  255 255 255
55.2116 -23.4549 -9.72995  255 255 255
54.5634 -25.1438 -8.61527  255 255 255
-6.50837 -16.691 35.6054  255 255 255
-6.50837 -16.691 35.6054  255 255 255
54.0386 -28.4829 -5.39688  255 255 255
43.9284 -31.6704 0.188824  255 255 255
-24.8741 -20.7553 29.037  255 255 255
-10.3788 -23.4222 34.9058  255 255 255
-20.4398 -23.4113 31.1497  255 255 255
-49.0594 -22.6815 -3.63071  255 255 255
-48.007 -23.7504 -3.10903  255 255 255
-48.007 -23.7504 -3.10903  255 255 255
-53.7674 -22.9173 -2.84445  255 255 255
-28.1532 -28.3209 19.3975  255 255 255
-45.944 -31.2658 6.0618  255 255 255
3.99853 -37.945 32.5589  255 255 255
-1.79148 -40.8524 30.9819  255 255 255
-46.5056 -37.6771 13.2816  255 255 255
-42.5495 -43.7797 19.9833  255 255 255
-50.3751 -46.5066 22.8838  255 255 255
-53.5972 -48.2761 26.1366  255 255 255
-20.7851 -54.6782 30.9101  255 255 255
2.42707 -63.3479 38.6346  255 255 255
1.97423 -63.9358 39.9462  255 255 255
-21.3769 -20.2489 28.1545  255 255 255
-22.1074 -36.7589 23.0892  255 255 255
-43.7457 -43.1185 17.512  255 255 255
28.366 -63.0765 35.9148  255 255 255
24.5176 -65.103 39.3562  255 255 255
16.7907 -65.1267 40.0247  255 255 255
11.7728 -67.9488 43.5924  255 255 255
19.1439 53.4384 -89.263  255 255 255
59.0969 -5.72284 8.48412  255 255 255
-20.6572 -10.6442 22.5966  255 255 255
-16.2815 -25.1341 32.8694  255 255 255
-23.0364 -10.1331 19.57  255 255 255
-10.6775 -61.3515 37.8907  255 255 255
-2.86662 -15.7993 35.0856  255 255 255
-19.6165 -17.4723 30.5656  255 255 255
-47.1728 35.682 -51.9808  255 255 255
19.1786 94.7616 -51.043  255 255 255
54.8678 51.1598 -1.1288  255 255 255
52.6432 54.6309 -6.22954  255 255 255
58.2701 47.3974 1.41014  255 255 255
60.5251 99.9252 -76.894  255 255 255
-56.6562 69.5532 -16.643  255 255 255
58.1396 95.8793 -79.6897  255 255 255
-10.7655 78.3805 -43.1595  255 255 255
54.1307 25.4426 21.4785  255 255 255
55.4576 42.7805 -6.17106  255 255 255
55.3697 39.552 -6.5992  255 255 255
54.0834 21.8423 19.083  255 255 255
-44.3232 65.0655 -29.3496  255 255 255
57.3456 18.149 22.3917  255 255 255
50.3039 24.6927 10.2886  255 255 255
17.0497 75.9725 -69.0356  255 255 255
-43.4335 61.9072 -32.3851  255 255 255
-39.8847 62.0854 -34.7584  255 255 255
-39.8847 62.0854 -34.7584  255 255 255
-17.1948 65.9854 -48.807  255 255 255
52.2527 19.6787 13.3512  255 255 255
52.1796 19.2646 14.1171  255 255 255
-43.1116 59.5546 -34.3887  255 255 255
52.4865 17.3815 13.6712  255 255 255
48.0469 41.1237 -27.6409  255 255 255
27.0721 73.5452 -79.5683  255 255 255
-50.7042 57.0155 -31.1372  255 255 255
-49.756 56.7471 -32.1837  255 255 255
19.9574 68.5518 -73.0044  255 255 255
57.7509 10.5953 21.5215  255 255 255
-50.1346 56.7257 -32.4643  255 255 255
49.3594 37.434 -24.9827  255 255 255
-7.37635 62.8411 -60.2558  255 255 255
50.5046 34.1031 -25.3262  255 255 255
10.2131 65.5102 -72.0522  255 255 255
58.9842 9.89607 17.71  255 255 255
23.4263 64.0794 -77.8437  255 255 255
2.12734 62.2323 -69.3787  255 255 255
49.2552 17.1625 0.747789  255 255 255
57.5044 7.15499 17.9533  255 255 255
53.9841 27.4632 -20.4403  255 255 255
51.5218 30.6375 -27.1824  255 255 255
51.982 29.148 -25.1262  255 255 255
55.5122 9.96424 11.2005  255 255 255
11.0697 60.4721 -74.8087  255 255 255
49.6243 30.3474 -29.1869  255 255 255
65.9174 67.0673 -106.76  255 255 255
65.9174 67.0673 -106.76  255 255 255
53.1659 9.89296 6.81557  255 255 255
-20.0939 53.6055 -58.4928  255 255 255
53.5762 8.64772 7.97471  255 255 255
56.7964 20.5238 -20.9645  255 255 255
-65.8168 45.8389 -31.6864  255 255 255
47.5491 28.787 -36.3596  255 255 255
-65.4973 44.9024 -31.377  255 255 255
51.0161 6.43247 0.651536  255 255 255
49.6748 8.41579 -3.80302  255 255 255
49.1582 8.06885 -4.88819  255 255 255
-43.8541 43.6684 -48.3778  255 255 255
48.4781 22.3621 -37.208  255 255 255
57.434 -0.912039 10.8476  255 255 255
50.8652 6.658 -4.38237  255 255 255
6.64048 49.0601 -82.2807  255 255 255
-40.828 42.7386 -50.0396  255 255 255
49.802 6.75578 -5.24537  255 255 255
-46.819 41.6469 -46.707  255 255 255
57.1596 -0.502099 7.18831  255 255 255
50.1023 6.04114 -5.18372  255 255 255
-49.6671 40.8687 -46.082  255 255 255
54.2032 0.972557 2.31012  255 255 255
-66.2331 38.4864 -35.5632  255 255 255
-55.2391 39.6331 -43.1729  255 255 255
-9.63763 44.1971 -73.0062  255 255 255
52.0027 2.54676 -2.89387  255 255 255
-71.5198 38.2232 -34.1166  255 255 255
-68.0078 38.0987 -35.9569  255 255 255
19.9869 41.7738 -82.3549  255 255 255
-77.7761 37.0071 -29.3776  255 255 255
-70.5754 37.6995 -33.9318  255 255 255
-70.0362 37.3397 -33.9305  255 255 255
57.5695 -3.66523 7.69237  255 255 255
-67.6765 37.5396 -36.2164  255 255 255
-76.902 34.0729 -32.1921  255 255 255
-28.7625 38.0758 -65.1336  255 255 255
-60.731 34.3007 -42.9074  255 255 255
-65.282 34.187 -40.5626  255 255 255
55.4481 -5.16471 0.126809  255 255 255
56.9489 -6.40427 2.58426  255 255 255
54.9982 -5.67465 0.0417023  255 255 255
-15.0834 -4.01409 25.5617  255 255 255
-5.50087 -9.24836 34.4857  255 255 255
57.8593 -10.6199 4.81088  255 255 255
-65.4332 30.7436 -43.1847  255 255 255
-7.37434 -9.49105 33.8284  255 255 255
-13.8811 27.2134 -62.8907  255 255 255
-4.64418 -11.1423 35.4932  255 255 255
-80.2204 28.6915 -33.8252  255 255 255
-62.7737 29.7861 -46.1423  255 255 255
57.5453 -11.0191 -0.160284  255 255 255
-66.7437 28.3247 -46.2674  255 255 255
-20.9975 22.4664 -55.9803  255 255 255
59.0194 -13.5792 1.2407  255 255 255
-75.507 26.8084 -38.9966  255 255 255
-80.3348 25.6713 -37.5376  255 255 255
57.6383 -15.3589 -3.25141  255 255 255
-24.7054 -3.32586 8.28447  255 255 255
59.7317 -18.1387 -0.186875  255 255 255
-23.8351 -4.39397 9.75381  255 255 255
57.134 -16.7603 -4.61389  255 255 255
-77.8467 21.8919 -42.0349  255 255 255
-26.0655 -5.54399 11.2413  255 255 255
-26.9398 -5.63551 11.6888  255 255 255
-14.8132 -15.8246 31.3099  255 255 255
-13.3805 -16.5534 31.5707  255 255 255
-23.2777 5.69223 -37.7787  255 255 255
4.19604 -22.2759 34.4414  255 255 255
-13.449 -17.8108 32.0116  255 255 255
-5.24581 -21.1064 35.1301  255 255 255
-9.21937 -23.1847 35.3809  255 255 255
-15.8944 -22.4786 32.5959  255 255 255
-53.3461 -3.00461 -25.244  255 255 255
-14.7238 -26.6603 34.7084  255 255 255
-15.8619 -26.8565 35.2011  255 255 255
-13.8274 -29.8585 36.2576  255 255 255
-2.67674 -33.2616 37.4819  255 255 255
-49.4845 -13.5341 -13.6256  255 255 255
-11.6375 -32.0017 35.0823  255 255 255
-26.9704 -27.25 21.1703  255 255 255
-27.4387 -27.2642 20.9365  255 255 255
-8.95709 -34.1267 34.7915  255 255 255
-10.8148 -33.5567 33.8797  255 255 255
-21.9037 -31.0236 26.2891  255 255 255
-53.8427 -18.9351 -5.89429  255 255 255
-8.96639 -35.6668 32.9408  255 255 255
-44.0632 -22.1464 -3.60874  255 255 255
-22.2389 -33.481 24.264  255 255 255
-18.4187 -35.4382 27.2769  255 255 255
-21.0182 -34.6463 25.7483  255 255 255
-48.9403 -25.332 -0.405048  255 255 255
-45.8628 -26.1722 0.681243  255 255 255
-55.938 -31.4039 8.3451  255 255 255
-47.3704 -34.4066 9.37613  255 255 255
-45.5502 -35.6066 11.7832  255 255 255
-43.7353 -39.6338 15.2684  255 255 255
49.1043 60.1322 -14.6394  255 255 255
-66.341 67.1711 -11.3184  255 255 255
47.0621 94.6767 -72.7381  255 255 255
65.7489 98.3741 -83.7696  255 255 255
64.0037 97.6577 -82.4061  255 255 255
-1.1904 68.5232 -38.1662  255 255 255
58.8997 90.322 -84.3237  255 255 255
29.7183 82.7699 -71.4453  255 255 255
53.8363 22.6294 18.0369  255 255 255
0.174812 72.8108 -56.9655  255 255 255
57.1678 13.2039 23.8641  255 255 255
11.1 71.9222 -67.0249  255 255 255
-51.7442 59.0412 -28.8816  255 255 255
-68.1312 55.7687 -19.2018  255 255 255
6.54202 68.9304 -63.3315  255 255 255
15.5651 69.2356 -68.7268  255 255 255
53.8706 77.3363 -92.6698  255 255 255
53.458 18.0033 10.5296  255 255 255
-51.082 56.9182 -31.4996  255 255 255
21.3548 69.4205 -75.5911  255 255 255
50.895 16.2573 9.64635  255 255 255
19.7922 62.818 -75.9149  255 255 255
18.891 62.9756 -76.6929  255 255 255
11.7728 61.3313 -71.7577  255 255 255
-62.1318 50.9077 -29.4699  255 255 255
-28.4 54.2385 -50.2339  255 255 255
56.2104 6.06398 12.296  255 255 255
-42.8851 49.0446 -44.5776  255 255 255
-27.7608 50.4394 -53.5954  255 255 255
53.4178 7.24699 3.62781  255 255 255
48.3149 11.6702 -5.14482  255 255 255
58.2088 1.46388 9.86841  255 255 255
53.4845 4.79441 2.83584  255 255 255
52.2134 5.37356 1.358  255 255 255
46.9577 9.83762 -8.00935  255 255 255
-60.6734 41.2652 -37.231  255 255 255
10.2229 51.2927 -87.5809  255 255 255
57.148 -0.18925 7.54974  255 255 255
-16.2405 44.3932 -67.5407  255 255 255
-6.44696 42.878 -77.2748  255 255 255
-64.5961 37.1556 -38.2684  255 255 255
-76.6158 34.4201 -31.6058  255 255 255
-77.0867 32.8579 -31.9584  255 255 255
-64.7868 32.8981 -42.3759  255 255 255
57.283 -9.77209 2.42863  255 255 255
-8.5268 -10.6391 34.1683  255 255 255
-18.105 -2.35869 11.5258  255 255 255
-22.285 -0.570403 5.5728  255 255 255
-27.1333 19.0943 -51.3358  255 255 255
-59.9633 26.3407 -55.2179  255 255 255
-80.9481 23.6314 -38.8453  255 255 255
-16.2305 -12.1794 29.069  255 255 255
-38.314 16.1053 -47.6419  255 255 255
-20.3519 9.87096 -40.541  255 255 255
-26.2751 -6.07132 11.6333  255 255 255
5.72455 -19.9796 34.6814  255 255 255
-19.9046 9.38145 -42.6729  255 255 255
13.066 -22.9333 32.6371  255 255 255
-27.3581 5.48806 -36.3468  255 255 255
-7.64235 -20.4388 34.7541  255 255 255
55.4566 -21.592 -11.054  255 255 255
-46.0097 6.81552 -36.8107  255 255 255
-7.16528 -21.1865 34.1099  255 255 255
58.1074 -24.2812 -8.04964  255 255 255
-18.8349 -21.7415 30.8921  255 255 255
-32.9599 -7.80175 -20.6298  255 255 255
-37.1884 -11.3228 -16.6355  255 255 255
-18.304 -28.2785 32.3044  255 255 255
-25.2353 -26.5202 24.1803  255 255 255
-52.5852 -17.8672 -7.51576  255 255 255
-24.1378 -29.7102 27.1585  255 255 255
-42.623 -20.6 -6.62325  255 255 255
-53.9325 -19.1522 -6.56165  255 255 255
-44.4186 -21.9173 -4.0653  255 255 255
-27.0419 -29.8422 20.2273  255 255 255
-26.1528 -30.2327 20.3225  255 255 255
-5.0893 -38.0203 35.1945  255 255 255
52.2387 30.5997 22.0391  255 255 255
52.3409 30.0645 20.4447  255 255 255
29.3962 80.798 -72.6151  255 255 255
51.4669 23.3073 13.5891  255 255 255
-70.9059 56.0161 -17.8117  255 255 255
23.9686 73.4163 -73.8676  255 255 255
24.7613 73.5083 -76.9056  255 255 255
24.7613 73.5083 -76.9056  255 255 255
58.7337 12.5117 18.4004  255 255 255
20.9974 67.6883 -76.5067  255 255 255
29.1322 66.2747 -85.274  255 255 255
66.0193 68.8593 -107.732  255 255 255
51.6881 12.8268 3.63952  255 255 255
48.3369 15.4126 -2.1764  255 255 255
6.96057 57.6807 -72.9897  255 255 255
7.32839 57.2742 -75.0708  255 255 255
50.1631 12.3821 0.470184  255 255 255
50.9541 11.4389 1.22083  255 255 255
31.406 59.693 -91.0642  255 255 255
56.7028 1.83228 11.751  255 255 255
-51.3672 44.4648 -42.1161  255 255 255
4.75399 50.1869 -83.2757  255 255 255
53.0363 3.84936 0.121592  255 255 255
-63.3307 41.3338 -38.3091  255 255 255
-62.8586 39.9887 -37.0172  255 255 255
54.4137 0.462801 1.48133  255 255 255
50.9335 3.68023 -4.7128  255 255 255
52.6299 14.7912 -32.5932  255 255 255
-64.5628 37.6267 -37.4153  255 255 255
-71.3024 37.0805 -33.5855  255 255 255
-40.138 35.667 -57.457  255 255 255
-11.0085 -6.78022 31.1525  255 255 255
-11.0085 -6.78022 31.1525  255 255 255
58.4688 -9.88595 3.3326  255 255 255
-13.9893 19.2901 -52.7873  255 255 255
-3.55358 -14.3129 36.0858  255 255 255
-26.0926 -4.05261 9.02175  255 255 255
-22.434 6.79061 -39.0943  255 255 255
-25.2487 -14.9522 22.1708  255 255 255
-6.55227 -30.9707 38.7897  255 255 255
-46.285 -19.5319 -6.99599  255 255 255
-50.1021 -20.6267 -5.44015  255 255 255
-24.5899 -33.8626 23.3966  255 255 255
-63.7299 -23.2012 -2.37717  255 255 255
-12.7659 83.2306 -37.8529  255 255 255
-12.7659 83.2306 -37.8529  255 255 255
46.9774 42.4859 -29.7009  255 255 255
38.4355 74.7294 -90.4987  255 255 255
35.1635 72.8572 -87.2447  255 255 255
11.4182 63.9651 -72.2692  255 255 255
30.5852 66.4453 -82.3888  255 255 255
-12.5646 54.24 -63.0727  255 255 255
4.7516 55.9223 -72.738  255 255 255
54.1392 8.81779 6.43302  255 255 255
-13.6567 50.3305 -67.8705  255 255 255
-34.509 45.0188 -53.846  255 255 255
48.5105 4.26883 -9.37398  255 255 255
-77.229 33.6904 -32.3367  255 255 255
-63.3613 29.3852 -47.2115  255 255 255
-14.176 18.4901 -53.1022  255 255 255
53.3819 -12.5796 -10.5553  255 255 255
57.9644 -17.1454 -4.42579  255 255 255
57.9644 -17.1454 -4.42579  255 255 255
-10.0686 -18.3224 33.6931  255 255 255
56.685 -22.2957 -8.87096  255 255 255
58.0775 -23.6137 -8.15293  255 255 255
5.05873 -37.4128 33.218  255 255 255
-55.3424 -24.0562 -1.70745  255 255 255
-54.3026 -25.3635 0.192865  255 255 255
-54.3026 -25.3635 0.192865  255 255 255
-46.835 -27.2735 1.75084  255 255 255
-35.6982 75.1385 -26.1167  255 255 255
3.38552 60.5361 -77.0969  255 255 255
-52.6623 38.8444 -46.4303  255 255 255
52.3188 -3.80502 -3.05347  255 255 255
6.87347 -20.0563 34.2178  255 255 255
-29.2966 -19.7734 11.2885  255 255 255
-20.487 -35.2729 25.8401  255 255 255
-48.0537 -29.4689 4.29107  255 255 255
54.0596 9.99676 5.23298  255 255 255
-0.783714 54.8387 -71.0519  255 255 255
-8.87251 -12.5732 34.8316  255 255 255
-1.72704 -15.4094 36.1976  255 255 255
-24.118 -19.9947 28.4083  255 255 255
-20.2583 -23.5059 31.8683  255 255 255
13.4676 -32.9116 31.3857  255 255 255
0.547813 -40.2361 31.4141  255 255 255
-11.8878 -37.5112 31.0359  255 255 255
48.7732 28.0816 8.92927  255 255 255
25.0036 65.2032 -77.1551  255 255 255
-48.7651 42.5942 -45.7775  255 255 255
-17.2348 23.0356 -57.6911  255 255 255
58.5641 -16.9452 -2.00846  255 255 255
-43.9728 61.8593 -31.9956  255 255 255
60.0397 56.0941 -65.3495  255 255 255
19.8846 78.2798 -67.579  255 255 255
64.1102 88.7679 -95.9358  255 255 255
55.7026 0.547337 13.2163  255 255 255
14.7196 44.9893 -83.7014  255 255 255
28.075 82.9835 -69.3713  255 255 255
68.2936 88.3926 -94.1926  255 255 255
12.817 74.7483 -64.7451  255 255 255
12.3244 71.6796 -67.1042  255 255 255
39.7435 77.4786 -83.9797  255 255 255
43.5639 75.7999 -86.8776  255 255 255
-3.60561 66.5062 -59.0618  255 255 255
43.3427 74.6369 -87.26  255 255 255
55.5361 10.192 11.7457  255 255 255
38.7087 71.6439 -86.8886  255 255 255
47.0312 67.5167 -97.0756  255 255 255
47.9617 29.7692 -35.5116  255 255 255
47.9445 29.3632 -34.8686  255 255 255
-13.4344 36.4166 -28.5378  255 255 255
-3.395 54.1008 -64.4269  255 255 255
62.4232 -6.4307 14.5933  255 255 255
62.3476 -6.88981 14.0832  255 255 255
62.7089 -7.13805 14.3559  255 255 255
61.8773 -8.19121 12.0388  255 255 255
64.368 -10.6411 14.9929  255 255 255
49.2685 2.20805 -8.71739  255 255 255
48.8727 2.23214 -9.79045  255 255 255
51.3065 -1.98313 -7.13904  255 255 255
61.6253 -11.6998 8.6967  255 255 255
50.2438 -1.72604 -9.36528  255 255 255
61.7018 -15.4656 6.52006  255 255 255
61.7626 -15.9349 6.05023  255 255 255
61.6493 -17.4878 5.09015  255 255 255
-6.97115 -15.5254 35.3033  255 255 255
-6.97115 -15.5254 35.3033  255 255 255
61.3921 -18.7311 3.48399  255 255 255
61.4304 -19.0385 3.6752  255 255 255
60.6692 -19.2809 1.77596  255 255 255
61.2139 -21.137 1.39158  255 255 255
-14.1788 11.2965 -43.8924  255 255 255
-17.3149 8.20613 -40.7357  255 255 255
64.7109 -30.3261 1.81718  255 255 255
52.62 -30.5854 -2.55225  255 255 255
-38.1549 4.05204 -34.1964  255 255 255
52.085 -45.2687 13.4698  255 255 255
-10.0809 -34.972 33.2691  255 255 255
46.1459 -52.2065 22.0453  255 255 255
-29.6532 -52.7304 29.5685  255 255 255
49.0801 26.3389 8.09709  255 255 255
25.1021 73.9497 -75.0297  255 255 255
65.8186 78.5002 -100.875  255 255 255
68.4269 65.6807 -109.176  255 255 255
55.4234 3.09997 6.32347  255 255 255
49.7055 24.5163 -33.3743  255 255 255
48.7644 9.80375 -6.40454  255 255 255
46.5826 6.39143 -12.3922  255 255 255
66.5286 -12.9116 17.3618  255 255 255
49.3707 3.15216 -8.06684  255 255 255
30.2907 42.028 -81.8383  255 255 255
30.3767 42.1237 -82.0509  255 255 255
59.6267 -12.3054 4.97558  255 255 255
60.5401 -14.2175 5.41667  255 255 255
63.5371 -18.7946 7.75978  255 255 255
-33.8226 35.0663 -63.1485  255 255 255
61.7375 -18.2805 4.24564  255 255 255
62.4947 -26.8997 -0.244933  255 255 255
64.1361 -30.0973 1.06887  255 255 255
63.1881 -31.1111 -1.42607  255 255 255
61.4421 -29.8385 -4.37861  255 255 255
66.7066 -34.5366 2.87093  255 255 255
-41.9301 -19.7842 -6.72995  255 255 255
-1.41415 -42.6719 29.3395  255 255 255
-51.7321 -22.7886 -2.80906  255 255 255
8.73162 -61.7524 36.6729  255 255 255
-42.0262 -42.5831 18.5047  255 255 255
9.99245 78.7002 -59.2073  255 255 255
27.6994 78.7356 -72.8269  255 255 255
16.9133 73.2634 -69.0566  255 255 255
40.0323 77.8731 -83.3041  255 255 255
51.1177 15.5093 5.13677  255 255 255
55.1647 10.3872 11.1732  255 255 255
74.999 75.7917 -110.463  255 255 255
51.5342 11.6847 3.59531  255 255 255
61.1997 -3.04535 14.6647  255 255 255
52.629 21.4327 -28.5739  255 255 255
60.9698 -4.02958 13.3908  255 255 255
9.55882 52.1069 -82.9516  255 255 255
-16.0925 48.3717 -65.8195  255 255 255
65.5524 -12.4116 16.4956  255 255 255
61.4338 -18.2569 4.01494  255 255 255
62.078 -20.3478 4.07821  255 255 255
59.3959 -19.9741 -1.94325  255 255 255
57.9923 -21.2259 -6.10373  255 255 255
-16.8777 11.3944 -43.9366  255 255 255
49.3451 -52.0734 21.5577  255 255 255
45.3927 -52.3877 22.2845  255 255 255
-49.2529 -20.1838 -4.89143  255 255 255
2.83053 -59.3574 34.3383  255 255 255
-37.6786 -51.8993 28.9967  255 255 255
28.5395 81.974 -71.1675  255 255 255
48.9524 41.9435 -22.6394  255 255 255
49.7361 16.1266 2.61181  255 255 255
49.2248 11.4441 -2.10286  255 255 255
-7.05451 -7.8729 33.4101  255 255 255
61.1139 -12.9372 6.84266  255 255 255
64.9698 -27.4354 4.99657  255 255 255
-19.163 8.21839 -41.2914  255 255 255
-40.2771 -17.5735 -9.72264  255 255 255
-53.7502 -19.1768 -6.4899  255 255 255
19.7885 -61.5391 36.0306  255 255 255
-21.5779 -46.3729 25.003  255 255 255
16.6915 -64.701 39.405  255 255 255
9.69283 50.5276 -83.293  255 255 255
19.8176 34.3296 -72.4158  255 255 255
63.5485 -18.3885 8.59661  255 255 255
56.8222 -16.1871 -4.65228  255 255 255
-20.1321 26.9962 -61.5368  255 255 255
20.799 -62.7561 36.738  255 255 255
54.4215 -5.12994 -1.62302  255 255 255
-6.20857 55.112 -63.7157  255 255 255
-19.0801 -42.3415 28.3835  255 255 255
-45.7991 -38.5789 14.6401  255 255 255
13.3392 -64.8039 39.8488  255 255 255
62.1629 -5.95193 13.2748  255 255 255
23.0844 70.9226 -76.0215  255 255 255
1.23913 60.5643 -68.3749  255 255 255
1.23913 60.5643 -68.3749  255 255 255
-6.25688 58.4924 -64.0689  255 255 255
52.5989 17.8845 9.64405  255 255 255
-8.5916 44.3876 -74.5659  255 255 255
-41.1414 41.0964 -52.2795  255 255 255
-46.0456 40.6996 -49.5024  255 255 255
-65.0771 38.8712 -35.1394  255 255 255
-41.5136 39.838 -52.3095  255 255 255
-68.7818 37.6286 -33.5003  255 255 255
-73.8153 36.3981 -32.2907  255 255 255
-17.3815 37.7412 -72.3472  255 255 255
-16.8425 35.9305 -70.8627  255 255 255
-54.8536 34.1117 -47.6414  255 255 255
-58.4548 33.6891 -44.5579  255 255 255
-66.5546 32.7089 -41.0348  255 255 255
-3.36055 31.0032 -67.0366  255 255 255
-53.6804 31.6192 -50.5913  255 255 255
52.5205 10.5063 3.34093  255 255 255
-75.0218 30.3351 -41.7325  255 255 255
-73.7022 30.1176 -42.2233  255 255 255
-65.9372 29.124 -43.4221  255 255 255
-65.9372 29.124 -43.4221  255 255 255
-65.992 28.6985 -43.6409  255 255 255
52.8353 13.6278 -32.6253  255 255 255
-69.4149 27.5996 -43.6677  255 255 255
-69.4809 27.2411 -43.4596  255 255 255
-83.9019 26.6823 -33.267  255 255 255
-69.5985 24.6091 -46.3119  255 255 255
-80.5016 23.8951 -38.0216  255 255 255
-81.4842 23.6297 -38.7894  255 255 255
59.2085 -0.285932 12.219  255 255 255
58.727 -0.373797 11.1287  255 255 255
50.0475 1.13374 -7.91256  255 255 255
60.751 -2.65208 13.7614  255 255 255
50.3207 0.726518 -7.61701  255 255 255
-40.3856 13.7018 -45.2321  255 255 255
60.6509 -2.96534 13.1496  255 255 255
61.3352 -3.49109 14.6819  255 255 255
-74.1894 16.4156 -46.9846  255 255 255
60.5256 -3.77461 12.5877  255 255 255
58.5045 -4.52078 8.05696  255 255 255
-70.8727 11.9285 -41.8478  255 255 255
60.5278 -6.64211 10.963  255 255 255
54.1973 -7.33889 -4.71884  255 255 255
58.3303 -9.01084 4.70134  255 255 255
56.8034 -10.1542 -0.712912  255 255 255
61.7672 -11.7153 10.178  255 255 255
49.9524 -11.5177 -17.5818  255 255 255
48.0879 -11.2732 -21.4105  255 255 255
-4.8584 -7.90287 33.7128  255 255 255
3.46102 -9.03114 34.2269  255 255 255
61.513 -14.0835 7.24418  255 255 255
-9.60974 -8.60138 32.6572  255 255 255
61.6339 -15.3612 6.43964  255 255 255
-16.997 -8.61835 26.7847  255 255 255
-3.33307 -10.5578 35.1659  255 255 255
-3.33307 -10.5578 35.1659  255 255 255
-10.0435 -11.0413 33.2979  255 255 255
52.8531 -17.9401 -14.7115  255 255 255
64.6851 -21.6007 9.18621  255 255 255
1.47613 -15.1423 35.9153  255 255 255
56.5927 -22.8792 -9.68334  255 255 255
-42.204 -15.3602 -11.8243  255 255 255
-70.8508 -15.6395 -10.4783  255 255 255
-18.0796 -19.0822 31.229  255 255 255
-12.8298 -21.8843 34.1161  255 255 255
-21.2376 -22.0551 30.3968  255 255 255
-55.7918 -22.3101 -3.34909  255 255 255
-55.8622 -22.4319 -2.71871  255 255 255
-21.7107 -22.8871 31.3143  255 255 255
54.0208 -35.1366 2.09572  255 255 255
4.00258 -26.9339 35.8948  255 255 255
-15.6772 -26.092 34.5001  255 255 255
6.43628 -31.3315 38.3252  255 255 255
-40.1914 -49.5556 26.6741  255 255 255
16.6973 -57.9988 31.5722  255 255 255
17.6256 -58.5221 32.2988  255 255 255
16.0471 -58.6954 32.6784  255 255 255
13.0898 -59.1534 33.3031  255 255 255
7.68263 -60.0223 34.8681  255 255 255
1.97302 -60.396 35.7707  255 255 255
14.0683 -62.1936 36.952  255 255 255
11.2289 -61.9788 36.8225  255 255 255
11.2289 -61.9788 36.8225  255 255 255
7.27755 -63.826 39.397  255 255 255
49.7134 19.6143 4.17979  255 255 255
5.01895 45.0144 -82.9633  255 255 255
-6.86602 40.7258 -76.9404  255 255 255
-76.6427 36.7073 -29.6557  255 255 255
18.7226 37.4053 -75.6212  255 255 255
-1.93526 39.2577 -75.8402  255 255 255
-14.4664 39.0097 -74.1955  255 255 255
-9.98322 37.6836 -73.1217  255 255 255
-63.5783 35.2264 -38.3693  255 255 255
-69.8376 32.8965 -36.0005  255 255 255
-54.1257 30.7501 -52.522  255 255 255
-54.1257 30.7501 -52.522  255 255 255
-82.282 27.0672 -33.4536  255 255 255
-71.7323 26.9073 -46.3656  255 255 255
55.1966 1.12588 4.89385  255 255 255
-8.04616 13.6707 -46.7583  255 255 255
-78.8773 17.8972 -45.4163  255 255 255
-76.4729 17.3574 -47.563  255 255 255
-57.7065 15.0528 -46.1202  255 255 255
-73.679 12.8913 -42.2785  255 255 255
-18.0132 -1.11955 10.1885  255 255 255
49.9822 -13.7873 -18.8865  255 255 255
6.47435 -12.46 33.845  255 255 255
19.2547 -15.7364 24.0379  255 255 255
-74.3708 -7.18441 -19.7801  255 255 255
11.1876 -17.561 31.323  255 255 255
-39.642 -17.7259 -9.36515  255 255 255
-76.4617 -15.9519 -9.57721  255 255 255
52.2357 -30.1012 -3.91427  255 255 255
19.6994 -26.0733 30.9509  255 255 255
-56.3381 -21.901 -4.40829  255 255 255
17.0436 -28.4649 34.0611  255 255 255
-19.4479 -25.7699 34.0926  255 255 255
-4.14379 -28.984 37.0533  255 255 255
-23.9859 -33.3042 23.8879  255 255 255
-27.7573 -40.9394 21.6195  255 255 255
14.7714 -61.8631 36.3271  255 255 255
11.6871 -62.5119 37.3467  255 255 255
15.9091 44.8777 -83.6545  255 255 255
-74.8096 38.8591 -27.9581  255 255 255
-13.8557 36.3489 -71.6413  255 255 255
-76.0965 34.0606 -32.3066  255 255 255
14.3296 29.4356 -65.9636  255 255 255
10.0259 25.9 -62.2357  255 255 255
-32.6062 27.5967 -61.2658  255 255 255
-72.467 27.0945 -46.244  255 255 255
-78.0104 24.9825 -39.2028  255 255 255
-19.6924 20.6024 -53.6963  255 255 255
-37.9619 22.2635 -54.3907  255 255 255
-2.45607 16.465 -50.3296  255 255 255
-78.0685 21.2567 -42.4067  255 255 255
-35.2212 12.2922 -44.2117  255 255 255
-78.4146 14.9551 -44.2702  255 255 255
12.525 -12.2307 30.6601  255 255 255
6.58664 -11.9943 33.9895  255 255 255
-66.4331 -4.56219 -23.2668  255 255 255
6.38864 -15.0319 34.6355  255 255 255
-64.627 -8.82148 -18.7325  255 255 255
-40.0156 -18.3505 -8.43937  255 255 255
6.73113 -20.9636 33.9686  255 255 255
-9.51099 -20.2371 33.9474  255 255 255
-14.3258 -21.1723 33.2575  255 255 255
-1.01832 -31.2246 38.7708  255 255 255
-65.2466 -31.6348 7.52708  255 255 255
-8.58623 -37.2723 32.2209  255 255 255
-71.8443 -35.1877 12.5587  255 255 255
10.1416 -61.6125 36.5847  255 255 255
-6.11922 39.6657 -76.5354  255 255 255
-5.69571 38.8081 -75.1443  255 255 255
-5.69571 38.8081 -75.1443  255 255 255
-74.3353 18.5493 -48.0715  255 255 255
-74.5243 16.1379 -45.9974  255 255 255
60.2619 -15.1054 3.29434  255 255 255
-65.0094 -5.58215 -21.7756  255 255 255
-26.7963 -10.4999 17.4214  255 255 255
11.9987 -20.0369 30.311  255 255 255
-59.8595 -17.2645 -8.97775  255 255 255
13.5073 -22.4177 32.0421  255 255 255
-71.88 -16.4851 -8.69213  255 255 255
51.7491 22.4541 -29.642  255 255 255
-16.7921 10.0734 -42.1095  255 255 255
13.964 -21.1278 30.3601  255 255 255
0.781775 -20.2372 35.4765  255 255 255
-23.5785 -22.7361 31.3207  255 255 255
10.8011 -27.2524 33.5912  255 255 255
-41.3651 -40.1696 15.5231  255 255 255
-33.5709 28.1862 -62.0433  255 255 255
-91.2203 14.627 -43.3962  255 255 255
7.72086 -4.84389 30.3813  255 255 255
-64.6625 5.2 -34.3451  255 255 255
59.6866 -11.3698 5.3779  255 255 255
4.71787 -12.2255 34.4464  255 255 255
-67.2832 -28.0772 3.97746  255 255 255
-90.547 13.1725 -41.5783  255 255 255
62.307 -17.8131 6.41909  255 255 255
-60.4645 -4.98336 -22.1419  255 255 255
-73.1093 -15.6373 -9.96857  255 255 255
5.3034 -23.8848 35.0127  255 255 255
7.13015 -36.295 34.4784  255 255 255
-50.5358 206.005 -104.139  255 255 255
-65.9849 222.838 -123.202  255 255 255
-96.9623 193.682 -101.195  255 255 255
-22.1172 193.738 -114.998  255 255 255
-24.5919 192.232 -114.371  255 255 255
-29.734 190.991 -112.726  255 255 255
-25.4204 191.134 -114.692  255 255 255
86.7389 210.108 -164.578  255 255 255
-124.876 183.852 -98.6189  255 255 255
86.8569 208.324 -164.608  255 255 255
86.8569 208.324 -164.608  255 255 255
-126.795 165.998 -81.6254  255 255 255
-56.9808 138.283 -65.0719  255 255 255
-109.304 127.608 -41.7793  255 255 255
-64.8981 105.413 -16.5822  255 255 255
11.8382 118.245 -48.9917  255 255 255
12.2182 118.059 -49.473  255 255 255
-94.2231 120.82 -40.867  255 255 255
-94.1817 120.856 -41.8293  255 255 255
-13.9134 107.865 -35.7138  255 255 255
5.0828 111.52 -44.5623  255 255 255
8.15492 110.566 -44.9663  255 255 255
-97.8644 118.096 -42.0294  255 255 255
18.8318 110.854 -48.8141  255 255 255
-113.355 123.729 -51.8827  255 255 255
-113.355 123.729 -51.8827  255 255 255
-113.474 122.312 -51.9516  255 255 255
-0.817628 102.356 -38.7773  255 255 255
-113.504 119.787 -50.4766  255 255 255
-157.452 140.98 -80.8403  255 255 255
-121.432 121.465 -53.6587  255 255 255
-144.156 136.75 -77.1914  255 255 255
-146.14 136.556 -78.3087  255 255 255
-157.078 138.367 -79.7714  255 255 255
-149.084 134.748 -75.7605  255 255 255
-115.502 112.294 -47.0395  255 255 255
35.0298 102.389 -54.2809  255 255 255
32.6208 101.739 -53.4177  255 255 255
-19.4243 103.182 -50.5728  255 255 255
37.6015 101.97 -58.3521  255 255 255
-116.551 105.953 -44.2264  255 255 255
8.55067 94.0387 -43.648  255 255 255
1.39159 91.8713 -38.6286  255 255 255
37.0566 99.926 -60.0328  255 255 255
48.0354 102.224 -65.8858  255 255 255
51.733 102.668 -68.1444  255 255 255
37.21 98.6791 -60.0367  255 255 255
9.20184 92.7569 -45.9902  255 255 255
17.7777 93.444 -50.9553  255 255 255
19.3119 93.7736 -52.1961  255 255 255
8.82588 90.8195 -47.2755  255 255 255
5.13168 89.8126 -45.3086  255 255 255
51.2851 97.8485 -72.0761  255 255 255
8.32677 88.602 -48.8005  255 255 255
19.3767 91.0807 -55.9897  255 255 255
-30.4897 79.1357 -25.5042  255 255 255
62.22 98.5971 -79.6348  255 255 255
-97.9297 79.1039 -16.6006  255 255 255
36.7897 92.5765 -65.9869  255 255 255
42.2338 93.1896 -69.8824  255 255 255
12.749 86.7245 -54.1415  255 255 255
-55.349 70.1423 -16.0153  255 255 255
-34.8382 20.5397 88.3913  255 255 255
30.5586 84.8274 -68.8711  255 255 255
20.0039 82.3129 -63.2355  255 255 255
-79.9804 62.0129 -4.02066  255 255 255
53.4599 87.591 -83.1683  255 255 255
27.4244 82.7832 -68.7261  255 255 255
-44.1338 66.6591 -26.7052  255 255 255
-73.2988 61.2434 -10.1194  255 255 255
57.5836 84.9706 -88.08  255 255 255
12.4242 76.5617 -63.0782  255 255 255
12.4242 76.5617 -63.0782  255 255 255
-63.906 61.4279 -16.8806  255 255 255
-41.9164 65.4819 -30.4454  255 255 255
1.00317 72.9383 -56.4683  255 255 255
-37.73 65.6071 -32.9805  255 255 255
-0.0776269 72.5812 -56.5711  255 255 255
-0.810175 72.1744 -55.7406  255 255 255
-80.3236 56.9191 -6.90848  255 255 255
-46.4447 63.3851 -28.4285  255 255 255
-91.1803 60.1191 -15.8912  255 255 255
-66.7679 58.4337 -18.2452  255 255 255
-52.7173 60.7682 -26.1306  255 255 255
-52.7173 60.7682 -26.1306  255 255 255
-39.9431 62.2371 -35.0447  255 255 255
38.0936 72.5146 -85.5882  255 255 255
-55.9498 56.3413 -27.8049  255 255 255
-75.0445 52.068 -16.1928  255 255 255
-5.77168 64.3985 -60.9144  255 255 255
-5.24413 63.8784 -61.3082  255 255 255
25.2455 68.3375 -79.9837  255 255 255
-74.1299 51.6663 -17.9201  255 255 255
10.2578 65.7036 -71.6168  255 255 255
44.0871 69.0251 -92.6817  255 255 255
-41.4175 55.4383 -39.9003  255 255 255
-3.22461 59.1702 -66.3815  255 255 255
-66.759 46.2601 -28.083  255 255 255
-79.5141 44.2448 -20.462  255 255 255
-34.8524 50.146 -49.2197  255 255 255
-35.7617 50.0535 -48.9251  255 255 255
-41.3125 48.4556 -45.9313  255 255 255
-152.767 66.6568 -97.4367  255 255 255
-49.944 43.0369 -43.5288  255 255 255
-60.1043 40.3421 -37.4342  255 255 255
-82.8878 34.7479 -24.7283  255 255 255
-53.4527 34.6959 -48.3529  255 255 255
-3.12257 26.0898 -61.6508  255 255 255
-59.6073 25.5308 -52.0253  255 255 255
-3.79333 16.1403 -50.864  255 255 255
82.6235 216.493 -167.923  255 255 255
81.317 216.556 -170.115  255 255 255
-37.7555 132.033 -38.2483  255 255 255
-47.1141 159.633 -75.4066  255 255 255
-57.1986 156.132 -70.7179  255 255 255
-96.4979 138.513 -46.4441  255 255 255
-1.66985 127.856 -47.1912  255 255 255
-6.31157 127.596 -46.3623  255 255 255
-11.8007 124.17 -43.161  255 255 255
-94.3183 121.39 -40.4809  255 255 255
11.467 114.899 -48.415  255 255 255
4.76714 111.587 -43.5789  255 255 255
11.262 112.903 -47.1325  255 255 255
8.31158 112.113 -45.9406  255 255 255
6.18933 110.875 -44.4456  255 255 255
10.8943 107.956 -44.8129  255 255 255
-57.9415 99.7682 -21.1532  255 255 255
-74.4658 96.9324 -14.3931  255 255 255
-111.119 121.922 -51.7777  255 255 255
-111.173 120.572 -51.313  255 255 255
-43.6234 93.7995 -19.4106  255 255 255
-27.5992 51.367 49.458  255 255 255
-115.151 110.143 -46.8474  255 255 255
-2.20503 90.3361 -38.3514  255 255 255
47.1493 100.73 -66.5184  255 255 255
19.7107 94.7943 -52.0041  255 255 255
-7.38011 87.1914 -35.3946  255 255 255
-6.20763 87.6262 -36.6039  255 255 255
25.5153 87.5082 -62.4197  255 255 255
-56.2823 68.6669 -16.3048  255 255 255
44.8474 87.8171 -76.4306  255 255 255
39.2644 86.4755 -74.0059  255 255 255
-51.9602 66.3435 -21.3336  255 255 255
-66.0113 63.452 -13.0588  255 255 255
-51.0709 66.5462 -22.3603  255 255 255
-44.3725 65.4024 -28.7286  255 255 255
-78.7506 58.3566 -8.1196  255 255 255
-5.27519 71.9055 -52.934  255 255 255
-10.5619 70.7795 -49.872  255 255 255
-91.1322 60.652 -15.6595  255 255 255
-153.97 91.0053 -108.783  255 255 255
-154.056 89.8528 -109.693  255 255 255
-62.8205 44.7656 -32.2113  255 255 255
-46.5907 44.1405 -45.5182  255 255 255
-13.5245 37.3836 -73.6861  255 255 255
-52.2761 30.2402 -53.7362  255 255 255
-65.9562 22.8613 -49.5417  255 255 255
-6.36282 13.8965 -47.4539  255 255 255
-34.9729 212.631 -121.288  255 255 255
28.0174 215.471 -143.009  255 255 255
28.0174 215.471 -143.009  255 255 255
-30.6853 189.237 -111.902  255 255 255
-43.0477 185.972 -106.961  255 255 255
90.2296 212.763 -165.837  255 255 255
-73.132 147.038 -60.5603  255 255 255
-97.2573 140.727 -49.2371  255 255 255
-10.7689 125.703 -44.1232  255 255 255
-15.8197 123.359 -41.3588  255 255 255
-5.86001 125.032 -45.8188  255 255 255
-4.20009 124.311 -45.476  255 255 255
-10.996 122.222 -42.5597  255 255 255
15.5994 123.434 -52.3152  255 255 255
-82.6173 116.792 -28.8022  255 255 255
-14.9203 116.246 -39.0252  255 255 255
11.2322 118.588 -48.7662  255 255 255
10.9551 115.303 -47.5174  255 255 255
-93.0182 121.265 -41.1002  255 255 255
12.8039 115.227 -48.6502  255 255 255
6.04841 113.554 -45.7762  255 255 255
-99.9485 119.856 -39.2776  255 255 255
-7.97533 108.446 -38.4991  255 255 255
-12.3337 106.851 -36.0938  255 255 255
0.667837 104.885 -40.323  255 255 255
-5.62391 102.155 -36.9477  255 255 255
2.97254 103.133 -40.2497  255 255 255
-2.87953 101.302 -37.5386  255 255 255
-99.7564 113.648 -44.8602  255 255 255
6.09415 99.7459 -39.4851  255 255 255
23.2184 101.025 -47.1357  255 255 255
-135.397 122.971 -61.2592  255 255 255
-111.935 106.685 -45.768  255 255 255
9.51852 91.2224 -47.6243  255 255 255
-119.302 97.0649 -42.462  255 255 255
58.4221 96.9786 -78.5108  255 255 255
-33.4753 77.9784 -25.4368  255 255 255
-48.4006 74.3847 -18.0621  255 255 255
47.5177 92.0553 -74.1698  255 255 255
-4.75372 80.9816 -44.6234  255 255 255
-54.5568 67.4748 -18.6598  255 255 255
-73.3135 61.6559 -9.95246  255 255 255
-47.1175 65.4903 -25.6365  255 255 255
-78.2637 58.4408 -8.71185  255 255 255
-50.4713 59.817 -28.5457  255 255 255
-50.4422 59.7862 -28.5065  255 255 255
-44.5078 61.1625 -32.3538  255 255 255
45.559 74.0334 -89.616  255 255 255
-154.665 67.1579 -97.7377  255 255 255
-123.936 49.4475 -78.6977  255 255 255
-127.873 49.2346 -79.5866  255 255 255
8.56189 29.8336 -66.9992  255 255 255
-64.0146 21.8566 -51.7371  255 255 255
-33.2141 21.6918 -54.8542  255 255 255
-38.6957 14.7049 -46.1444  255 255 255
-59.6922 196.099 -111.843  255 255 255
-21.5615 112.424 -38.0616  255 255 255
0.726274 107.741 -40.7631  255 255 255
-22.1529 95.6101 -32.2639  255 255 255
51.4348 106.92 -64.2046  255 255 255
8.57921 96.6362 -41.0601  255 255 255
25.2513 99.77 -50.6434  255 255 255
12.5389 92.514 -49.2947  255 255 255
-6.072 87.0913 -36.9922  255 255 255
8.88204 87.1161 -50.5607  255 255 255
-82.4645 63.9031 1.40372  255 255 255
-74.776 64.9612 -4.12016  255 255 255
-20.1927 75.8445 -37.7676  255 255 255
-100.976 73.5017 -25.5611  255 255 255
-137.955 90.6691 -80.6972  255 255 255
-71.5151 54.1442 -17.3049  255 255 255
-66.3232 42.0818 -31.8224  255 255 255
-74.2704 187.588 -102.804  255 255 255
92.135 210.752 -166.583  255 255 255
-49.1826 145.043 -66.8668  255 255 255
-49.1199 144.786 -66.5834  255 255 255
16.6959 127.629 -53.6847  255 255 255
12.1092 118.727 -48.7714  255 255 255
21.6619 113.338 -50.8459  255 255 255
-43.3935 87.7762 -21.5148  255 255 255
-8.74363 86.1499 -37.2931  255 255 255
16.7208 88.1289 -55.0757  255 255 255
-82.9119 70.1853 -3.44363  255 255 255
-37.9495 76.8189 -23.5822  255 255 255
-81.9286 68.7024 -2.80437  255 255 255
0.467714 84.2105 -47.6036  255 255 255
-76.0319 40.9521 -25.4749  255 255 255
-50.5571 189.882 -104.981  255 255 255
-44.9102 150.602 -70.8866  255 255 255
10.7895 116.361 -47.9798  255 255 255
-68.1355 20.8843 -49.4787  255 255 255
-25.8531 194.602 -106.84  255 255 255
-57.6814 153.958 -67.4564  255 255 255
-80.7231 143.27 -56.5381  255 255 255
-3.22258 90.1418 -37.4899  255 255 255
60.5205 90.4143 -85.4782  255 255 255
95.5599 213.511 -167.191  255 255 255
95.5599 213.511 -167.191  255 255 255
18.9301 126.813 -54.8585  255 255 255
16.0741 119.26 -52.3744  255 255 255
16.0042 118.734 -51.7167  255 255 255
-97.0143 121.253 -38.6085  255 255 255
9.33474 110.81 -46.3001  255 255 255
-23.0288 41.8563 -60.4637  255 255 255
2.13032 103.92 -40.909  255 255 255
24.4233 95.697 -53.1045  255 255 255
-65.3498 104.415 -19.0307  255 255 255
-5.07336 89.2659 -35.9934  255 255 255
-1.1475 50.323 6.45565  255 255 255
14.6894 68.7243 -71.5605  255 255 255
-13.0199 58.8815 -59.4984  255 255 255
-71.0751 38.9327 -31.7611  255 255 255
-58.8091 33.4653 -44.1064  255 255 255
-58.8091 33.4653 -44.1064  255 255 255
-56.7756 33.5598 -46.1808  255 255 255
-53.2351 33.4894 -49.2258  255 255 255
-53.3738 33.1867 -49.2498  255 255 255
-53.3738 33.1867 -49.2498  255 255 255
-61.9074 33.3017 -42.7339  255 255 255
46.4655 1.20853 -15.8846  255 255 255
-69.7744 31.2001 -39.5741  255 255 255
-64.6472 30.7651 -42.5679  255 255 255
-64.6472 30.7651 -42.5679  255 255 255
-9.56735 -0.443625 25.5813  255 255 255
-66.2047 28.4682 -43.4192  255 255 255
-65.4804 28.5665 -44.9152  255 255 255
-66.5163 27.9878 -43.72  255 255 255
-70.0853 27.2154 -42.7161  255 255 255
-70.1128 27.0356 -43.1731  255 255 255
-73.0008 27.6124 -44.6129  255 255 255
3.45395 -9.02482 34.2327  255 255 255
-18.8297 12.6084 -45.6367  255 255 255
55.9489 -15.7402 -5.91733  255 255 255
-3.65052 -11.4877 35.4808  255 255 255
52.7724 -17.9353 -14.5876  255 255 255
-2.6578 -13.896 35.9509  255 255 255
1.89399 -15.17 35.947  255 255 255
-36.665 4.91638 -34.5876  255 255 255
17.9669 -18.8869 27.6216  255 255 255
56.2721 -22.4721 -9.77703  255 255 255
56.5241 -23.5019 -9.83332  255 255 255
1.28897 -20.5154 35.4139  255 255 255
4.97125 -22.5918 33.9957  255 255 255
8.14789 -23.951 34.4454  255 255 255
53.0083 -31.9976 -0.837824  255 255 255
-4.31357 -22.5622 34.8859  255 255 255
-7.44914 -25.8201 36.0129  255 255 255
-23.217 -21.6521 29.958  255 255 255
-23.4654 -23.1417 31.974  255 255 255
-3.56046 -30.7217 38.5455  255 255 255
-1.61946 -33.6433 36.874  255 255 255
3.29812 -37.8453 32.807  255 255 255
-10.3796 -34.472 33.8894  255 255 255
-44.598 -26.0262 0.613052  255 255 255
-54.0691 -23.7447 -1.55623  255 255 255
-54.4581 -23.8345 -1.2805  255 255 255
-44.5588 -26.4366 0.992535  255 255 255
-56.7968 -23.3589 -1.66518  255 255 255
40.2455 -50.9756 21.8679  255 255 255
-65.8035 -22.4182 -2.09459  255 255 255
54.2225 70.6791 -94.5213  255 255 255
18.5066 66.8275 -74.3348  255 255 255
6.83161 63.0903 -67.6294  255 255 255
-52.5024 55.5471 -32.01  255 255 255
-54.1582 40.6455 -43.4277  255 255 255
-71.1527 38.3888 -31.9096  255 255 255
-70.5216 36.0421 -34.2318  255 255 255
-2.2796 18.4415 -50.7718  255 255 255
-72.4527 26.2265 -46.8042  255 255 255
4.4802 -12.2372 34.7751  255 255 255
-20.9609 -1.03998 6.16902  255 255 255
-17.276 -11.4528 27.8659  255 255 255
-33.0328 -8.97488 -17.9222  255 255 255
-8.56628 1.78944 22.0705  255 255 255
9.36081 -5.1062 29.2854  255 255 255
-61.7957 28.3532 -62.4951  255 255 255
-25.7897 -17.8865 25.3304  255 255 255
-18.3304 -21.6825 31.1668  255 255 255
-19.8513 -31.033 29.2614  255 255 255
-44.0867 -26.4965 0.752074  255 255 255
-43.1553 -29.5937 4.44097  255 255 255
10.2109 25.8576 -63.0169  255 255 255
-29.3921 -30.8712 13.601  255 255 255
-7.29833 43.9697 -71.9184  255 255 255
-50.8468 37.2512 -48.3759  255 255 255
52.9152 -17.5379 -13.6047  255 255 255
-43.9346 -30.2597 4.98587  255 255 255
11.7894 -12.5128 30.4799  255 255 255
-17.9364 -15.5124 27.0815  255 255 255
71.7586 76.4102 -107.355  255 255 255
-7.28153 28.4823 -64.246  255 255 255
-32.8291 23.5653 -56.6566  255 255 255
48.8607 10.0714 -45.0998  255 255 255
-84.1869 21.609 -37.861  255 255 255
-63.0585 16.0573 -46.5283  255 255 255
-13.4713 -6.89673 29.4178  255 255 255
-68.2531 -6.00898 -21.238  255 255 255
-75.5222 -7.0302 -20.0035  255 255 255
-75.6787 -7.38607 -19.5068  255 255 255
-15.2601 -17.9922 30.4742  255 255 255
-41.1806 -15.061 -12.8424  255 255 255
-14.8323 -18.3572 30.8227  255 255 255
-58.4533 -13.9658 -12.7139  255 255 255
-42.3195 -15.724 -11.9703  255 255 255
-12.8066 -19.4818 32.0579  255 255 255
-70.4939 -14.1002 -12.2594  255 255 255
-0.198751 -23.4326 34.9973  255 255 255
-9.89976 -22.8219 34.9946  255 255 255
-37.6331 -36.8968 13.6185  255 255 255
45.9534 15.1518 -49.0217  255 255 255
-41.5367 -13.8362 -14.2844  255 255 255
-51.8226 -22.7945 -3.13631  255 255 255
-71.497 -23.8314 -0.84802  255 255 255
-41.2711 -5.67528 -23.2368  255 255 255
-70.0114 -14.5329 -11.6439  255 255 255
-54.2988 -25.1164 -0.680203  255 255 255
48.6784 11.2475 -44.6859  255 255 255
-60.592 -4.63378 -23.4204  255 255 255
-65.9308 -8.51068 -19.0188  255 255 255
-39.8733 -16.9935 -10.336  255 255 255
-8.88183 -14.493 34.4504  255 255 255
-41.3677 -40.0814 15.949  255 255 255
-39.0726 -43.5203 19.4222  255 255 255
-39.9254 -44.6481 21.0099  255 255 255
8.51929 26.5605 -61.6429  255 255 255
-83.2113 33.0464 -28.0339  255 255 255
-48.6492 29.4562 -59.194  255 255 255
-45.7294 28.8328 -61.4742  255 255 255
-48.1704 25.6258 -58.4977  255 255 255
-33.9693 18.1487 -50.5709  255 255 255
-46.1717 13.1391 -44.7615  255 255 255
-27.8822 26.4535 -60.8861  255 255 255
